sentence_index,entity_raw,entity_normalised,category,sentence_text
0,Beer,Beer,Individual,"Yes, Mr. Beer."
2,Vennells,Vennells,Individual,"Good morning, Ms. Vennells."
3,Beer,Beer,Individual,"Good morning, Mr. Beer."
8,Deloitte,Deloitte,Organisation,I'd like first to look at the process by which Second Sight were chosen and Deloitte were not to conduct an investigation.
10,Simon Baker,Simon Baker,Individual,"And if we look at the foot of the page, there's an email from Simon Baker— you're not on this chain— to Susan Crichton and Lesley Sewell of 6 June 2012."
10,Susan Crichton,Susan Crichton,Individual,"And if we look at the foot of the page, there's an email from Simon Baker— you're not on this chain— to Susan Crichton and Lesley Sewell of 6 June 2012."
10,Lesley Sewell,Lesley Sewell,Individual,"And if we look at the foot of the page, there's an email from Simon Baker— you're not on this chain— to Susan Crichton and Lesley Sewell of 6 June 2012."
11,Susan,Susan Crichton,Individual,"And he says, Susan, Lesley, attached is Ron's proposal."
11,Lesley,Lesley Sewell,Individual,"And he says, Susan, Lesley, attached is Ron's proposal."
11,Ron,Ron,Individual,"And he says, Susan, Lesley, attached is Ron's proposal."
12,Alice,Alice,Individual,"My view is that we make it clear to Alice and Paula the distinction between the work Ron is proposing, brackets, an independent review of past cases, and the Horizon forensic audit, the Deloitte proposal, and put it on the agenda to discuss tomorrow, which would be the 7th of June."
12,Paula,Vennells,Individual,"My view is that we make it clear to Alice and Paula the distinction between the work Ron is proposing, brackets, an independent review of past cases, and the Horizon forensic audit, the Deloitte proposal, and put it on the agenda to discuss tomorrow, which would be the 7th of June."
12,Ron,Ron,Individual,"My view is that we make it clear to Alice and Paula the distinction between the work Ron is proposing, brackets, an independent review of past cases, and the Horizon forensic audit, the Deloitte proposal, and put it on the agenda to discuss tomorrow, which would be the 7th of June."
12,Deloitte,Deloitte,Organisation,"My view is that we make it clear to Alice and Paula the distinction between the work Ron is proposing, brackets, an independent review of past cases, and the Horizon forensic audit, the Deloitte proposal, and put it on the agenda to discuss tomorrow, which would be the 7th of June."
15,Deloitte,Deloitte,Organisation,"I couldn't recall it at the time, and I think I say in my statement that The Deloitte work, which was named Project Spire, was not something that I remembered, but I can see that there were those 2 alternatives being discussed."
15,Project Spire,Project Spire,Organisation,"I couldn't recall it at the time, and I think I say in my statement that The Deloitte work, which was named Project Spire, was not something that I remembered, but I can see that there were those 2 alternatives being discussed."
16,Second Sight,Second Sight,Organisation,"Can you remember the distinction between them, i.e., what was proposed to be done by Second Sight and what was to be done by Deloitte?"
16,Deloitte,Deloitte,Organisation,"Can you remember the distinction between them, i.e., what was proposed to be done by Second Sight and what was to be done by Deloitte?"
20,Project Spy,Project Spy,Organisation,The Project Spy document is a forensic investigation of the Horizon system.
20,Horizon,Horizon,Technical System,The Project Spy document is a forensic investigation of the Horizon system.
21,Horizon,Horizon,Technical System,"Sorry to interrupt, by a forensic investigation of the Horizon system, is that captured by these words here, a forensic audit?"
23,Horizon,Horizon,Technical System,I would have said a detailed investigation of the Horizon system.
33,Alice Perkins,Alice Perkins,Individual,"And do you see in the box that's at the bottom of the screen there, it's recorded that on the 7th of June 2012, a meeting is held between you, Alice Perkins, Susan Crichton, Alwen Lyons and Simon Baker, where the Deloitte and Second Sight proposals are discussed?"
33,Susan Crichton,Susan Crichton,Individual,"And do you see in the box that's at the bottom of the screen there, it's recorded that on the 7th of June 2012, a meeting is held between you, Alice Perkins, Susan Crichton, Alwen Lyons and Simon Baker, where the Deloitte and Second Sight proposals are discussed?"
33,Alwen Lyons,Alwen Lyons,Individual,"And do you see in the box that's at the bottom of the screen there, it's recorded that on the 7th of June 2012, a meeting is held between you, Alice Perkins, Susan Crichton, Alwen Lyons and Simon Baker, where the Deloitte and Second Sight proposals are discussed?"
33,Simon Baker,Simon Baker,Individual,"And do you see in the box that's at the bottom of the screen there, it's recorded that on the 7th of June 2012, a meeting is held between you, Alice Perkins, Susan Crichton, Alwen Lyons and Simon Baker, where the Deloitte and Second Sight proposals are discussed?"
33,Deloitte,Deloitte,Organisation,"And do you see in the box that's at the bottom of the screen there, it's recorded that on the 7th of June 2012, a meeting is held between you, Alice Perkins, Susan Crichton, Alwen Lyons and Simon Baker, where the Deloitte and Second Sight proposals are discussed?"
35,Second Sight,Second Sight,Organisation,And Second Sight was chosen as the preferred supplier?
37,Deloitte,Deloitte,Organisation,Why was Second Sight proposal preferred to that of Deloitte?
39,Deloitte,Deloitte,Organisation,"I was concerned that any one of the Big Four, Deloitte being one of them, may have come across too corporate and wouldn't necessarily have had the understanding of running a post office for small retail businesses."
45,Project Spire,Project Spire,Organisation,"And the reason I feel sure about that recollection is that when, in preparing for today, I looked at what was called the Project Spire document, I was quite surprised about the detail in it, and one of my reflections now is that actually that would have been a very good piece of work to have done, because it may have brought more data to the fore than we knew."
49,Horizon,Horizon,Technical System,Rather than auditing the Horizon system as a whole?
53,Horizon,Horizon,Technical System,"What would you say to the suggestion that a deliberate choice was made to pick a proposal that was much narrower in scope, that only looked at a sample of past cases rather than auditing the Horizon system as a whole?"
56,Deloitte,Deloitte,Organisation,"You agree, I think, cutting to the chase, that it would have been preferable looking back now had Deloitte been chosen, because their proposal may or even would have brought to the surface, if carried through to its conclusion, many of the issues that were subsequently discovered?"
59,Deloitte,Deloitte,Organisation,"Whether Deloitte would in fact have surfaced some of the other important areas that Second Sight did, I don't know, because I think one of the other outcomes of this has been the right decision, was looking at the contract, and that may not have surfaced through the Deloitte work, which was particularly focused on the system itself."
59,Sight,Second Sight,Organisation,"Whether Deloitte would in fact have surfaced some of the other important areas that Second Sight did, I don't know, because I think one of the other outcomes of this has been the right decision, was looking at the contract, and that may not have surfaced through the Deloitte work, which was particularly focused on the system itself."
61,Second Sight,Second Sight,Organisation,"reference, or at least an early copy of the terms of reference that were settled for Second Sight, poll 3096576."
68,Horizon,Horizon,Technical System,"The sample needs to cover cases where defendants claim they didn't take any cash, where assertions have been made that the system, i.e., Horizon, caused the shortage, including old and new versions of Horizon if possible, and which have been taken up by MPs."
69,Horizon,Horizon,Technical System,"And then if you look at the last— the second-to-last bullet point, study and selectively test the Horizon system in order to find any black hole, programme bug, etcetera, that might have caused mysterious shortages."
70,Horizon,Horizon,Technical System,"What's described there, selecting a representative sample of cases that led to prosecutions or court-appointed restitutions, systems and then study and selectively test the Horizon system in order to find bugs, for shorthand, that may have caused mysterious shortages, was exactly what was needed, wasn't it?"
73,the Post Office,Post Office,Organisation,"The work that Second Sight— well, the Post Office and Second Sight did over this quite a long period of time, didn't come to a final conclusion, no."
73,Second Sight,Second Sight,Organisation,"The work that Second Sight— well, the Post Office and Second Sight did over this quite a long period of time, didn't come to a final conclusion, no."
83,the Post Office,Post Office,Organisation,We'll see how things got changed by the Post Office.
86,the Court of Appeal,the Court of Appeal,Organisation,"Would you agree that if what is described here in those 2 bullet points that I have identified had in fact been undertaken, again there is, to use the may word, a possibility that the decade that followed until faults in Horizon and the miscarriages of justice identified by the Court of Appeal may have been discovered earlier?"
88,Susan Crichton,Susan Crichton,Individual,"I saw in the inquiry documentation that there is a piece of advice that Susan Crichton sought from Richard Morgan QC, where he said that he thought that the advice was that the Post Office really shouldn't get into this at all because it would be a no-win situation."
88,Richard Morgan QC,Richard Morgan QC,Individual,"I saw in the inquiry documentation that there is a piece of advice that Susan Crichton sought from Richard Morgan QC, where he said that he thought that the advice was that the Post Office really shouldn't get into this at all because it would be a no-win situation."
88,the Post Office,Post Office,Organisation,"I saw in the inquiry documentation that there is a piece of advice that Susan Crichton sought from Richard Morgan QC, where he said that he thought that the advice was that the Post Office really shouldn't get into this at all because it would be a no-win situation."
96,Richard Morgan's,Richard Morgan's,Individual,"I.e., had you— and I think you mean the executive and the board— known about Richard Morgan's advice, you may have approached things differently in what way?"
99,the Post Office,Post Office,Organisation,"Let's look at what the Post Office did in relation, in particular, to Criminal cases."
99,Criminal,Criminal,Organisation,"Let's look at what the Post Office did in relation, in particular, to Criminal cases."
104,Alice Perkins,Alice Perkins,Individual,"There is an email from Alice Perkins of 9 June, 9:36, to you."
108,MPs,MPs,Organisation,"I am clear that we should include all, in capital letters, the MPs' cases, irrespective of whether they have been decided in court."
116,Olwen,Olwen,Organisation,"And then if we go a little bit further up, Olwen replies to you, and I think to you alone, Paula, in case Susan doesn't pick up— pick this up as she's in Berlin and before you speak to Alice."
116,Paula,Vennells,Individual,"And then if we go a little bit further up, Olwen replies to you, and I think to you alone, Paula, in case Susan doesn't pick up— pick this up as she's in Berlin and before you speak to Alice."
116,Susan,Susan Crichton,Individual,"And then if we go a little bit further up, Olwen replies to you, and I think to you alone, Paula, in case Susan doesn't pick up— pick this up as she's in Berlin and before you speak to Alice."
116,Alice,Alice,Individual,"And then if we go a little bit further up, Olwen replies to you, and I think to you alone, Paula, in case Susan doesn't pick up— pick this up as she's in Berlin and before you speak to Alice."
117,Mishra,Mishra,Individual,The issue that came to light with the list of MP cases was that they included the Mishra— I think that's Seema Misra.
117,Seema Misra,Seema Misra,Individual,The issue that came to light with the list of MP cases was that they included the Mishra— I think that's Seema Misra.
122,Susan,Susan Crichton,Individual,"Susan's anxiety, and she raised this at the meeting with Alice before you joined, was whether now contacting her to tell her we review the case would be a red rag to a bull."
122,Alice,Alice,Individual,"Susan's anxiety, and she raised this at the meeting with Alice before you joined, was whether now contacting her to tell her we review the case would be a red rag to a bull."
123,Alice,Alice,Individual,"Alice feels this is the business pushing back unnecessarily, and she feels this happened throughout the process, and she is having to keep pushing us."
124,Susan,Susan Crichton,Individual,Susan's getting a external advice on the effect that this would have on cases which have been brought through the courts.
126,Alice Perkins,Alice Perkins,Individual,"Did you agree with Alice Perkins that all cases should be included in the independent review, even if they involved criminal convictions?"
128,Alice Perkins,Alice Perkins,Individual,Did you agree with Alice Perkins that the business was pushing back unnecessarily against that?
129,Alice,Alice,Organisation,"I don't think I knew that, and I think this was— so the bit of admin that we skipped over is I say that I'll call Alice, which I did, and I think she explained to me the conversation that she had had."
131,Chair,Chair,Individual,Who would be the business that was pushing back unnecessarily against the Chair?
132,Susan,Susan Crichton,Individual,"Well, the only thing that I can think is relating back to this piece of advice that Susan sought from Richard Morgan, which was very clear advice to her, and one assumes that she would have— she was in a meeting, she discussed it in a meeting, and one assumes that that must have alerted her to maybe needing to take different approaches with cases like Mrs Misra's, for instance, but I wasn't involved in those conversations."
132,Richard Morgan,Richard Morgan,Individual,"Well, the only thing that I can think is relating back to this piece of advice that Susan sought from Richard Morgan, which was very clear advice to her, and one assumes that she would have— she was in a meeting, she discussed it in a meeting, and one assumes that that must have alerted her to maybe needing to take different approaches with cases like Mrs Misra's, for instance, but I wasn't involved in those conversations."
132,Mrs Misra's,Mrs Misra's,Organisation,"Well, the only thing that I can think is relating back to this piece of advice that Susan sought from Richard Morgan, which was very clear advice to her, and one assumes that she would have— she was in a meeting, she discussed it in a meeting, and one assumes that that must have alerted her to maybe needing to take different approaches with cases like Mrs Misra's, for instance, but I wasn't involved in those conversations."
133,Susan,Susan Crichton,Individual,"I'm not sure, there is a further pushback, I can't remember if it's before this or after, where the terms of reference which are prepared by, again I think Susan, refer to defence documents and Alice comes back and says no, it should be all of the documentation."
133,Alice,Alice,Individual,"I'm not sure, there is a further pushback, I can't remember if it's before this or after, where the terms of reference which are prepared by, again I think Susan, refer to defence documents and Alice comes back and says no, it should be all of the documentation."
134,Susan Crichton,Susan Crichton,Individual,So the business here you take— pushing back unnecessarily— you take to mean shorthand for Susan Crichton?
136,Susan Crichton,Susan Crichton,Individual,"team, yes, I think it was Susan Crichton and Hugh Flemington who were at the meeting."
136,Hugh Flemington,Hugh Flemington,Individual,"team, yes, I think it was Susan Crichton and Hugh Flemington who were at the meeting."
137,Alice,Alice,Individual,"It says that this has happened, or it's Alice's view that this has happened throughout the process."
139,Alice,Alice,Organisation,"Not until I spoke to Alice, which I did I think on the Saturday morning."
141,Mrs Misra's,Mrs Misra's,Organisation,Did you think that Mrs Misra's case should be included in an independent review?
144,Ms Crichton's,Ms Crichton's,Individual,Did you share Ms Crichton's concerns recorded here that even contacting Ms Misra would be a red rag to a bull?
144,Ms Misra,Ms Misra,Organisation,Did you share Ms Crichton's concerns recorded here that even contacting Ms Misra would be a red rag to a bull?
145,Post Office,Post Office,Organisation,No. Did you know that Post Office was getting external advice on the effect that bringing such cases within the review would have?
146,Alwyn,Alwen Lyons,Individual,"Well, clearly I did, in the sense that Alwyn mentions it in the final line on this email."
148,Susan,Susan Crichton,Individual,"If Susan was seeking advice on something of a legal nature, A, I would expect her to do that, and then I would listen to whatever that advice was."
149,Post Office,Post Office,Organisation,Do you know what external advice the Post Office did take regarding the effect of including cases like Seema Misra's in the independent review?
149,Seema Misra's,Seema Misra,Individual,Do you know what external advice the Post Office did take regarding the effect of including cases like Seema Misra's in the independent review?
151,Richard Morgan,Richard Morgan,Individual,I certainly didn't see the Richard Morgan advice.
155,Beer,Beer,Individual,"date readily to hand to remind me of when that was, Mr. Beer?"
162,Board,Board,Organisation,"Did you and therefore the Board take the— not take the advice given, as you now know, by Richard Morgan and Casey into account in deciding the scope of Second Sight's review?"
162,Richard Morgan,Richard Morgan,Individual,"Did you and therefore the Board take the— not take the advice given, as you now know, by Richard Morgan and Casey into account in deciding the scope of Second Sight's review?"
162,Casey,Casey,Individual,"Did you and therefore the Board take the— not take the advice given, as you now know, by Richard Morgan and Casey into account in deciding the scope of Second Sight's review?"
162,Sight,Second Sight,Organisation,"Did you and therefore the Board take the— not take the advice given, as you now know, by Richard Morgan and Casey into account in deciding the scope of Second Sight's review?"
163,Alice Perkins,Alice Perkins,Individual,"No, I don't believe— you would have to ask Alice Perkins, but I don't believe that Alice Perkins or the Board knew of that advice."
163,Board,Board,Organisation,"No, I don't believe— you would have to ask Alice Perkins, but I don't believe that Alice Perkins or the Board knew of that advice."
164,Susan,Susan Crichton,Individual,"But Susan had had a conversation with Alice that I was not involved in, so it's possible it was shared in that meeting, but my understanding is not."
164,Alice,Alice,Individual,"But Susan had had a conversation with Alice that I was not involved in, so it's possible it was shared in that meeting, but my understanding is not."
168,David Oliver,David Oliver,Individual,"This is a minute, I think, from, as we can see, David Oliver to you, copied to others, of 5 February 2013."
169,David Oliver,David Oliver,Individual,Could you explain who David Oliver was?
170,David Oliver,David Oliver,Individual,"David Oliver, I believe, was on a short-term contract, maybe a year or two."
171,PA Consulting,PA Consulting,Organisation,He was either a consultant with PA Consulting or had left them and came to the Post Office and was working on the Project Sparrow work.
171,the Post Office,Post Office,Organisation,He was either a consultant with PA Consulting or had left them and came to the Post Office and was working on the Project Sparrow work.
177,the Post Office,Post Office,Organisation,He sends this minute to you and others regarding essentially options that the Post Office could take to deliver the scheme in a timely fashion.
181,Post Office,Post Office,Organisation,We identified 3 broad courses of action that might be taken to improve the ability of Post Office successfully to deliver the mediation scheme in a timely fashion.
182,Second Sight,Second Sight,Organisation,"Can we look at page 2, please, and scroll down to what was the 3rd option, Plan C, a contingency plan to replace Second Sight if they refuse to work on the scheme under terms which the Post Office find acceptable."
182,Post Office,Post Office,Organisation,"Can we look at page 2, please, and scroll down to what was the 3rd option, Plan C, a contingency plan to replace Second Sight if they refuse to work on the scheme under terms which the Post Office find acceptable."
183,Grant Thornton,Grant Thornton,Individual,Engagement of a professional accountancy firm such as Grant Thornton to replace Second Sight entirely.
183,Second Sight,Second Sight,Organisation,Engagement of a professional accountancy firm such as Grant Thornton to replace Second Sight entirely.
184,Sight,Second Sight,Organisation,It's possible that Second Sight will refuse to work under the proposed terms of engagement from the Post Office.
184,the Post Office,Post Office,Organisation,It's possible that Second Sight will refuse to work under the proposed terms of engagement from the Post Office.
185,Post,Post,Organisation,"Office, and that they may attempt to insist terms that neither you or the Post— or the Board can accept."
185,Board,Board,Organisation,"Office, and that they may attempt to insist terms that neither you or the Post— or the Board can accept."
186,Post Office,Post Office,Organisation,"In this scenario, they may either walk away from the scheme or Post Office may have to end their engagement."
192,Sight,Second Sight,Organisation,"By this time, was it anticipated that Second Sight would refuse to work under the terms of engagement that the Post Office required?"
192,Post Office,Post Office,Organisation,"By this time, was it anticipated that Second Sight would refuse to work under the terms of engagement that the Post Office required?"
197,Sight,Second Sight,Organisation,A was clarification of Second Sight's engagement.
207,Bates,Alan Bates,Individual,"If we just look at the foot of page 1, we'll see an email from Mr Bates to you of 21 May 2013."
208,Paula,Vennells,Individual,"And he says, hello, Paula, it's been a while since we met at James R. Buttnott's office, but at that time you did say that if I had any concerns I should contact you directly, hence the reason for this email."
208,James R. Buttnott's,James R. Buttnott's,Individual,"And he says, hello, Paula, it's been a while since we met at James R. Buttnott's office, but at that time you did say that if I had any concerns I should contact you directly, hence the reason for this email."
209,Kay Lynell,Kay Lynell,Individual,Would it be possible for Kay Lynell and I to meet you?
210,Kay,Kay Lynell,Individual,"You'll recall that Kay is an independent forensic accountant who, on behalf of JFSA, has been monitoring the work Second Sight has been undertaking."
210,Second Sight,Second Sight,Organisation,"You'll recall that Kay is an independent forensic accountant who, on behalf of JFSA, has been monitoring the work Second Sight has been undertaking."
214,the Post Office,Post Office,Organisation,I've little doubt it's now feasible to show that many of the prosecutions that the Post Office has pressed home should never have taken place.
215,Kay,Kay Lynell,Individual,I believe this is a view shared by Kay.
217,Bates,Alan Bates,Individual,But why Mr Bates was saying that it was feasible that many prosecutions that the Post Office had undertaken should never have taken place?
217,the Post Office,Post Office,Organisation,But why Mr Bates was saying that it was feasible that many prosecutions that the Post Office had undertaken should never have taken place?
223,Post Office,Post Office,Organisation,"Maybe not too long after this, but as we were approaching the production of the interim I remember being surprised about some of the conclusions that were being reached, because the criticisms from Post Office were that their work hadn't been taken into account."
224,Post Office's,Post Office,Organisation,"So I think at this stage, possibly not, other than feedback that the work was going too slowly and Post Office's input either hadn't taken place or Second Sight— there were concerns being raised perhaps that Second Sight were not taking account of it."
225,the Post Office,Post Office,Organisation,"Would you have been very concerned reading an email like this, that the person representing a key stakeholder, JFSA, was saying that the prosecutions, and many of them, that the Post Office had brought ought never to have taken place?"
226,Alan,Alan,Individual,"I was concerned to get the email from Alan, certainly."
228,Bates,Alan Bates,Individual,"Is that how you would have thought of it, that this is just Mr Bates saying something that he's always said?"
230,Bates,Alan Bates,Individual,"I think that I went back to my team and said— because I had said to Mr Bates that if he needed to, he should get in touch."
232,Bates,Alan Bates,Individual,"You know, I've offered to meet Mr Bates."
244,Susan Crichton,Susan Crichton,Individual,"At this stage I would have talked to whoever was leading the work on this, so Susan Crichton, Alwen Lyons, I can't remember who else, Simon Baker, presumably David Oliver whose name we've seen."
244,Alwen Lyons,Alwen Lyons,Individual,"At this stage I would have talked to whoever was leading the work on this, so Susan Crichton, Alwen Lyons, I can't remember who else, Simon Baker, presumably David Oliver whose name we've seen."
244,Simon Baker,Simon Baker,Individual,"At this stage I would have talked to whoever was leading the work on this, so Susan Crichton, Alwen Lyons, I can't remember who else, Simon Baker, presumably David Oliver whose name we've seen."
244,David Oliver,David Oliver,Individual,"At this stage I would have talked to whoever was leading the work on this, so Susan Crichton, Alwen Lyons, I can't remember who else, Simon Baker, presumably David Oliver whose name we've seen."
245,Bates,Alan Bates,Individual,"Were you then getting feedback on the state of the investigation by Second Sight in order to be able to say essentially, Mr Bates, you're jumping the gun?"
246,Alan,Alan,Individual,"I'm almost certain that when I got Alan's note that I went to the team and said, I've had this note, what's the current status?"
247,Bates,Alan Bates,Individual,"And as I say here, I would like to meet with Mr Bates."
250,Deloitte,Deloitte,Organisation,"Do you know how it came about that what started as a debate between the choice of Deloitte conducting a full forensic audit of Horizon, Second Sight conducting a review of past cases that would be a representative sample, but include some testing of the integrity of the Horizon system."
250,Horizon,Horizon,Technical System,"Do you know how it came about that what started as a debate between the choice of Deloitte conducting a full forensic audit of Horizon, Second Sight conducting a review of past cases that would be a representative sample, but include some testing of the integrity of the Horizon system."
253,Sight,Second Sight,Organisation,"My recollection is that the team— what I can recall is frustration from the team that the work Second Sight was doing had moved away from focusing on individual cases to development of themes, and what they were trying to do at this stage, and Second Sight as well, to be fair, was to try and corral this back into a piece of work which could have a report which could be fed back to the MPs before we got to recess in just a number of— small number of weeks after this."
254,Second Sight,Second Sight,Organisation,"That's my recollection, and that, that was a— to misuse a word in this context, but that was the theme that ran through, which was Second Sight will focusing on themes rather than on individual cases."
256,the Post Office,Post Office,Organisation,"And so was it the Post Office, in your view, or Second Sight that narrowed focus down to a very small number of cases?"
257,Second Sight,Second Sight,Organisation,"My view is it was both, because both Second Sight and the Post Office had a commitment to Lord Arbuthnot and the MPs to get some work out for people to look at, and we were now very— not quite a year, but sort of 10 months into this."
257,the Post Office,Post Office,Organisation,"My view is it was both, because both Second Sight and the Post Office had a commitment to Lord Arbuthnot and the MPs to get some work out for people to look at, and we were now very— not quite a year, but sort of 10 months into this."
259,Susan Crichton,Susan Crichton,Individual,"Were you aware of a view amongst the lawyers in In particular Susan Crichton, that if we review a large number of cases, that might open the floodgates to damages claims by subpostmasters?"
263,Richard Morgan Casey,Richard Morgan Casey,Individual,"Can we go to the— this is slightly out of order, but it's in order to answer the Chairman's question from earlier, the Richard Morgan Casey advice."
267,Board,Board,Organisation,"And to the best of your knowledge, the Board was not aware?"
269,Alice Perkins,Alice Perkins,Individual,"The only possible— the only person who could possibly be aware, it might have been Alice Perkins in that conversation Susan had had, but actually looking at the date of this, I think this comes afterwards, doesn't it?"
269,Susan,Susan Crichton,Individual,"The only possible— the only person who could possibly be aware, it might have been Alice Perkins in that conversation Susan had had, but actually looking at the date of this, I think this comes afterwards, doesn't it?"
273,Horizon,Horizon,Technical System,"In fact, a decision had been made, it seems, already at the meeting of 7 June 2012, not to instruct an expert to prepare a report, a forensic audit of the Horizon system, hadn't it?"
276,Morgan,Morgan,Individual,"And I'm not going to attribute any of these words to anyone, because when he gave evidence, Mr Morgan took the point that it's not clear that it's him speaking here."
279,Horizon,Horizon,Technical System,It will not be able to address any of the civil or criminal cases dealt with under old Horizon.
280,Horizon,Horizon,Technical System,"Was that advice communicated back to you, that an independent report couldn't look at civil or criminal cases dealt with under old Horizon?"
285,The Post Office,Post Office,Organisation,The Post Office will be damned if they do and damned if they don't.
286,Horizon,Horizon,Technical System,"If the findings are that there are no issues with Horizon, people will see that as a whitewash."
288,Access Legal,Access Legal,Organisation,"Whereas if the findings are negative, that will open the floodgates to damages claims by subpostmasters who were imprisoned for false accounting, and Access Legal— that's part of Shoesmiths— will start to pursue the civil cases they're currently sitting on."
288,Shoesmiths,Shoesmiths,Organisation,"Whereas if the findings are negative, that will open the floodgates to damages claims by subpostmasters who were imprisoned for false accounting, and Access Legal— that's part of Shoesmiths— will start to pursue the civil cases they're currently sitting on."
294,Deloitte,Deloitte,Organisation,We best not ask for the Deloitte report because if it discovers too much we may face damages claims.
298,Second Sight,Second Sight,Organisation,"And as I say, in the meeting where we took the decision to go with Second Sight, I don't remember looking at 2 separate sets of documents and comparing and contrasting."
303,Alwen Lyons,Alwen Lyons,Individual,"And if we scroll down and look at the text, the message from Alwen Lyons, it's dated the 28th of June 2013."
304,the Second Sight Interim Report,the Second Sight Interim Report,Organisation,"We're getting quite close here to the date of the production of the Second Sight Interim Report, aren't we?"
308,Ms Lyons,Ms Lyons,Organisation,"But if you look at the 4th bullet point, Ms Lyons says to you that she is going to spend time with Janet."
308,Janet,Janet,Individual,"But if you look at the 4th bullet point, Ms Lyons says to you that she is going to spend time with Janet."
309,Janet Walker,Janet Walker,Individual,Is that Janet Walker?
311,Janet Walker,Janet Walker,Individual,Remind us who Janet Walker was.
312,Janet Walker,Janet Walker,Individual,Janet Walker was the executive assistant for Lord Arbuthnot.
314,Arbuthnot,James Arbuthnot,Individual,"My approach will be to try and get— sorry, to try to get to understand the status of the review and the risk to Lord Arbuthnot and us of an incomplete interim report."
316,Rod/Leslie,Rod/Leslie,Organisation,"I do think this is the right place to share the bugs we found and how we have dealt with them, which is why the report from Rod/Leslie, checked by legal and Mark, is important."
316,Mark,Mark,Individual,"I do think this is the right place to share the bugs we found and how we have dealt with them, which is why the report from Rod/Leslie, checked by legal and Mark, is important."
317,Janet,Janet,Individual,My objective is to get Janet to a place where she also wants the meeting to be cancelled.
318,Alice Perkins,Alice Perkins,Individual,"And then if we scroll up, please, we'll see your reply sending on to Alice Perkins."
319,Alice,Alice,Individual,"The second paragraph, you'll see below Alice's— Olwen's proposed next steps covers all the ground."
319,Olwen,Olwen,Individual,"The second paragraph, you'll see below Alice's— Olwen's proposed next steps covers all the ground."
321,the Post Office,Post Office,Organisation,On what basis did you understand the Post Office had determined that Second Sight were not using all of the evidence that the Post Office had given them?
327,the Post Office's,Post Office,Organisation,"What I was told is that they hadn't, because this had run on too long, they hadn't yet had time to take account of the Post Office's view in the investigations they were doing."
329,the Post Office,Post Office,Organisation,"Was there any— sorry, I beg your pardon, they may have been getting it wrong because they hadn't yet taken account of the input from the Post Office."
332,Post Office,Post Office,Organisation,"My very clear recollection is this was simply— to describe it more colloquially, the team felt it was unfair because Post Office hadn't had the opportunity to contribute yet."
333,Second Sight,Second Sight,Organisation,"Whether that was true or not, I didn't check that with Second Sight, but what I was told is that the work was so far behind that Second Sight had yet to take account of the Post Office's input."
333,the Post Office's,Post Office,Organisation,"Whether that was true or not, I didn't check that with Second Sight, but what I was told is that the work was so far behind that Second Sight had yet to take account of the Post Office's input."
338,Susan,Susan Crichton,Individual,"Susan, And I think David Oliver, but that's only— I only remember by having seen his name today."
338,David Oliver,David Oliver,Individual,"Susan, And I think David Oliver, but that's only— I only remember by having seen his name today."
339,the Post Office,Post Office,Organisation,What evidence were you told that the Post Office had provided to Second Sight that they were not using or taking account of?
341,Post Office,Post Office,Organisation,"They were looking at a number of— they were looking at a number of cases, is my understanding, and these cases raised different issues, so it would have been whatever data the Post Office needed to present about the issue that was being investigated."
343,Kay Lynell,Kay Lynell,Individual,"I was told that, and I knew, I think, because we had agreed to fund Kay Lynell to support to the JFSA, I was told that they— I think, if I remember the timing correctly, that they had been asked by Lord Arbuthnot to keep the JFSA happy."
344,Post Office,Post Office,Organisation,"And I don't think we had any problem with that until the team began to raise these questions that perhaps because of that second sight were not looking at the Post Office work, but I'm probably now speculating too much, to be fair."
345,Second Sight,Second Sight,Organisation,Did you tell Second Sight that they were being unfair on the Post Office by not taking account of the evidence that the Post Office was giving to them?
345,the Post Office,Post Office,Organisation,Did you tell Second Sight that they were being unfair on the Post Office by not taking account of the evidence that the Post Office was giving to them?
350,Second Sight,Second Sight,Organisation,"Did you tell Second Sight about the Post Office's concerns about its approach, or alleged approach, of keeping the JFSA happy?"
350,the Post Office's,Post Office,Organisation,"Did you tell Second Sight about the Post Office's concerns about its approach, or alleged approach, of keeping the JFSA happy?"
353,Post Office,Post Office,Organisation,"I would hope that the Post Office team— sorry, first of all, I don't think the Post Office team would have said you're trying to keep the subpostmasters happy."
356,Second Sight,Second Sight,Organisation,"But I think the team would undoubtedly have said to Second Sight, there is more information here to be taken account of."
361,Simon Baker,Simon Baker,Individual,An email between Simon Baker and Second Sight with Alwen Lyons copied in.
361,Second Sight,Second Sight,Organisation,An email between Simon Baker and Second Sight with Alwen Lyons copied in.
361,Alwen Lyons,Alwen Lyons,Individual,An email between Simon Baker and Second Sight with Alwen Lyons copied in.
363,Post Office,Post Office,Organisation,I think this is the meeting that we've just seen Post Office was going to try and get cancelled.
364,Ron,Ron,Individual,"Ron, just to ensure that we're on the same page, Paula would like to say we've agreed the following with Second Sight."
364,Paula,Vennells,Individual,"Ron, just to ensure that we're on the same page, Paula would like to say we've agreed the following with Second Sight."
367,Horizon,Horizon,Technical System,"By using the 2 to 3 cases, you'll answer the question: have systemic defects in the Horizon system resulted in the wrongful conviction or suspension of subpostmasters?"
371,the Post Office,Post Office,Organisation,"that the— by late May, the Post Office was proposing that by looking at 2 to 3 cases, Second Sight could answer the very big question: have systemic defects in Horizon resulted in the wrongful conviction or suspension of subpostmasters?"
371,Second Sight,Second Sight,Organisation,"that the— by late May, the Post Office was proposing that by looking at 2 to 3 cases, Second Sight could answer the very big question: have systemic defects in Horizon resulted in the wrongful conviction or suspension of subpostmasters?"
371,Horizon,Horizon,Technical System,"that the— by late May, the Post Office was proposing that by looking at 2 to 3 cases, Second Sight could answer the very big question: have systemic defects in Horizon resulted in the wrongful conviction or suspension of subpostmasters?"
374,Horizon,Horizon,Technical System,"Yes, when the Second Sight interim report was published, One of its initial conclusions was that so far no systemic issues had been found with the Horizon system."
380,Sight,Second Sight,Organisation,Second Sight had been working on this for 10 months now.
382,Horizon,Horizon,Technical System,Why was the proposal to limit the report to determining whether systemic defects in Horizon had resulted in wrongful convictions on the basis of 2 or 3 cases?
385,the Post Office,Post Office,Organisation,"I believe from other documentation I've seen that the recommendation was to choose 2 of the 3— I don't think this was a word, but hardest cases, so not cases that would have presented the Post Office in the best light, but cases which could have been used to challenge the Horizon system and then do that work through."
385,Horizon,Horizon,Technical System,"I believe from other documentation I've seen that the recommendation was to choose 2 of the 3— I don't think this was a word, but hardest cases, so not cases that would have presented the Post Office in the best light, but cases which could have been used to challenge the Horizon system and then do that work through."
387,Horizon,Horizon,Technical System,"How could 2 or 3 cases possibly answer the question, have systemic defects in Horizon generally resulted in the wrongful conviction."
393,Paula,Vennells,Individual,Paula would like to say the following.
400,Ms Venals,Ms Venals,Organisation,"That's exactly what happened, Ms Venals, that the Second Sight report addressed a very small number of cases, it contained the sentence about no systemic defects, and then forever after the Post Office paraded that conclusion."
400,the Post Office,Post Office,Organisation,"That's exactly what happened, Ms Venals, that the Second Sight report addressed a very small number of cases, it contained the sentence about no systemic defects, and then forever after the Post Office paraded that conclusion."
402,the Post Office,Post Office,Organisation,"There is no way the Post Office— first of all, there is no way that I would have wanted to persuade Second Sight on something that they were not prepared to say, and I don't believe Second Sight would ever have agreed to that."
402,Second Sight,Second Sight,Organisation,"There is no way the Post Office— first of all, there is no way that I would have wanted to persuade Second Sight on something that they were not prepared to say, and I don't believe Second Sight would ever have agreed to that."
404,the Post Office,Post Office,Organisation,Isn't that what the Post Office wanted to drive them to?
406,Post Office,Post Office,Organisation,The Post Office most certainly wanted the reassurance that the Horizon system could be relied upon.
406,Horizon,Horizon,Technical System,The Post Office most certainly wanted the reassurance that the Horizon system could be relied upon.
408,the Post Office,Post Office,Organisation,At no stage did I get the sense that anybody in the Post Office was going to be able to influence Second Sight.
411,Second Sight,Second Sight,Organisation,"Did you receive, or the board receive, any advice as to the appropriate scope of an investigation by Second Sight, as to the nature and extent of any investigation that would be required in order to determine whether there were systemic The only information I and the Board had was contained in the terms of reference of the work the second type were doing, which is what we looked at earlier."
411,Board,Board,Organisation,"Did you receive, or the board receive, any advice as to the appropriate scope of an investigation by Second Sight, as to the nature and extent of any investigation that would be required in order to determine whether there were systemic The only information I and the Board had was contained in the terms of reference of the work the second type were doing, which is what we looked at earlier."
412,the Post Office,Post Office,Organisation,"I.e., we, the Post Office, need to engage somebody to produce a report whose conclusions are respectable and truly provide us with the answer?"
416,Second Sight,Second Sight,Organisation,Second Sight didn't produce the report that Project Spire under Deloitte could have produced.
416,Project Spire,Project Spire,Organisation,Second Sight didn't produce the report that Project Spire under Deloitte could have produced.
416,Deloitte,Deloitte,Organisation,Second Sight didn't produce the report that Project Spire under Deloitte could have produced.
417,Sight,Second Sight,Organisation,Second Sight responded to the terms of reference which were agreed with them.
420,Arbuthnot,James Arbuthnot,Individual,That was the initial conversation with Lord Arbuthnot and Alice Perkins.
420,Alice Perkins,Alice Perkins,Individual,That was the initial conversation with Lord Arbuthnot and Alice Perkins.
422,Beer,Beer,Individual,"Before we do, Mr. Beer, can I just be clear about what you are saying about this email?"
423,Vennells,Vennells,Individual,"Ms. Vennells, as I read it, it is a request by Mr. Baker to Mr. Warmington that 4 matters are agreed, and it reads as if he is making that request on your behalf."
423,Baker,Baker,Individual,"Ms. Vennells, as I read it, it is a request by Mr. Baker to Mr. Warmington that 4 matters are agreed, and it reads as if he is making that request on your behalf."
423,Warmington,Ron Warmington,Individual,"Ms. Vennells, as I read it, it is a request by Mr. Baker to Mr. Warmington that 4 matters are agreed, and it reads as if he is making that request on your behalf."
426,Baker,Baker,Individual,So what is your evidence to me about whether Mr Baker was accurately representing what you had told him in this email?
427,Wynne,Wynne,Individual,"Firstly, Sir Wynne, I don't recall the conversation with Simon Baker."
427,Simon Baker,Simon Baker,Individual,"Firstly, Sir Wynne, I don't recall the conversation with Simon Baker."
429,Simon,Simon,Individual,I rarely met with Simon.
430,Susan,Susan Crichton,Individual,"If I did, it was usually with Susan or Alwyn."
430,Alwyn,Alwen Lyons,Individual,"If I did, it was usually with Susan or Alwyn."
433,Horizon,Horizon,Technical System,"I could have said, this is what I want, or he could have said to me, this is where we're at, we think that actually we will get 2 to 3 MP cases done, and I may well have said, will that help us to answer the question about are there systemic defects in the Horizon system?"
435,Simon Baker,Simon Baker,Individual,So I can only assume that has come from a conversation with Simon Baker and/or somebody else.
438,James Arbuthnot,James Arbuthnot,Individual,This is a briefing for you for the meeting that was proposed to be held between you and James Arbuthnot on the 23rd of May.
441,the Post Office,Post Office,Organisation,"And it says under key messages, we're concerned that the investigation is overrunning, the findings will not be definitive and there will be no satisfactory outcome to the horizon question for MPs or the Post Office."
443,Post Office,Post Office,Organisation,"And then under the heading Background, 2.1, when the Post Office commissioned Second Sight, the expectation was that the investigation would review a small number of MP cases, 6 to 12 cases."
443,Second Sight,Second Sight,Organisation,"And then under the heading Background, 2.1, when the Post Office commissioned Second Sight, the expectation was that the investigation would review a small number of MP cases, 6 to 12 cases."
445,the Post Office's,Post Office,Organisation,of the Post Office's expectation when Second Sight were being instructed?
445,Second Sight,Second Sight,Organisation,of the Post Office's expectation when Second Sight were being instructed?
446,Arbuthnot,James Arbuthnot,Individual,"I don't remember today, but we were talking to Lord Arbuthnot and I think 2 or 3 other MPs, so that's entirely possible."
447,the Post Office's,Post Office,Organisation,"Do you know why it was the Post Office's expectation that a smallish number of cases, 6 to 12, 12 would be the limit of Second Sight's review?"
447,Sight,Second Sight,Organisation,"Do you know why it was the Post Office's expectation that a smallish number of cases, 6 to 12, 12 would be the limit of Second Sight's review?"
450,James Arbuthnot,James Arbuthnot,Individual,With James Arbuthnot and the team working on it.
456,the Post Office's,Post Office,Organisation,"Was that the Post Office's understanding when it was commissioning Second Sight, that that's the work that it would be undertaking?"
456,Second Sight,Second Sight,Organisation,"Was that the Post Office's understanding when it was commissioning Second Sight, that that's the work that it would be undertaking?"
470,the Post Office,Post Office,Organisation,"No, I don't think that was my understanding at all at any time throughout this, and the inquiry will see there is further documentation where I have— I'm exhorting the Post Office and Second Sight to move through the cases because I wanted the cases looked at."
470,Second Sight,Second Sight,Organisation,"No, I don't think that was my understanding at all at any time throughout this, and the inquiry will see there is further documentation where I have— I'm exhorting the Post Office and Second Sight to move through the cases because I wanted the cases looked at."
472,Second Sight's,Second Sight,Organisation,"A number of cases had come through, I think from MPs, and there was some debate about whether there was sufficient information and quality of information to be able to do any work on them at all, and that was Second Sight's view."
474,Post Office,Post Office,Organisation,Did the Post Office subsequently present Second Sight's interim report as a definitive view that there were no systemic errors or failures in Horizon?
474,Sight,Second Sight,Organisation,Did the Post Office subsequently present Second Sight's interim report as a definitive view that there were no systemic errors or failures in Horizon?
475,The Post Office,Post Office,Organisation,"The Post Office presented it sometimes definitively and sometimes less so, yes."
477,Horizon,Horizon,Technical System,"No, I think what happened is that when the interim report was published and it said it was an interim report and so far it had found no systemic issues with Horizon, that was reported sometimes in communications saying so far they had found none, and there is documentation where I'm asked about, or maybe I offered the view that actually the qualification was so far, and there are other communications which may simply be inconsistency of communication, I don't know, which simply says they had found nothing systemic."
479,James Arbuthnot,James Arbuthnot,Individual,"Proposal, James Arbuthnot to request Second Sight to complete the investigations on 2 to 3 MPs' cases, selecting the ones they feel best indicate systemic problems."
479,Second Sight,Second Sight,Organisation,"Proposal, James Arbuthnot to request Second Sight to complete the investigations on 2 to 3 MPs' cases, selecting the ones they feel best indicate systemic problems."
485,James Arbuthnot,James Arbuthnot,Individual,This was a briefing to you of what you should say and seek to achieve in a meeting with James Arbuthnot?
489,James Arbuthnot,James Arbuthnot,Individual,"that James Arbuthnot should be asked to persuade Second Sight to wind their investigation up on 2 to 3 cases, and those 2 to 3 cases would answer the question, have systemic defects resulted in the wrongful conviction of subpostmasters?"
489,Second Sight,Second Sight,Organisation,"that James Arbuthnot should be asked to persuade Second Sight to wind their investigation up on 2 to 3 cases, and those 2 to 3 cases would answer the question, have systemic defects resulted in the wrongful conviction of subpostmasters?"
492,James Arbuthnot,James Arbuthnot,Individual,"Had by this stage, in readiness for the meeting with James Arbuthnot on 23 May 2013, you signed up to the idea that he would be asked to persuade Second Sight or request Second Sight to wind their investigation up?"
492,Second Sight,Second Sight,Organisation,"Had by this stage, in readiness for the meeting with James Arbuthnot on 23 May 2013, you signed up to the idea that he would be asked to persuade Second Sight or request Second Sight to wind their investigation up?"
493,Horizon,Horizon,Technical System,"on the basis of 2 to 3 MP cases answering the question, have systemic defects in Horizon resulted in the wrongful conviction of some postmasters?"
497,MPs,MPs,Organisation,My understanding was that this— we had made a commitment to the MPs and all the way through this I wanted all of the cases looked at.
498,James Arbuthnot,James Arbuthnot,Individual,We've seen now an email that attributes to you suggestion that you wanted to agree this with James Arbuthnot and a speaking note or a briefing note saying the same thing?
501,Horizon,Horizon,Technical System,"focus on answering the question, have systemic defects in Horizon resulted in the wrongful conviction of subpostmasters, by reference to 2 to 3 cases?"
510,Martin Edwards,Martin Edwards,Individual,An email from Martin Edwards.
511,Edwards,Edwards,Individual,"Can you explain who Mr Edwards was at this time, July 13th?"
512,Martin Edwards,Martin Edwards,Individual,Martin Edwards was my Chief of Staff.
523,Horizon,Horizon,Technical System,"In line with our discussion on Monday's Board call, we understand they've not found any evidence yet of systemic issues with the Horizon system, and it should be noted that this is based on a detailed review of their 4 best cases in terms of compelling evidence."
524,Horizon,Horizon,Technical System,"So by this time I think you had drawn a link between a review of a small number of cases, it's got up to 4, and whether there were systemic issues with Horizon?"
526,Second Sight,Second Sight,Organisation,Second Sight were prepared to say that there were no systemic issues with Horizon generally on the basis of looking at 4 cases?
526,Horizon,Horizon,Technical System,Second Sight were prepared to say that there were no systemic issues with Horizon generally on the basis of looking at 4 cases?
530,the Post Office,Post Office,Organisation,"Second Sight themselves, I think, refer to it as something that might have a broad impact across the Post Office or across the system, I can't remember, but you will have the reference."
535,the Post Office Board,the Post Office Board,Organisation,Was there a shared understanding between you and the Post Office Board as to what systemic issues meant?
537,Post Office,Post Office,Organisation,Was there a shared understanding between you and the Post Office team that were leading on the work with Second Sight as to what systemic issues meant?
537,Second Sight,Second Sight,Organisation,Was there a shared understanding between you and the Post Office team that were leading on the work with Second Sight as to what systemic issues meant?
543,Vennells,Vennells,Individual,"Ms. Vennells, can we turn, please, Can we look please to some documents that may provide some insight into your approach and decision-making in relation to the Post Office's decision not to review all past convictions in the light of what was emerging from Second Sight?"
543,the Post Office's,Post Office,Organisation,"Ms. Vennells, can we turn, please, Can we look please to some documents that may provide some insight into your approach and decision-making in relation to the Post Office's decision not to review all past convictions in the light of what was emerging from Second Sight?"
547,Lesley,Lesley Sewell,Individual,"Lesley, Sue, Martin Edwards, Mark Davies, Alwyn Lyon, Susan Crichton."
547,Sue,Sue,Individual,"Lesley, Sue, Martin Edwards, Mark Davies, Alwyn Lyon, Susan Crichton."
547,Martin Edwards,Martin Edwards,Individual,"Lesley, Sue, Martin Edwards, Mark Davies, Alwyn Lyon, Susan Crichton."
547,Mark Davies,Mark Davies,Individual,"Lesley, Sue, Martin Edwards, Mark Davies, Alwyn Lyon, Susan Crichton."
547,Alwyn Lyon,Alwyn Lyon,Individual,"Lesley, Sue, Martin Edwards, Mark Davies, Alwyn Lyon, Susan Crichton."
547,Susan Crichton,Susan Crichton,Individual,"Lesley, Sue, Martin Edwards, Mark Davies, Alwyn Lyon, Susan Crichton."
551,Susan,Susan Crichton,Individual,"Susan, I need your thoughts on the note below, especially 1 and 2, please, and the questions at the end of the mail."
554,Post Office,Post Office,Organisation,This comprises the Post Office working collaborators collaboratively with the JFSA and does 3 things.
559,the Post Office,Post Office,Organisation,"And then this, thirdly, our external lawyers review all prosecutions in the past 12 to 18 months since the Post Office has been independent of Royal Mail in the light of the Second Sight findings?"
559,Royal Mail,Royal Mail,Organisation,"And then this, thirdly, our external lawyers review all prosecutions in the past 12 to 18 months since the Post Office has been independent of Royal Mail in the light of the Second Sight findings?"
560,Working Group,Working Group,Organisation,"The JFSA Post Office Working Group reviews the findings, and then in square brackets, why would they not review all cases of false accounting, e.g., over the last 5 to 10 years, especially where amounts have been small?"
562,James Arbuthnot,James Arbuthnot,Individual,It's the false accounting charge that James Arbuthnot was most concerned about.
567,James R. Bothnaut,James R. Bothnaut,Individual,—to the JFSA and James R. Bothnaut for highlighting the issues.
568,Post Office,Post Office,Organisation,"Many are historic and already improved, but we're always open to new ways to improve how we do business, to ensure the Post Office stays as trusted and effective in its communities as it ever was."
569,Alan Bates,Alan Bates,Individual,"So going back— and sorry, you say, can we draft this into something I could send to Alan Bates?"
574,Susan,Susan Crichton,Individual,"Susan, would we ever ask the lawyers to consider reviewing past prosecutions?"
584,Bates,Alan Bates,Individual,"I don't remember, and if I might just add, in case there's any confusion, the description muddle-headed was one that Mr Bates had used, that wasn't a word I had picked that up, but in terms of answering your question specifically, I can't recall why 12 to 18 months."
585,Board,Board,Organisation,There was a question raised by the Board at some stage as to— These are your proposals though?
589,Alan Bates,Alan Bates,Individual,"And said we've got the following, which is a variant, and you've said can this be drawn up into a document that can be sent to Alan Bates?"
595,Susan,Susan Crichton,Individual,It could only have been Susan.
598,Board,Board,Organisation,"What I was just trying to say is that the Board had asked at some stage, but I'm not sure if it was at this point, whether the company— and this is also in the Isaac Perkins statement— had conducted any prosecutions which had relied solely on Horizon, because there was a concern clearly because of the issues that were being raised by Lord Arbuthnot that the Board didn't want to be taking prosecutions until the various investigations had been seen through, but I don't know whether that was anything to do with this particular point."
598,Isaac Perkins,Isaac Perkins,Individual,"What I was just trying to say is that the Board had asked at some stage, but I'm not sure if it was at this point, whether the company— and this is also in the Isaac Perkins statement— had conducted any prosecutions which had relied solely on Horizon, because there was a concern clearly because of the issues that were being raised by Lord Arbuthnot that the Board didn't want to be taking prosecutions until the various investigations had been seen through, but I don't know whether that was anything to do with this particular point."
598,Horizon,Horizon,Technical System,"What I was just trying to say is that the Board had asked at some stage, but I'm not sure if it was at this point, whether the company— and this is also in the Isaac Perkins statement— had conducted any prosecutions which had relied solely on Horizon, because there was a concern clearly because of the issues that were being raised by Lord Arbuthnot that the Board didn't want to be taking prosecutions until the various investigations had been seen through, but I don't know whether that was anything to do with this particular point."
600,Susan,Susan Crichton,Individual,"If I have collated this from information from colleagues, that could only have come from Susan, I think."
607,the Post Office,Post Office,Organisation,It says review all prosecutions in the past 12 to 18 months since the Post Office has been independent of Royal Mail.
607,Royal Mail,Royal Mail,Organisation,It says review all prosecutions in the past 12 to 18 months since the Post Office has been independent of Royal Mail.
609,Board,Board,Organisation,"No, I think that is my point about the question that was raised in the Board, because the Board had only been in place post— since the Post Office had been independent of Royal Mail."
609,the Post Office,Post Office,Organisation,"No, I think that is my point about the question that was raised in the Board, because the Board had only been in place post— since the Post Office had been independent of Royal Mail."
609,Royal Mail,Royal Mail,Organisation,"No, I think that is my point about the question that was raised in the Board, because the Board had only been in place post— since the Post Office had been independent of Royal Mail."
619,the Post Office,Post Office,Organisation,The scheme was opened to 150 cases that came forwards and the Post Office advertised across the network for any postmasters who wanted to come into the scheme and put their— and have their cases reviewed.
620,Post Office,Post Office,Organisation,"So my understanding at the time is that we were open to however many postmasters came forwards, but in terms of specifically the Post Office legal team and its lawyers going back and looking at all the cases, that wasn't the work that was in place."
623,the Post Office,Post Office,Organisation,"Here you're suggesting that the Post Office itself, through external lawyers, proactively review all cases of false accounting going back up to a decade."
628,Mark Davis,Mark Davis,Individual,"We're going to come to the answers, the narrow answers, and essentially we're going to find out that Mark Davis, the PR guy, said it's very dangerous."
630,MPs,MPs,Organisation,"I was asking the question to do this work the right way, and my understanding and acceptance of what was proposed, which was accepted by the MPs and everybody else involved, was that the mediation scheme was the right way through."
631,CCRC,CCRC,Organisation,I think we see other documentation that sees cases go to the CCRC.
632,the Court of Appeal,the Court of Appeal,Organisation,There is documentation that says cases can't be resolved through mediation in the scheme and they would need to go through the Court of Appeal.
638,Board,Board,Organisation,"At the time, I and the Board and everybody else involved in what succeeded after this particular point— sorry, wrong word— what took place after this particular point felt that that was completely the right way to do this."
655,Paula,Vennells,Individual,"Hi, Paula, could we have a word at some point today to discuss this, and specifically how far we go in terms of the wording below?"
664,James Arbuthnot,James Arbuthnot,Individual,"It would also give James Arbuthnot, a very strong case for asking for a parliamentary statement from BIS."
664,BIS,BIS,Organisation,"It would also give James Arbuthnot, a very strong case for asking for a parliamentary statement from BIS."
666,AB,AB,Organisation,It would have the ballistic impact which AB fears.
667,Horizon,Horizon,Technical System,"It would lead to a very public narrative about the very nature of the business, raising questions about Horizon, the reality of what Second Sight has town would be misunderstood and having an impact on public views about the Post Office and really widening the issue to the whole network."
667,the Post Office,Post Office,Organisation,"It would lead to a very public narrative about the very nature of the business, raising questions about Horizon, the reality of what Second Sight has town would be misunderstood and having an impact on public views about the Post Office and really widening the issue to the whole network."
668,Davis,Davis,Individual,Do you agree that Mr Davis is here giving you personal advice on the extent to which past convictions are reviewed on the basis of the extent of the media coverage that each decision might generate?
669,Post Office,Post Office,Organisation,"My understanding at the time was that he, and I think the Post Office generally, and we've seen similar comments from the Chairman as well, believed we were dealing with a small number of cases, and the numbers that were coming forward seemed to, at that stage— clearly more came later— seemed to indicate that was the case."
670,Mark Davies,Mark Davies,Organisation,"And the inquiry heard from Mark Davies last week, I think, where he explained— and that was my understanding at the time— that what he was trying to do was to minimise misinterpretation."
672,the Post Office,Post Office,Organisation,"But at the time, that wasn't what the Post Office thought, and I think what he was trying to do here was to, as I say, to minimise misinterpretation and exaggeration in the media."
682,Ms Vennells,Vennells,Individual,"Isn't he directly saying— Yes, I can see that that's what he's saying, but my My mindset at the time when I received this is that we were working on specific cases that were coming forwards and we opened up— No, no, no, hold on, Ms Vennells."
694,Davis,Davis,Individual,Did you remain in contact with Mr Davis after you left Post Office?
694,Post Office,Post Office,Organisation,Did you remain in contact with Mr Davis after you left Post Office?
699,Davis,Davis,Individual,"I had kept in touch with Mr Davis for reasons that, um, were very personal to him and I think he offered that advice at the time."
700,Davis,Davis,Individual,To what extent did what Mr Davis advised here affect your decision-making?
705,Mark,Mark,Individual,"Mark, thanks for this."
718,James Arbuthnot,James Arbuthnot,Individual,"The second is to make sure we do address the concerns of James Arbuthnot and Alan Bates, mainly looking forwards, but we should be aware of Alan Bates' driver is really justice for the past, otherwise they will call for reopening cases."
718,Alan Bates,Alan Bates,Individual,"The second is to make sure we do address the concerns of James Arbuthnot and Alan Bates, mainly looking forwards, but we should be aware of Alan Bates' driver is really justice for the past, otherwise they will call for reopening cases."
718,Alan Bates',Alan Bates',Individual,"The second is to make sure we do address the concerns of James Arbuthnot and Alan Bates, mainly looking forwards, but we should be aware of Alan Bates' driver is really justice for the past, otherwise they will call for reopening cases."
720,Alan Bates,Alan Bates,Individual,"It may be that we get to manage Alan Bates and James Arbuthnot by playing on the go-ballistic view, i.e., I'll meet him privately to hear his views about these cases, but we cannot refer to anything in relation to past convictions, any challenge must be— must go via normal legal routes."
720,James Arbuthnot,James Arbuthnot,Individual,"It may be that we get to manage Alan Bates and James Arbuthnot by playing on the go-ballistic view, i.e., I'll meet him privately to hear his views about these cases, but we cannot refer to anything in relation to past convictions, any challenge must be— must go via normal legal routes."
722,the Second Sight Interim Report,the Second Sight Interim Report,Organisation,"The media issue related to, I believe, Because we were right on the day or the day before the release of the Second Sight Interim Report, and that's my recollection that that is the media conversation that we were having."
726,Post Office,Post Office,Organisation,"I'm pretty sure that was in relation to the interim report which was due out any time, which as the inquiry has seen and heard from other people, there were issues in that report which the Post Office disagreed with and the team felt Second Sight hadn't taken account of."
728,Mark,Mark,Individual,"No, no, what you're saying here is you're right, Mark, we will put the past behind us, we won't look at past cases, we'll focus on the future?"
735,the Court of Appeal,the Court of Appeal,Organisation,"There were other conversations going on at the same time as this exchange with colleagues, and it was very clear that any cases that included criminal convictions would need to go through the Court of Appeal and the normal legal routes."
738,the Post Office,Post Office,Organisation,"Do you accept that this exchange of emails files shows that in making decisions as to the substance, as to what the Post Office should do, i.e., whether it itself should seek to review whether there had been past miscarriages of justice, you took into account the views of your media adviser as to the extent to which your decision would meet with front-page news."
746,the Post Office,Post Office,Organisation,"What I was trying to do at this stage was to find a way forwards through the cases that had come into the Post Office and to encourage more to come forwards, which would have enabled any case to go through normal legal routes if the Post Office couldn't help it."
754,Second Sight,Second Sight,Organisation,"Well, as I see it in simple terms, Second Sight began by investigating in the context of a number of cases."
757,Second Sight,Second Sight,Organisation,"And I'm not sure, as of this date, i.e., at or about the time when Second Sight was to produce its interim report, whether the discussions of how to deal with past cases was in the context simply of Second Sight moving forward with their investigations, or by that stage, in the Post Office's mind, that was at an end and something new was emerging?"
757,the Post Office's,Post Office,Organisation,"And I'm not sure, as of this date, i.e., at or about the time when Second Sight was to produce its interim report, whether the discussions of how to deal with past cases was in the context simply of Second Sight moving forward with their investigations, or by that stage, in the Post Office's mind, that was at an end and something new was emerging?"
764,Post Office,Post Office,Organisation,I had been disappointed about the way the Post Office team hadn't worked as well or been able to contribute to the work Second Sight had done.
769,Susan,Susan Crichton,Individual,I had a conversation with Susan.
772,Susan,Susan Crichton,Individual,"Susan suggested that a way of bringing The trouble is I now know what didn't happen, but some of these cases, or these cases to a conclusion, would be to introduce mediation."
773,Post Office,Post Office,Organisation,"What she said was that, and again this is in documentation somewhere, is that mediation, that sometimes what was needed in cases is for people to hear the Post Office apologise and say that it was sorry that it got things wrong, or for the Post Office to explain to a subpostmaster that perhaps they had done something wrong, and that once the cases had been reviewed through this working party process, that might then be a way to reach some finality on those cases."
774,The Post Office,Post Office,Organisation,"What was also talked about at the same time was that if this was a good thing to do, which clearly it was, The Post Office then needed an ongoing process, possibly an adjudication process, an external ombudsman, on a permanent basis, so that if this type of challenge arose again, there was an external appeal process, if you like, for the postmasters to go to."
775,Wynne,Wynne,Individual,"And the thing that I'm missing, Sir Wynne, in telling you all of that is If Susan knew, which of course she did and I wouldn't have known so well, that criminal cases couldn't be resolved through mediation, did— and this is simply a question— did she know that there would need to have been a further review, or was her understanding at that time, which is a fact that was later described, that any criminal cases going through the mediation scheme would be open to all of the investigation work that was done by Post Office and Second Sight and Fujitsu, which may then give them information to take forward to— through the normal legal routes, through the Court of Appeal or the CCRC."
775,Susan,Susan Crichton,Individual,"And the thing that I'm missing, Sir Wynne, in telling you all of that is If Susan knew, which of course she did and I wouldn't have known so well, that criminal cases couldn't be resolved through mediation, did— and this is simply a question— did she know that there would need to have been a further review, or was her understanding at that time, which is a fact that was later described, that any criminal cases going through the mediation scheme would be open to all of the investigation work that was done by Post Office and Second Sight and Fujitsu, which may then give them information to take forward to— through the normal legal routes, through the Court of Appeal or the CCRC."
775,Post Office,Post Office,Organisation,"And the thing that I'm missing, Sir Wynne, in telling you all of that is If Susan knew, which of course she did and I wouldn't have known so well, that criminal cases couldn't be resolved through mediation, did— and this is simply a question— did she know that there would need to have been a further review, or was her understanding at that time, which is a fact that was later described, that any criminal cases going through the mediation scheme would be open to all of the investigation work that was done by Post Office and Second Sight and Fujitsu, which may then give them information to take forward to— through the normal legal routes, through the Court of Appeal or the CCRC."
775,Second Sight,Second Sight,Organisation,"And the thing that I'm missing, Sir Wynne, in telling you all of that is If Susan knew, which of course she did and I wouldn't have known so well, that criminal cases couldn't be resolved through mediation, did— and this is simply a question— did she know that there would need to have been a further review, or was her understanding at that time, which is a fact that was later described, that any criminal cases going through the mediation scheme would be open to all of the investigation work that was done by Post Office and Second Sight and Fujitsu, which may then give them information to take forward to— through the normal legal routes, through the Court of Appeal or the CCRC."
775,Fujitsu,Fujitsu,Organisation,"And the thing that I'm missing, Sir Wynne, in telling you all of that is If Susan knew, which of course she did and I wouldn't have known so well, that criminal cases couldn't be resolved through mediation, did— and this is simply a question— did she know that there would need to have been a further review, or was her understanding at that time, which is a fact that was later described, that any criminal cases going through the mediation scheme would be open to all of the investigation work that was done by Post Office and Second Sight and Fujitsu, which may then give them information to take forward to— through the normal legal routes, through the Court of Appeal or the CCRC."
775,the Court of Appeal,the Court of Appeal,Organisation,"And the thing that I'm missing, Sir Wynne, in telling you all of that is If Susan knew, which of course she did and I wouldn't have known so well, that criminal cases couldn't be resolved through mediation, did— and this is simply a question— did she know that there would need to have been a further review, or was her understanding at that time, which is a fact that was later described, that any criminal cases going through the mediation scheme would be open to all of the investigation work that was done by Post Office and Second Sight and Fujitsu, which may then give them information to take forward to— through the normal legal routes, through the Court of Appeal or the CCRC."
775,CCRC,CCRC,Organisation,"And the thing that I'm missing, Sir Wynne, in telling you all of that is If Susan knew, which of course she did and I wouldn't have known so well, that criminal cases couldn't be resolved through mediation, did— and this is simply a question— did she know that there would need to have been a further review, or was her understanding at that time, which is a fact that was later described, that any criminal cases going through the mediation scheme would be open to all of the investigation work that was done by Post Office and Second Sight and Fujitsu, which may then give them information to take forward to— through the normal legal routes, through the Court of Appeal or the CCRC."
776,Vennells,Vennells,Individual,"Ms. Vennells, can you look at page 2 of this document and scroll down?"
780,Sight,Second Sight,Organisation,"There were conversations about whether Second Sight should or shouldn't, because there were concerns about the fact that this had run on too long and was way over budget."
792,James Arbuthnot,James Arbuthnot,Individual,"And I'm being frank with you that there were conversations about whether— there was criticism of the work that Second Sight had done, but there was equal understanding that they had the support of MPs, notably James Arbuthnot, and that we had committed to do that work."
795,the Post Office,Post Office,Organisation,Do you agree that this email chain reads as if the PR has influenced you conclusively as to a decision as to whether or not the Post Office would itself review whether and to what extent there had been past miscarriages of justice?
796,Mark Davies,Mark Davies,Organisation,I wouldn't take that steer on a legal matter from Mark Davies.
798,Mark Davies,Mark Davies,Organisation,But I wouldn't have taken a decision on anything at all to do with legal matters from Mark Davies.
803,Mark Davies,Mark Davies,Organisation,"This is a separate chain, remembering that Mark Davies had just replied to you."
804,Lesley Sewell's,Lesley Sewell,Individual,This is Lesley Sewell's reply to your email setting out your proposals.
807,Paula,Vennells,Individual,"Paula, just a couple of thoughts, if we state we will review the cases since separation, that implies that there are material findings in the Second Sight Review and leaves us open to challenge against all cases."
807,the Second Sight Review,the Second Sight Review,Organisation,"Paula, just a couple of thoughts, if we state we will review the cases since separation, that implies that there are material findings in the Second Sight Review and leaves us open to challenge against all cases."
810,Susan,Susan Crichton,Individual,"And from memory, Susan quoted more than 500 cases in the last 10 years."
814,the Post Office,Post Office,Organisation,Did you bring into account in your decision-making the views that the head of IT was giving you on the extent to which the Post Office should itself ask independent lawyers to review past convictions?
815,Lesley Sewell's,Lesley Sewell,Individual,I would have read Lesley Sewell's email sent to me.
816,the General Counsel,the General Counsel,Organisation,"I wouldn't take any decision on legal matters personally without the advice of the General Counsel, and on something this significant as the Board."
819,Simon Clarke's,Simon Clarke's,Individual,"I think your position is that you did not see Simon Clarke's advices, which address looking at past convictions, until after the Court of Appeal Criminal Division disclosures in late 2020, early 2021?"
819,the Court of Appeal Criminal Division,the Court of Appeal Criminal Division,Organisation,"I think your position is that you did not see Simon Clarke's advices, which address looking at past convictions, until after the Court of Appeal Criminal Division disclosures in late 2020, early 2021?"
825,Susan Crichton,Susan Crichton,Individual,"It's paragraph 562, no need to turn it up, that you recall that you were told by Susan Crichton that due to advice from external lawyers, there was a need for a review to ensure that proper disclosure had been given in previous criminal cases?"
827,Lesley Sewell,Lesley Sewell,Individual,"You say that you had a conversation with Lesley Sewell, in which she told you that the Post Office had been advised that the expert witness that the Post Office had used in criminal cases to give evidence about Horizon had failed to mention there were bugs in Horizon, including in the Seema Misra case."
827,the Post Office,Post Office,Organisation,"You say that you had a conversation with Lesley Sewell, in which she told you that the Post Office had been advised that the expert witness that the Post Office had used in criminal cases to give evidence about Horizon had failed to mention there were bugs in Horizon, including in the Seema Misra case."
827,Horizon,Horizon,Technical System,"You say that you had a conversation with Lesley Sewell, in which she told you that the Post Office had been advised that the expert witness that the Post Office had used in criminal cases to give evidence about Horizon had failed to mention there were bugs in Horizon, including in the Seema Misra case."
831,the Post Office's,Post Office,Organisation,Can we please try to pin down the date on which you had knowledge of a problem with the Post Office's expert evidence?
834,Lesley Sewell,Lesley Sewell,Individual,"I remember that I— so I learned of it first from Lesley Sewell, not from Susan Crichton."
834,Susan Crichton,Susan Crichton,Individual,"I remember that I— so I learned of it first from Lesley Sewell, not from Susan Crichton."
835,Lesley,Lesley Sewell,Individual,What had happened is I passed Lesley in the corridor.
836,Susan,Susan Crichton,Individual,"She was looking particularly concerned or grumpy about something, and I asked her what was the matter, and she said that she had just heard that— so I don't know that she said this, but I'm assuming from Susan— that the Post Office expert from Fujitsu whom we had used in past cases now had to be stood down because he had not revealed— The Post Office?"
836,Post Office,Post Office,Organisation,"She was looking particularly concerned or grumpy about something, and I asked her what was the matter, and she said that she had just heard that— so I don't know that she said this, but I'm assuming from Susan— that the Post Office expert from Fujitsu whom we had used in past cases now had to be stood down because he had not revealed— The Post Office?"
836,Fujitsu,Fujitsu,Organisation,"She was looking particularly concerned or grumpy about something, and I asked her what was the matter, and she said that she had just heard that— so I don't know that she said this, but I'm assuming from Susan— that the Post Office expert from Fujitsu whom we had used in past cases now had to be stood down because he had not revealed— The Post Office?"
837,Mrs Misra's,Mrs Misra's,Organisation,"And as I said yesterday, I think one or two bugs that he knew about in a case, and that's right, I think it was Mrs Misra's, and the reason that Lesley explained he hadn't revealed those bugs in that case is that they hadn't been— Mrs Misra's was a Horizon Online case and"
837,Lesley,Lesley Sewell,Individual,"And as I said yesterday, I think one or two bugs that he knew about in a case, and that's right, I think it was Mrs Misra's, and the reason that Lesley explained he hadn't revealed those bugs in that case is that they hadn't been— Mrs Misra's was a Horizon Online case and"
839,Horizon,Horizon,Technical System,Mrs Misra's case was on legacy Horizon and these bugs hadn't come into effect until Horizon Online.
839,Horizon Online,Horizon Online,Technical System,Mrs Misra's case was on legacy Horizon and these bugs hadn't come into effect until Horizon Online.
840,Ms Meadows,Ms Meadows,Individual,"Ms Meadows, the way you've described it there is that Ms Sewell was telling you that the expert had failed to mention bugs in one case and that was Seema Misra."
840,Ms Sewell,Ms Sewell,Individual,"Ms Meadows, the way you've described it there is that Ms Sewell was telling you that the expert had failed to mention bugs in one case and that was Seema Misra."
840,Seema Misra,Seema Misra,Individual,"Ms Meadows, the way you've described it there is that Ms Sewell was telling you that the expert had failed to mention bugs in one case and that was Seema Misra."
841,Seema Misra,Seema Misra,Individual,"In your witness statement you say that she told you that he had failed to give disclosure in criminal cases, including Seema Misra."
844,Susan,Susan Crichton,Individual,"Well, I then spoke to Susan, I think within a day or so of that conversation."
845,Susan,Susan Crichton,Individual,Susan explained more about it.
846,Susan,Susan Crichton,Individual,"So if you can date when Susan found out, it would have been just before that, because Lesley could only have found out from Susan."
846,Lesley,Lesley Sewell,Individual,"So if you can date when Susan found out, it would have been just before that, because Lesley could only have found out from Susan."
847,Horizon,Horizon,Technical System,"By this time, and I'll call it mid-2013, you had been engaged on the issues of Horizon integrity for some time, hadn't you?"
849,Horizon,Horizon,Technical System,You knew that there had been prosecutions and that those prosecutions had been founded on evidence from Horizon?
851,Lesley Sewell,Lesley Sewell,Individual,"When told by Lesley Sewell and then Susan Crichton that there was an issue with the Post Office's expert evidence that had been relied on, to convict subpostmasters, including Mrs Misra, were you concerned?"
851,Susan Crichton,Susan Crichton,Individual,"When told by Lesley Sewell and then Susan Crichton that there was an issue with the Post Office's expert evidence that had been relied on, to convict subpostmasters, including Mrs Misra, were you concerned?"
851,the Post Office's,Post Office,Organisation,"When told by Lesley Sewell and then Susan Crichton that there was an issue with the Post Office's expert evidence that had been relied on, to convict subpostmasters, including Mrs Misra, were you concerned?"
851,Mrs Misra,Mrs Misra,Organisation,"When told by Lesley Sewell and then Susan Crichton that there was an issue with the Post Office's expert evidence that had been relied on, to convict subpostmasters, including Mrs Misra, were you concerned?"
852,Susan,Susan Crichton,Individual,"Yes, and I think Susan had— and I think the documentation says this— Susan had told— at the time I spoke to Susan about it, she said, I think, that she had already put in chain a review by the external lawyers."
853,Simon Clarke,Simon Clarke,Individual,And I think the documentation shows that she had done that before the written advice from Simon Clarke came in on the 15th.
854,Davis,Davis,Individual,"Did you at the time join the dots between the debates that we've seen you have in emails here with Mr Davis and Ms Sewell about the extent to which the Post Office should announce that it was going to review past convictions and the information that you were being given, quite separately, that the Post Office's expert witness had failed to mention bugs of which he had knowledge in criminal cases?"
854,Ms Sewell,Ms Sewell,Individual,"Did you at the time join the dots between the debates that we've seen you have in emails here with Mr Davis and Ms Sewell about the extent to which the Post Office should announce that it was going to review past convictions and the information that you were being given, quite separately, that the Post Office's expert witness had failed to mention bugs of which he had knowledge in criminal cases?"
854,the Post Office,Post Office,Organisation,"Did you at the time join the dots between the debates that we've seen you have in emails here with Mr Davis and Ms Sewell about the extent to which the Post Office should announce that it was going to review past convictions and the information that you were being given, quite separately, that the Post Office's expert witness had failed to mention bugs of which he had knowledge in criminal cases?"
857,Mark Davies,Mark Davies,Organisation,I think because my— the The emails from Mark Davies and Lesley Sewell are part of an iterative process as to how we took this important ongoing piece of work forwards.
857,Lesley Sewell,Lesley Sewell,Individual,I think because my— the The emails from Mark Davies and Lesley Sewell are part of an iterative process as to how we took this important ongoing piece of work forwards.
858,Susan Crichton,Susan Crichton,Individual,"The conversation with Susan Crichton about the work that became known as the Carl Lightking SIFT review— I'm sorry, I think I took as a piece of reassurance that the lawyers were doing what they needed to do in terms of what I— and I think this is at the stage where I learnt about disclosure— of what they needed to do in respect to disclosure."
858,Carl Lightking,Carl Lightking,Individual,"The conversation with Susan Crichton about the work that became known as the Carl Lightking SIFT review— I'm sorry, I think I took as a piece of reassurance that the lawyers were doing what they needed to do in terms of what I— and I think this is at the stage where I learnt about disclosure— of what they needed to do in respect to disclosure."
859,Gareth Jenkins,Gareth Jenkins,Individual,"What I didn't know at this stage, to be very clear, was that by dint of what had happened with Gareth Jenkins, the Post Office had breached its duties as a prosecutor."
859,the Post Office,Post Office,Organisation,"What I didn't know at this stage, to be very clear, was that by dint of what had happened with Gareth Jenkins, the Post Office had breached its duties as a prosecutor."
861,Horizon,Horizon,Technical System,Did you never at any time connect the long-running criticism of Horizon's integrity that had been forced upon the Post Office by subpostmasters for years and years being informed that there was a problem with the expert evidence on which the Post Office had relied about bugs?
861,Post Office,Post Office,Organisation,Did you never at any time connect the long-running criticism of Horizon's integrity that had been forced upon the Post Office by subpostmasters for years and years being informed that there was a problem with the expert evidence on which the Post Office had relied about bugs?
863,Horizon Online,Horizon Online,Technical System,"The information I was told was very specific, which was that these 2 bugs were related to Horizon Online."
866,Lesley,Lesley Sewell,Individual,"So this was Lesley's frustration, which was that these were 2 isolated incidents, I accept now that is incorrect, but that was what I was told."
868,Susan,Susan Crichton,Individual,"There is even documentation which refers to them as a red herring, and the fact that Susan was going through this SIFT review to me seemed to be reassuring rather than concerning."
870,Jenkins,Gareth Jenkins,Individual,"I don't believe I knew Mr. Jenkins' name because there is— I'm asking, did you ask who was this witness?"
871,Fujitsu,Fujitsu,Organisation,I think I was told that it was a Fujitsu— someone who worked for Fujitsu who was very competent on the system.
873,the Post Office,Post Office,Organisation,No. Did you ask what was being done in relation to the evidence that the Post Office was concerned about?
875,the Post Office,Post Office,Organisation,Did you ask what the Post Office was doing as a result of its concern that he had failed to mention in cases knowledge of bugs?
881,Alice Perkins,Alice Perkins,Individual,"An email from you to Alice Perkins, signing out."
882,Alice,Alice,Individual,"Hi Alice, don't worry about the lateness of the note, I'm clearing the tray before I'm signing out."
884,Anthony Hooper,Anthony Hooper,Individual,"Sir Anthony Hooper, Sparrow, very positive phone call on Friday PM, no issue at all, Hillsborough, he's going to send a file note."
884,Hillsborough,Hillsborough,Individual,"Sir Anthony Hooper, Sparrow, very positive phone call on Friday PM, no issue at all, Hillsborough, he's going to send a file note."
885,Sparrow,Sparrow,Individual,And then my concern re Sparrow is currently our obligations of disclosure re an unsafe witness.
886,Fujitsu,Fujitsu,Organisation,The representative from Fujitsu made statements about no bugs which later could be seen to have been undermined by the Second Sight report.
886,Sight,Second Sight,Organisation,The representative from Fujitsu made statements about no bugs which later could be seen to have been undermined by the Second Sight report.
888,Lesley Sewell,Lesley Sewell,Individual,Is the unsafe witness that you're referring to there the same person that Lesley Sewell and Susan Crichton had referred to earlier?
888,Susan Crichton,Susan Crichton,Individual,Is the unsafe witness that you're referring to there the same person that Lesley Sewell and Susan Crichton had referred to earlier?
897,Mr Altman,Mr Altman,Organisation,"It's 6 days after Mr Altman did his general review document, which I think you say you weren't told about or didn't see."
903,Fujitsu,Fujitsu,Organisation,"So you understood by this time that there was an issue about the reliability of the Fujitsu expert evidence about there being bugs, i.e., the absence of them."
905,Sight,Second Sight,Organisation,And not merely about the presence of bugs that had been revealed by the Second Sight report.
909,Martin Edwards,Martin Edwards,Individual,"I suspect this is the media aspect again, which is the worry that something that that could be taken out of context, I'm not entirely sure, because I don't— whether I was given this information very quickly, because I'm clearly going somewhere and Martin Edwards is briefed to give Alice more detail, I don't— I just have no recall of this at all."
909,Alice,Alice,Organisation,"I suspect this is the media aspect again, which is the worry that something that that could be taken out of context, I'm not entirely sure, because I don't— whether I was given this information very quickly, because I'm clearly going somewhere and Martin Edwards is briefed to give Alice more detail, I don't— I just have no recall of this at all."
911,Susan Crichton,Susan Crichton,Individual,"I can only imagine that this has come from— well, it would— yes, possibly Susan Crichton, the legal team."
916,Paige,Paige,Individual,"There existed at this time the Simon Clarke advice of 15 July 2013, which addressed Paige on page this very issue, the materiality— I'm sorry, I think I've just remembered."
922,the Simon Clarke Review,the Simon Clarke Review,Organisation,"As I was saying, there existed at this time the Simon Clarke Review of 15 July 2013 on this very issue, the materiality of what Simon— what Gareth Jenkins had said in witness statements and to a court in oral evidence, but you hadn't been given it?"
922,Simon,Simon,Individual,"As I was saying, there existed at this time the Simon Clarke Review of 15 July 2013 on this very issue, the materiality of what Simon— what Gareth Jenkins had said in witness statements and to a court in oral evidence, but you hadn't been given it?"
922,Gareth Jenkins,Gareth Jenkins,Individual,"As I was saying, there existed at this time the Simon Clarke Review of 15 July 2013 on this very issue, the materiality of what Simon— what Gareth Jenkins had said in witness statements and to a court in oral evidence, but you hadn't been given it?"
927,Mr Jenkins,Mr Jenkins,Individual,"No, the materiality of what Mr Jenkins had said or had failed to say."
932,Martin,Martin,Organisation,"I wasn't working with the external lawyers doing the review, so I couldn't have known what they did or didn't think, and therefore it can only have come through the legal team, or possibly Martin."
933,Martin,Martin,Individual,"I mean, it is possible that Martin was briefed by— but again, he would have had it through the legal team."
938,Cartwright King,Cartwright King,Individual,And there is certainly something in documentation somewhere that makes the statement that the lawyers Cartwright King did not think that there would be a large number of cases where the disclosure needed to be made.
942,Ms Vennells,Vennells,Individual,"Thank you, Ms Vennells."
945,CCRC,CCRC,Organisation,This is a letter from the CCRC directly to you of 12 July 2013.
946,Horizon Computer Systems,Horizon Computer Systems,Organisation,"If we just look at it, Horizon Computer Systems, the CCRC is an independent body."
946,CCRC,CCRC,Organisation,"If we just look at it, Horizon Computer Systems, the CCRC is an independent body."
948,Post Office,Post Office,Organisation,"For obvious reasons, we've read the recent media coverage concerning the Post Office Horizon computer system with interest."
949,the Post Office,Post Office,Organisation,"Clearly, it would be very useful for us to have more information directly from the Post Office, especially accurate information as to the number of criminal convictions that might be impacted by the issue and what action is proposed or being taken in that respect."
950,AG,AG,Organisation,We see that the AG was called upon on Tuesday to set up an inquiry.
952,Commission,Commission,Organisation,"In essence, the Commission's role in this is likely to relate to anyone who is convicted of a criminal offence in England, Wales or Northern Ireland where evidence from the Horizon computer system is relevant, where one, they've already tried to appeal that conviction, or 2, they were convicted at a Magistrates' Court following a guilty plea."
952,Horizon,Horizon,Technical System,"In essence, the Commission's role in this is likely to relate to anyone who is convicted of a criminal offence in England, Wales or Northern Ireland where evidence from the Horizon computer system is relevant, where one, they've already tried to appeal that conviction, or 2, they were convicted at a Magistrates' Court following a guilty plea."
952,Magistrates' Court,Magistrates' Court,Organisation,"In essence, the Commission's role in this is likely to relate to anyone who is convicted of a criminal offence in England, Wales or Northern Ireland where evidence from the Horizon computer system is relevant, where one, they've already tried to appeal that conviction, or 2, they were convicted at a Magistrates' Court following a guilty plea."
955,CCRC,CCRC,Organisation,I remember receiving the letter from the CCRC.
957,Susan Crichton,Susan Crichton,Individual,"It arrived at a time at which you would have been told, is this right, by Susan Crichton about the need to review past convictions?"
959,Susan Crichton,Susan Crichton,Individual,"And it would have arrived at a time when you'd been told by Susan Crichton and Lesley Sewell about the concern about the Fujitsu expert witnesses' evidence to the courts, including in the Seema Misra case?"
959,Lesley Sewell,Lesley Sewell,Individual,"And it would have arrived at a time when you'd been told by Susan Crichton and Lesley Sewell about the concern about the Fujitsu expert witnesses' evidence to the courts, including in the Seema Misra case?"
959,Fujitsu,Fujitsu,Organisation,"And it would have arrived at a time when you'd been told by Susan Crichton and Lesley Sewell about the concern about the Fujitsu expert witnesses' evidence to the courts, including in the Seema Misra case?"
961,CCRC,CCRC,Organisation,No. Would you agree that the right and honest thing to do would have been to let the CCRC know about the Post Office's concerns over Gareth Jenkins?
961,the Post Office's,Post Office,Organisation,No. Would you agree that the right and honest thing to do would have been to let the CCRC know about the Post Office's concerns over Gareth Jenkins?
962,Susan,Susan Crichton,Individual,What I did with this letter was to ask Susan to reply as the legal expert in the organisation.
965,the Post Office,Post Office,Organisation,"The right and honest thing for the Post Office to have done would be to have let the CCRC know, and know promptly, over its concerns about the truthfulness and reliability of the evidence that Gareth Jenkins had given to court, wouldn't it?"
965,CCRC,CCRC,Organisation,"The right and honest thing for the Post Office to have done would be to have let the CCRC know, and know promptly, over its concerns about the truthfulness and reliability of the evidence that Gareth Jenkins had given to court, wouldn't it?"
965,Gareth Jenkins,Gareth Jenkins,Individual,"The right and honest thing for the Post Office to have done would be to have let the CCRC know, and know promptly, over its concerns about the truthfulness and reliability of the evidence that Gareth Jenkins had given to court, wouldn't it?"
969,Alice Perkins,Alice Perkins,Individual,"Given what was on your mind, what you'd said to Alice Perkins a couple of days before this in the email that we saw?"
970,CCRC,CCRC,Organisation,Did you think we need to say to the CCRC what we know about Gareth Jenkins?
972,Alice Perkins,Alice Perkins,Individual,"The email that I sent to Alice Perkins was in October, this is July."
973,Lesley Sewell,Lesley Sewell,Individual,"I'm talking about the I'm sorry, the exchange with Lesley Sewell and Mark Davis."
973,Mark Davis,Mark Davis,Individual,"I'm talking about the I'm sorry, the exchange with Lesley Sewell and Mark Davis."
976,Mark Davis,Mark Davis,Individual,"Yes, in the light of the exchanges you had with Mark Davis and Lesley Sewell about the extent to which we have to go back and look at past previous convictions, up to 500 of them, for false accounting, do you think the— and the conversations that you'd had with Lesley Sewell and Susan Crichton about the person you now know to be Gareth Jenkins, do you think the right thing to have said in response to the CCRC was, we have got concerns about a key witness in a number of our cases?"
976,Lesley Sewell,Lesley Sewell,Individual,"Yes, in the light of the exchanges you had with Mark Davis and Lesley Sewell about the extent to which we have to go back and look at past previous convictions, up to 500 of them, for false accounting, do you think the— and the conversations that you'd had with Lesley Sewell and Susan Crichton about the person you now know to be Gareth Jenkins, do you think the right thing to have said in response to the CCRC was, we have got concerns about a key witness in a number of our cases?"
976,Susan Crichton,Susan Crichton,Individual,"Yes, in the light of the exchanges you had with Mark Davis and Lesley Sewell about the extent to which we have to go back and look at past previous convictions, up to 500 of them, for false accounting, do you think the— and the conversations that you'd had with Lesley Sewell and Susan Crichton about the person you now know to be Gareth Jenkins, do you think the right thing to have said in response to the CCRC was, we have got concerns about a key witness in a number of our cases?"
976,CCRC,CCRC,Organisation,"Yes, in the light of the exchanges you had with Mark Davis and Lesley Sewell about the extent to which we have to go back and look at past previous convictions, up to 500 of them, for false accounting, do you think the— and the conversations that you'd had with Lesley Sewell and Susan Crichton about the person you now know to be Gareth Jenkins, do you think the right thing to have said in response to the CCRC was, we have got concerns about a key witness in a number of our cases?"
978,the Post Office,Post Office,Organisation,"My understanding and expectation is that when the Post Office receives something like this from the CCRC, that it should respond in the fullest way possible to be transparent about whatever it was that needed to be shared with the CCRC."
978,CCRC,CCRC,Organisation,"My understanding and expectation is that when the Post Office receives something like this from the CCRC, that it should respond in the fullest way possible to be transparent about whatever it was that needed to be shared with the CCRC."
982,Susan Crichton,Susan Crichton,Individual,"It seems to be between Susan Crichton, Hugh Flemington and Simon Richardson."
982,Hugh Flemington,Hugh Flemington,Individual,"It seems to be between Susan Crichton, Hugh Flemington and Simon Richardson."
982,Simon Richardson,Simon Richardson,Individual,"It seems to be between Susan Crichton, Hugh Flemington and Simon Richardson."
983,Simon Richardson,Simon Richardson,Individual,Can you recall who Simon Richardson was?
984,Bond Dickinson,Bond Dickinson,Organisation,"Yes, he was one of the partners from Bond Dickinson."
985,Post Office,Post Office,Organisation,who had worked on Post Office work for quite some time.
990,Fujitsu,Fujitsu,Organisation,"And then 6, the real worry was around the Fujitsu expert who appeared to have known of some of the problems but not referred to them in his report or statement, even though they could be dismissed."
993,Board,Board,Organisation,"And then 7, there was generally an overall defensive air and the Board are also feeling bruised."
994,Board,Board,Organisation,"Stopping there, by this time was it the case that the Board was feeling bruised?"
996,Simon,Simon,Individual,"These are Simon's words, I don't— I certainly don't recall— well, he's reflecting a conversation he's had with 2 colleagues at the Post Office."
996,the Post Office,Post Office,Organisation,"These are Simon's words, I don't— I certainly don't recall— well, he's reflecting a conversation he's had with 2 colleagues at the Post Office."
1001,the Post Office's,Post Office,Organisation,"That the Second Sight interim report had not, according to colleagues, had not taken account of the Post Office's factual evidence against issues that were raised and criticisms made of the Post Office, and secondly that it had taken too long and was continuing to run up budgets to levels that had not been expected."
1003,Board,Board,Organisation,"I can't think what else it would be a reference to, the Board were very frustrated by the criticisms in the Second Sight interim report, which at that stage they were told were, at least in some cases according to the team, unfounded, because Second Sight hadn't had sufficient time in preparing it to take on board the Post Office's evidence."
1003,the Post Office's,Post Office,Organisation,"I can't think what else it would be a reference to, the Board were very frustrated by the criticisms in the Second Sight interim report, which at that stage they were told were, at least in some cases according to the team, unfounded, because Second Sight hadn't had sufficient time in preparing it to take on board the Post Office's evidence."
1004,Susan Crichton,Susan Crichton,Individual,continues seemingly on the basis of what your 2 colleagues Susan Crichton and Hugh Flemington said.
1004,Hugh Flemington,Hugh Flemington,Individual,continues seemingly on the basis of what your 2 colleagues Susan Crichton and Hugh Flemington said.
1005,Alice Perkins,Alice Perkins,Individual,"There are tensions between people and that includes Alice Perkins, the Chair, Paula Venles and Susan Crichton."
1005,Chair,Chair,Individual,"There are tensions between people and that includes Alice Perkins, the Chair, Paula Venles and Susan Crichton."
1005,Paula Venles,Paula Venles,Individual,"There are tensions between people and that includes Alice Perkins, the Chair, Paula Venles and Susan Crichton."
1005,Susan Crichton,Susan Crichton,Individual,"There are tensions between people and that includes Alice Perkins, the Chair, Paula Venles and Susan Crichton."
1006,Alice Perkins,Alice Perkins,Individual,"At this time, were there tensions between Alice Perkins, you and Susan Crichton?"
1006,Susan Crichton,Susan Crichton,Individual,"At this time, were there tensions between Alice Perkins, you and Susan Crichton?"
1011,Post Office's,Post Office,Organisation,"she could not understand, and again there's documentation on this, as to why we had ended up in the— why the business, as she put it, had ended up in the position that it had, with a report that hadn't taken account of Post Office's input and conclusions seemingly reached or suggested."
1012,Second Sight,Second Sight,Organisation,"To be fair to Second Sight, they'd said it was an interim report."
1013,Board,Board,Organisation,"I had been challenged over that, and there was going to be more challenge to come a couple of days after this in a Board meeting."
1014,Alice,Alice,Individual,"And I don't know what— at this stage, I don't know what conversations had taken place between Alice and Susan."
1014,Susan,Susan Crichton,Individual,"And I don't know what— at this stage, I don't know what conversations had taken place between Alice and Susan."
1015,Susan,Susan Crichton,Individual,"Certainly Susan and I had discussed about how we were going to We'd had conversations about the first draft of a Second Sight report, which I think she went back to talk to them about and some changes were made, but nothing substantive."
1015,Sight,Second Sight,Organisation,"Certainly Susan and I had discussed about how we were going to We'd had conversations about the first draft of a Second Sight report, which I think she went back to talk to them about and some changes were made, but nothing substantive."
1017,Alice Perkins,Alice Perkins,Individual,Were there tensions between you and Alice Perkins?
1019,Alice,Alice,Individual,"Alice was a very straightforward Chair, and I generally took feedback pretty well, and again, forgive me for repeating the phrase, but there is documentation on that as well."
1019,Chair,Chair,Individual,"Alice was a very straightforward Chair, and I generally took feedback pretty well, and again, forgive me for repeating the phrase, but there is documentation on that as well."
1020,Post Office,Post Office,Organisation,"I'm sure she gave me some fairly straightforward feedback about why this had taken so long, why it was over budget, why the report contained things that the Post Office felt were inaccurate."
1021,Simon Richardson,Simon Richardson,Individual,"The minute continues, I said, that's Simon Richardson, that I thought the Minister had dealt with the questions extremely well and looked in control of the brief."
1022,the Post Office,Post Office,Organisation,Evidently she had the Post Office in to tear them off a strip for not putting someone up earlier in the day for interviews on radio and TV.
1026,Susan Crichton,Susan Crichton,Individual,Susan Crichton said she would pass my comments on to the Comms Director.
1026,Comms,Comms,Organisation,Susan Crichton said she would pass my comments on to the Comms Director.
1030,Chair,Chair,Organisation,"The Chair, that's Alice Perkins, seems to have been taken by surprise by the reaction and the noise generated."
1030,Alice Perkins,Alice Perkins,Individual,"The Chair, that's Alice Perkins, seems to have been taken by surprise by the reaction and the noise generated."
1031,Paula Vennells,Paula Vennells,Individual,Paula Vennells may be sensitive around some of these issues happening on her watch as the network director.
1033,Paula Venles,Paula Venles,Individual,She said that Paula Venles had asked about what I knew and she might pass on my comments to her.
1034,Paula Venles,Paula Venles,Individual,"I said I was happy to talk to Paula Venles since we knew each other from another difficult project in the days when they were a subsidiary of the Royal Mail Group, etcetera."
1034,the Royal Mail Group,the Royal Mail Group,Organisation,"I said I was happy to talk to Paula Venles since we knew each other from another difficult project in the days when they were a subsidiary of the Royal Mail Group, etcetera."
1035,Network,Network,Organisation,"In your approach to the reaction to the Second Sight report, were you sensitive that some of the issues it addressed happened on your watch as Network Director?"
1037,Fujitsu,Fujitsu,Organisation,"The note says that the real issue here, the real worry, was around the Fujitsu expert who appeared to have known some of the problems and not refer to them in his report or statement."
1041,Gareth Jenkins,Gareth Jenkins,Individual,"Would you be surprised that members of your team were having this in-depth and frank conversation about Gareth Jenkins being the real worry that was facing the Post Office after the interim report, and yet this information not being fed back to you, nor indeed to the board?"
1041,the Post Office,Post Office,Organisation,"Would you be surprised that members of your team were having this in-depth and frank conversation about Gareth Jenkins being the real worry that was facing the Post Office after the interim report, and yet this information not being fed back to you, nor indeed to the board?"
1043,Simon Richardson,Simon Richardson,Individual,"How has it come about that they're having this very frank conversation with somebody with whom you have a history, as is referred to here, Simon Richardson, and you never get to know about it?"
1044,Simon Richardson,Simon Richardson,Individual,"My history with Simon Richardson was one case that we sat on at Royal Mail Group where we were on an appeal panel, and working with him a long time ago on Post Office closures, but I hardly met with Simon."
1044,Royal Mail Group,Royal Mail Group,Organisation,"My history with Simon Richardson was one case that we sat on at Royal Mail Group where we were on an appeal panel, and working with him a long time ago on Post Office closures, but I hardly met with Simon."
1044,Post Office,Post Office,Organisation,"My history with Simon Richardson was one case that we sat on at Royal Mail Group where we were on an appeal panel, and working with him a long time ago on Post Office closures, but I hardly met with Simon."
1044,Simon,Simon,Individual,"My history with Simon Richardson was one case that we sat on at Royal Mail Group where we were on an appeal panel, and working with him a long time ago on Post Office closures, but I hardly met with Simon."
1045,Paula Vennells,Paula Vennells,Individual,"It's recorded here that she said that Paula Vennells had asked about what I, that Simon Richardson, knew."
1045,Simon Richardson,Simon Richardson,Individual,"It's recorded here that she said that Paula Vennells had asked about what I, that Simon Richardson, knew."
1050,Simon,Simon,Individual,"It may simply be that I was asking for what Simon's view was on the work that was underway, because he was the partner for the Post Office, or had been a partner for the Post Office."
1050,the Post Office,Post Office,Organisation,"It may simply be that I was asking for what Simon's view was on the work that was underway, because he was the partner for the Post Office, or had been a partner for the Post Office."
1051,Susan Crichton,Susan Crichton,Individual,"Again, asking the general question, how is it that 2 relatively senior members of your team, Susan Crichton, the General Counsel no less, were having this frank conversation with a solicitor and the outcome of it never reached you or the Board, if your evidence is correct?"
1051,the General Counsel,the General Counsel,Organisation,"Again, asking the general question, how is it that 2 relatively senior members of your team, Susan Crichton, the General Counsel no less, were having this frank conversation with a solicitor and the outcome of it never reached you or the Board, if your evidence is correct?"
1051,Board,Board,Organisation,"Again, asking the general question, how is it that 2 relatively senior members of your team, Susan Crichton, the General Counsel no less, were having this frank conversation with a solicitor and the outcome of it never reached you or the Board, if your evidence is correct?"
1052,Susan,Susan Crichton,Individual,"To be honest, I don't know whether Susan— as you've heard previously, it was not a process in the Post Office, which was wrong, for advisers if this is considered advice, which in a sense it is, to be fed back."
1052,the Post Office,Post Office,Organisation,"To be honest, I don't know whether Susan— as you've heard previously, it was not a process in the Post Office, which was wrong, for advisers if this is considered advice, which in a sense it is, to be fed back."
1054,the Post Office,Post Office,Organisation,"Is it every day of the week though in the Post Office that it is told that the safety of its convictions, its criminal convictions, may be called into question by unreliable evidence given by an external lawyer?"
1055,Beer,Beer,Individual,"No, Mr. Beer, I agree, it should have been shared."
1062,Cartwright King,Cartwright King,Individual,"You've got Cartwright King through Simon King advising on the one hand, you've got Bon Dickinson advising here that the real worry is Gareth Jenkins on the other."
1062,Simon King,Simon King,Individual,"You've got Cartwright King through Simon King advising on the one hand, you've got Bon Dickinson advising here that the real worry is Gareth Jenkins on the other."
1062,Bon Dickinson,Bon Dickinson,Individual,"You've got Cartwright King through Simon King advising on the one hand, you've got Bon Dickinson advising here that the real worry is Gareth Jenkins on the other."
1062,Gareth Jenkins,Gareth Jenkins,Individual,"You've got Cartwright King through Simon King advising on the one hand, you've got Bon Dickinson advising here that the real worry is Gareth Jenkins on the other."
1069,Horizon,Horizon,Technical System,"The reference, we needn't show it at the moment, is POL3029744, and it referred to 3 bugs in Horizon, the receipts and payments mismatch bug, the suspense account bug, and although it didn't name it, the calendar square or Falkirk bug."
1069,Falkirk,Falkirk,Organisation,"The reference, we needn't show it at the moment, is POL3029744, and it referred to 3 bugs in Horizon, the receipts and payments mismatch bug, the suspense account bug, and although it didn't name it, the calendar square or Falkirk bug."
1074,the Post Office,Post Office,Organisation,"You say, I was not made aware between been joining the Post Office in 2007 and early 2012 that any bugs, errors or defects had been identified in legacy Horizon or Horizon Online."
1074,Horizon,Horizon,Technical System,"You say, I was not made aware between been joining the Post Office in 2007 and early 2012 that any bugs, errors or defects had been identified in legacy Horizon or Horizon Online."
1074,Horizon Online,Horizon Online,Technical System,"You say, I was not made aware between been joining the Post Office in 2007 and early 2012 that any bugs, errors or defects had been identified in legacy Horizon or Horizon Online."
1075,Horizon,Horizon,Technical System,"And then you say, the first that I knew that any bugs, errors or defects had been discovered was in mid-2013, when I was made aware for the first time that the bug known as the calendar square problem in legacy Horizon, and 2 bugs in Horizon Online, receipts and payments mismatch and local suspense account problem."
1085,the Post Office's,Post Office,Organisation,"I don't know, because the only thing I can think as an explanation is that the local suspense bug was, I think, drawn to the Post Office's attention in 2012, but nobody knew about that because it had been referred to the NBSC, and I suspect this is just a mistake."
1085,NBSC,NBSC,Organisation,"I don't know, because the only thing I can think as an explanation is that the local suspense bug was, I think, drawn to the Post Office's attention in 2012, but nobody knew about that because it had been referred to the NBSC, and I suspect this is just a mistake."
1091,Sight,Second Sight,Organisation,Can we turn to what was said in the run-up to the Second Sight report about the Post Office's position on the 3 bugs?
1091,the Post Office's,Post Office,Organisation,Can we turn to what was said in the run-up to the Second Sight report about the Post Office's position on the 3 bugs?
1094,Alwen Lyons,Alwen Lyons,Individual,Can you see this is an email to you and others from Alwen Lyons?
1095,James,James,Individual,Read the James brief.
1096,Paula,Vennells,Individual,"And she says, Paula, the only thing that's not in the brief for teams is our move away from, there are no bugs in Horizon, to, there are known bugs in every computer system this size, but they're found and put right and no subpostmaster is disadvantaged by them."
1098,Alwen Lyons,Alwen Lyons,Individual,"Did this represent a move, a shift in position preemptively before the Second Sight report from there are no bugs in Horizon to the then altered position that's set out by Alwen Lyons?"
1099,Alwyn,Alwen Lyons,Individual,"It was— so firstly, I don't recall, and I think Alwyn said this on Tuesday as well, that there had been a line, as it were, that there were no bugs in Horizon."
1100,the post- Office,the post- Office,Organisation,"I don't remember and I haven't seen it anywhere as being used, but it would be completely right for the post- Office, if that was a line that it had used, to correct it."
1102,the Post Office,Post Office,Organisation,"If that's right, that there hadn't been a position adopted by the Post Office of there are no bugs in Horizon, this email makes no sense?"
1105,Mark Davies,Mark Davies,Organisation,I can only assume that this came from Mark Davies and the communications team.
1109,the Post Office's,Post Office,Organisation,"That was your position and the Post Office's position up until at least May 2013, that no bugs had been found in the system."
1119,Alwen Lyons,Alwen Lyons,Individual,"At that stage it doesn't make any difference, but there were only 2 that I knew of, and what was very important to me, and the inquiry can see this from emails that I sent and work that I did, was that— and I can remember saying to Alwen Lyons actually that I wanted to demonstrate leadership in this case, this was around the local suspense bug, that it was— that I wanted reassurance that Fujitsu had done as it said, which is that all affected post offices had been identified, that we had looked at whatever the shortfalls were, that post offices had not been held accountable for any of those or that they were held accountable for any losses, that they were all written to, which they were, and so my priority was to make sure that it was dealt with."
1119,Fujitsu,Fujitsu,Organisation,"At that stage it doesn't make any difference, but there were only 2 that I knew of, and what was very important to me, and the inquiry can see this from emails that I sent and work that I did, was that— and I can remember saying to Alwen Lyons actually that I wanted to demonstrate leadership in this case, this was around the local suspense bug, that it was— that I wanted reassurance that Fujitsu had done as it said, which is that all affected post offices had been identified, that we had looked at whatever the shortfalls were, that post offices had not been held accountable for any of those or that they were held accountable for any losses, that they were all written to, which they were, and so my priority was to make sure that it was dealt with."
1121,Ms Vennells,Vennells,Individual,"Ms Vennells, you tell us time and time again in your witness statement that up until May 2013 you had been told time and time again that there were no bugs in Horizon."
1126,the Post Office,Post Office,Organisation,"The way that I was told about those 2 bugs was that they were— and I'm not referring to previous exchanges elsewhere, but they were incidents that had been dealt with, they were bugs that had been resolved, and that they were red herrings to the work, and they didn't affect any of the branches that Second Sight were looking at, and the branches that had been affected had been properly supported by the Post Office and the cases had been dealt with."
1128,Post Office,Post Office,Organisation,Post Office that there were no bugs in Horizon?
1132,Horizon,Horizon,Technical System,"I think to be really clear on this, because it's important, I was told that— what I was told was about Horizon and I'm not splitting hairs on this, I was told that Horizon, that where cases had gone to court, the courts had found in favour of Horizon, that where issues had been raised."
1136,the Post Office,Post Office,Organisation,"F. You say, I was not made aware between joining the Post Office in 2007 and— you've told us this should read mid-2013."
1138,Horizon,Horizon,Technical System,that any bugs had been identified in legacy Horizon or Horizon Online.
1138,Horizon Online,Horizon Online,Technical System,that any bugs had been identified in legacy Horizon or Horizon Online.
1145,Post Office,Post Office,Organisation,"In the Second Sight interim report, both of them are detailed and it explains I think pretty much what I said in more detail, but that Post Office— that the— this I now know was wrong— that the system had identified the issues, that they had been fixed, the Post Office had been informed and nobody had been held accountable for any losses and where surpluses— and surpluses were left within the hands of the postmasters."
1146,Fujitsu,Fujitsu,Organisation,"Given that you'd been told before— you'd not been told before mid-2013 2013 about any bugs in the system and you were operating on the basis that there were none, on being told that in fact the system did have bugs, would you not have wanted a watertight assurance from Fujitsu that there were no more bugs?"
1150,Fujitsu,Fujitsu,Organisation,"I had a— at roughly about the same time, or maybe a month before, I'd had a conversation with the Chief Executive of Fujitsu."
1152,Rudkin,Rudkin,Individual,"Yes, which had been based around the allegations around what Mr Rudkin had raised."
1154,Horizon,Horizon,Technical System,"It is a separate issue, but I'm not a technical expert and I'm dealing with challenges to the Horizon system and I'm working within a context where I'm taking numbers of inputs, I took these seriously and I accepted the explanations that I had been given, and I knew that those explanations had been based on— but again, now this sounds very hollow in hindsight— on work that had been done by Fujitsu."
1154,Fujitsu,Fujitsu,Organisation,"It is a separate issue, but I'm not a technical expert and I'm dealing with challenges to the Horizon system and I'm working within a context where I'm taking numbers of inputs, I took these seriously and I accepted the explanations that I had been given, and I knew that those explanations had been based on— but again, now this sounds very hollow in hindsight— on work that had been done by Fujitsu."
1156,the Post Office,Post Office,Organisation,"This is the press statement that the Post Office put out On the publication of the interim report, if we scroll out a little bit please, you'll see in the 3rd paragraph and following it says Chief Executive, you said as follows, yes?"
1163,the Post Office,Post Office,Organisation,We know that the Post Office had been informed of the receipts and payments mismatch bug in September or October 2010.
1164,the Post Office's,Post Office,Organisation,"We know that the suspense account bug had been drawn to the Post Office's attention as an operative problem by at least February 2013, and we know that the calendar Square or Falkirk bug had been drawn to the Post Office's attention in 2006."
1164,Falkirk,Falkirk,Organisation,"We know that the suspense account bug had been drawn to the Post Office's attention as an operative problem by at least February 2013, and we know that the calendar Square or Falkirk bug had been drawn to the Post Office's attention in 2006."
1165,the Post Office,Post Office,Organisation,Do you know why this press statement did not acknowledge that the Post Office had known about each of the 3 bugs referred to in the Second Sight report for many years?
1165,Sight,Second Sight,Organisation,Do you know why this press statement did not acknowledge that the Post Office had known about each of the 3 bugs referred to in the Second Sight report for many years?
1169,the Post Office,Post Office,Organisation,Was that the mantra that the Post Office had used for many years to defend allegations against Horizon?
1169,Horizon,Horizon,Technical System,Was that the mantra that the Post Office had used for many years to defend allegations against Horizon?
6,Second Sight,Second Sight,Organisation,"Can I turn to my 3rd topic of substance then, which is the Second Sight investigation and the complaint and mediation scheme?"
8,Second Sight,Second Sight,Organisation,I'd like first to look at the process by which Second Sight were chosen and Deloitte were not to conduct an investigation.
25,Second Sight,Second Sight,Organisation,"As it's described here, the work that Second Sight were proposing, by contrast, was a review of past cases?"
33,Second Sight,Second Sight,Organisation,"And do you see in the box that's at the bottom of the screen there, it's recorded that on the 7th of June 2012, a meeting is held between you, Alice Perkins, Susan Crichton, Alwen Lyons and Simon Baker, where the Deloitte and Second Sight proposals are discussed?"
37,Second Sight,Second Sight,Organisation,Why was Second Sight proposal preferred to that of Deloitte?
39,Post Office,Post Office,Organisation,"I was concerned that any one of the Big Four, Deloitte being one of them, may have come across too corporate and wouldn't necessarily have had the understanding of running a post office for small retail businesses."
47,Second Sight,Second Sight,Organisation,"And is the short point that the Second Sight review was much narrower in scope, in that it was proposed That the system should be reviewed by looking at a sample of past cases?"
62,Second Sight,Second Sight,Organisation,"And if we just blow that up, please, you'll see that this is a Second Sight document"
187,Second Sight,Second Sight,Organisation,"Was it the case that despite their appointment in mid-2012, no terms of reference or terms of engagement had been settled by February 2013 for Second Sight?"
202,Second Sight,Second Sight,Organisation,"I don't— I'm sorry, I don't remember the discussion, but my sense is that it was, we want a Second Sight see this work through, it would have been difficult to stand somebody else up, I think."
211,Second Sight,Second Sight,Organisation,The main purpose of the meeting is to ensure that you have been receiving the full details of what has been occurring with the Second Sight investigation.
224,Second Sight,Second Sight,Organisation,"So I think at this stage, possibly not, other than feedback that the work was going too slowly and Post Office's input either hadn't taken place or Second Sight— there were concerns being raised perhaps that Second Sight were not taking account of it."
245,Second Sight,Second Sight,Organisation,"Were you then getting feedback on the state of the investigation by Second Sight in order to be able to say essentially, Mr Bates, you're jumping the gun?"
249,Second Sight,Second Sight,Organisation,"You say in the last paragraph, I've been advised that Second Sight have now agreed that the focus over the next few weeks will be on 3 specific cases, and the meeting might be a more productive one when that work has been completed."
250,Second Sight,Second Sight,Organisation,"Do you know how it came about that what started as a debate between the choice of Deloitte conducting a full forensic audit of Horizon, Second Sight conducting a review of past cases that would be a representative sample, but include some testing of the integrity of the Horizon system."
256,Second Sight,Second Sight,Organisation,"And so was it the Post Office, in your view, or Second Sight that narrowed focus down to a very small number of cases?"
274,Second Sight,Second Sight,Organisation,"The decision had been made to go, in my head, to go with Second Sight for the right reasons."
304,Second Sight,Second Sight,Organisation,"We're getting quite close here to the date of the production of the Second Sight Interim Report, aren't we?"
315,Second Sight,Second Sight,Organisation,I'll share the fact that Second Sight are not using all the evidence they've been given and our concern is that their approach to try and keep everyone happy is not how we would expect a forensic accountant to behave.
321,Second Sight,Second Sight,Organisation,On what basis did you understand the Post Office had determined that Second Sight were not using all of the evidence that the Post Office had given them?
330,Second Sight,Second Sight,Organisation,Was there a suggestion in what you were told that Second Sight were biased in their approach?
339,Second Sight,Second Sight,Organisation,What evidence were you told that the Post Office had provided to Second Sight that they were not using or taking account of?
342,Second Sight,Second Sight,Organisation,"Were you told that Second Sight were trying to, in the words of the email, keep everyone happy?"
344,Second Sight,Second Sight,Organisation,"And I don't think we had any problem with that until the team began to raise these questions that perhaps because of that second sight were not looking at the Post Office work, but I'm probably now speculating too much, to be fair."
346,Second Sight,Second Sight,Organisation,I didn't have regular conversations with Second Sight.
351,Second Sight,Second Sight,Organisation,I don't believe I spoke to Second Sight.
364,Second Sight,Second Sight,Organisation,"Ron, just to ensure that we're on the same page, Paula would like to say we've agreed the following with Second Sight."
373,Second Sight,Second Sight,Organisation,"So whether as a result of the broader work— so Second Sight had been working— Sorry, can you repeat that answer please?"
374,Second Sight,Second Sight,Organisation,"Yes, when the Second Sight interim report was published, One of its initial conclusions was that so far no systemic issues had been found with the Horizon system."
396,Second Sight,Second Sight,Organisation,"absolutely not, to be completely clear, trying to drive a conclusion from Second Sight that they would not have given."
400,Second Sight,Second Sight,Organisation,"That's exactly what happened, Ms Venals, that the Second Sight report addressed a very small number of cases, it contained the sentence about no systemic defects, and then forever after the Post Office paraded that conclusion."
408,Second Sight,Second Sight,Organisation,At no stage did I get the sense that anybody in the Post Office was going to be able to influence Second Sight.
434,Second Sight,Second Sight,Organisation,"I wouldn't have known personally, from any of the— because I wasn't involved in the work or conversations at Second Sight, point 4 about whether they could have said no or not at this stage."
452,Second Sight,Second Sight,Organisation,"You remember the Second Sight proposal that we looked at, its suggested scope of work?"
506,Second Sight,Second Sight,Organisation,"It is, and as I mentioned earlier, before the document came up, my understanding was that from the work Second Sight had done, presumably around the thematic work where they had been looking at a number of cases, and they're now being asked to take 2 or 3 cases which may or may not show whether subpostmasters had been wrongfully convicted."
521,Second Sight,Second Sight,Organisation,I wanted to send you a brief email to update you on where we are with the Second Sight investigation.
522,Second Sight,Second Sight,Organisation,We've been engaging closely with Second Sight throughout the week to understand the position they intend to take in the interim report and emphasising our concern that their findings must be even-handed and grounded in the facts.
525,Second Sight,Second Sight,Organisation,"Yes, but I hadn't drawn that link, I think the way I read this is that is what team had understood from Second Sight?"
530,Second Sight,Second Sight,Organisation,"Second Sight themselves, I think, refer to it as something that might have a broad impact across the Post Office or across the system, I can't remember, but you will have the reference."
535,Post Office,Post Office,Organisation,Was there a shared understanding between you and the Post Office Board as to what systemic issues meant?
543,Second Sight,Second Sight,Organisation,"Ms. Vennells, can we turn, please, Can we look please to some documents that may provide some insight into your approach and decision-making in relation to the Post Office's decision not to review all past convictions in the light of what was emerging from Second Sight?"
557,Second Sight,Second Sight,Organisation,"The working party firstly explores The Second Sight, 8 themes for improvement, can we get less than 8, and agrees how they can be implemented."
559,Second Sight,Second Sight,Organisation,"And then this, thirdly, our external lawyers review all prosecutions in the past 12 to 18 months since the Post Office has been independent of Royal Mail in the light of the Second Sight findings?"
560,Post Office,Post Office,Organisation,"The JFSA Post Office Working Group reviews the findings, and then in square brackets, why would they not review all cases of false accounting, e.g., over the last 5 to 10 years, especially where amounts have been small?"
667,Second Sight,Second Sight,Organisation,"It would lead to a very public narrative about the very nature of the business, raising questions about Horizon, the reality of what Second Sight has town would be misunderstood and having an impact on public views about the Post Office and really widening the issue to the whole network."
722,Second Sight,Second Sight,Organisation,"The media issue related to, I believe, Because we were right on the day or the day before the release of the Second Sight Interim Report, and that's my recollection that that is the media conversation that we were having."
726,Second Sight,Second Sight,Organisation,"I'm pretty sure that was in relation to the interim report which was due out any time, which as the inquiry has seen and heard from other people, there were issues in that report which the Post Office disagreed with and the team felt Second Sight hadn't taken account of."
751,Second Sight,Second Sight,Organisation,"But I'm not clear that as of the 6th of July or the 7th of July or this period of time, this discussion of how to approach the issue of past cases is taking place in the context of Second Sight continuing its investigative work beyond the interim report or in the context of the idea of a mediation scheme."
762,Second Sight,Second Sight,Organisation,Second Sight had done the work it had done up to the publication of the interim report.
764,Second Sight,Second Sight,Organisation,I had been disappointed about the way the Post Office team hadn't worked as well or been able to contribute to the work Second Sight had done.
779,Second Sight,Second Sight,Organisation,"In direct answer to the Chairman's question, isn't it the case that Second Sight were to play no part going forwards?"
782,Second Sight,Second Sight,Organisation,"Your proposal didn't involve any role for Second Sight, did it?"
787,Second Sight,Second Sight,Organisation,"did not contain any role for Second Sight, did it?"
789,Second Sight,Second Sight,Organisation,"Say that Second Sight— This process of evolution, it doesn't involve any role for Second Sight?"
792,Second Sight,Second Sight,Organisation,"And I'm being frank with you that there were conversations about whether— there was criticism of the work that Second Sight had done, but there was equal understanding that they had the support of MPs, notably James Arbuthnot, and that we had committed to do that work."
807,Second Sight,Second Sight,Organisation,"Paula, just a couple of thoughts, if we state we will review the cases since separation, that implies that there are material findings in the Second Sight Review and leaves us open to challenge against all cases."
1001,Second Sight,Second Sight,Organisation,"That the Second Sight interim report had not, according to colleagues, had not taken account of the Post Office's factual evidence against issues that were raised and criticisms made of the Post Office, and secondly that it had taken too long and was continuing to run up budgets to levels that had not been expected."
1003,Second Sight,Second Sight,Organisation,"I can't think what else it would be a reference to, the Board were very frustrated by the criticisms in the Second Sight interim report, which at that stage they were told were, at least in some cases according to the team, unfounded, because Second Sight hadn't had sufficient time in preparing it to take on board the Post Office's evidence."
1035,Second Sight,Second Sight,Organisation,"In your approach to the reaction to the Second Sight report, were you sensitive that some of the issues it addressed happened on your watch as Network Director?"
1068,Second Sight,Second Sight,Organisation,"If we move on, the Second Sight interim report was in fact published on the 8th of July."
1098,Second Sight,Second Sight,Organisation,"Did this represent a move, a shift in position preemptively before the Second Sight report from there are no bugs in Horizon to the then altered position that's set out by Alwen Lyons?"
1101,Second Sight,Second Sight,Organisation,"It wouldn't have been done preemptively because of the Second Sight report, it would just have been done because it was the right thing to do."
1126,Second Sight,Second Sight,Organisation,"The way that I was told about those 2 bugs was that they were— and I'm not referring to previous exchanges elsewhere, but they were incidents that had been dealt with, they were bugs that had been resolved, and that they were red herrings to the work, and they didn't affect any of the branches that Second Sight were looking at, and the branches that had been affected had been properly supported by the Post Office and the cases had been dealt with."
1145,Second Sight,Second Sight,Organisation,"In the Second Sight interim report, both of them are detailed and it explains I think pretty much what I said in more detail, but that Post Office— that the— this I now know was wrong— that the system had identified the issues, that they had been fixed, the Post Office had been informed and nobody had been held accountable for any losses and where surpluses— and surpluses were left within the hands of the postmasters."
12,Horizon,Horizon,Technical System,"My view is that we make it clear to Alice and Paula the distinction between the work Ron is proposing, brackets, an independent review of past cases, and the Horizon forensic audit, the Deloitte proposal, and put it on the agenda to discuss tomorrow, which would be the 7th of June."
47,the system,the system,Technical System,"And is the short point that the Second Sight review was much narrower in scope, in that it was proposed That the system should be reviewed by looking at a sample of past cases?"
59,the system,the system,Technical System,"Whether Deloitte would in fact have surfaced some of the other important areas that Second Sight did, I don't know, because I think one of the other outcomes of this has been the right decision, was looking at the contract, and that may not have surfaced through the Deloitte work, which was particularly focused on the system itself."
68,the system,the system,Technical System,"The sample needs to cover cases where defendants claim they didn't take any cash, where assertions have been made that the system, i.e., Horizon, caused the shortage, including old and new versions of Horizon if possible, and which have been taken up by MPs."
86,Horizon,Horizon,Technical System,"Would you agree that if what is described here in those 2 bullet points that I have identified had in fact been undertaken, again there is, to use the may word, a possibility that the decade that followed until faults in Horizon and the miscarriages of justice identified by the Court of Appeal may have been discovered earlier?"
240,the system,the system,Technical System,"And then the third paragraph, my understanding is we're too early in the investigation to suggest that things have been discovered which call into question the integrity of the system or the validity of the prosecutions, and to suggest that at this stage would be wrong."
241,the system,the system,Technical System,"In order to say that, you must have been told— would this be right— —the stage at which the investigation had reached and whether it was possible to say that the integrity of the system or the validity of prosecutions had even at that stage been called into question?"
270,the system,the system,Technical System,"Yes, if we look at the second bullet point, the proposal to instruct an independent expert to prepare a report on the system is the highest risk response to the issue."
413,Horizon,Horizon,Technical System,as to whether or not there are systemic defects in Horizon?
441,Horizon,Horizon,Technical System,"And it says under key messages, we're concerned that the investigation is overrunning, the findings will not be definitive and there will be no satisfactory outcome to the horizon question for MPs or the Post Office."
474,Horizon,Horizon,Technical System,Did the Post Office subsequently present Second Sight's interim report as a definitive view that there were no systemic errors or failures in Horizon?
503,the system,the system,Technical System,"No, at no stage did I make the link that you have just led me to make between these 2 to 3 cases and being able to reach a view on the system and being able to complete the whole piece of work."
530,the system,the system,Technical System,"Second Sight themselves, I think, refer to it as something that might have a broad impact across the Post Office or across the system, I can't remember, but you will have the reference."
565,the system,the system,Technical System,"Issuing a statement that although the system has been proved to have had— to have no systemic issues and our training support processes and helplines have worked for most of the 50,000 to 60,000 colleagues over the past decade, we're nonetheless genuinely sorry that some of our subpostmasters who were struggling did not feel we offered them sufficient help and support when they needed it."
837,Horizon,Horizon,Technical System,"And as I said yesterday, I think one or two bugs that he knew about in a case, and that's right, I think it was Mrs Misra's, and the reason that Lesley explained he hadn't revealed those bugs in that case is that they hadn't been— Mrs Misra's was a Horizon Online case and"
837,Horizon Online,Horizon Online,Technical System,"And as I said yesterday, I think one or two bugs that he knew about in a case, and that's right, I think it was Mrs Misra's, and the reason that Lesley explained he hadn't revealed those bugs in that case is that they hadn't been— Mrs Misra's was a Horizon Online case and"
839,Legacy Horizon,Legacy Horizon,Technical System,Mrs Misra's case was on legacy Horizon and these bugs hadn't come into effect until Horizon Online.
863,Horizon,Horizon,Technical System,"The information I was told was very specific, which was that these 2 bugs were related to Horizon Online."
871,the system,the system,Technical System,I think I was told that it was a Fujitsu— someone who worked for Fujitsu who was very competent on the system.
901,Horizon,Horizon,Technical System,And that related to him making statements about there not being bugs in Horizon?
929,Horizon,Horizon,Technical System,"Do you know where you got the idea that we do not think it, i.e., the expert witness making statements about there being no bugs in Horizon, from?"
946,Horizon,Horizon,Technical System,"If we just look at it, Horizon Computer Systems, the CCRC is an independent body."
948,Horizon,Horizon,Technical System,"For obvious reasons, we've read the recent media coverage concerning the Post Office Horizon computer system with interest."
1074,Legacy Horizon,Legacy Horizon,Technical System,"You say, I was not made aware between been joining the Post Office in 2007 and early 2012 that any bugs, errors or defects had been identified in legacy Horizon or Horizon Online."
1075,Horizon Online,Horizon Online,Technical System,"And then you say, the first that I knew that any bugs, errors or defects had been discovered was in mid-2013, when I was made aware for the first time that the bug known as the calendar square problem in legacy Horizon, and 2 bugs in Horizon Online, receipts and payments mismatch and local suspense account problem."
1075,Legacy Horizon,Legacy Horizon,Technical System,"And then you say, the first that I knew that any bugs, errors or defects had been discovered was in mid-2013, when I was made aware for the first time that the bug known as the calendar square problem in legacy Horizon, and 2 bugs in Horizon Online, receipts and payments mismatch and local suspense account problem."
1084,Horizon,Horizon,Technical System,"that you were made aware that bugs, errors and defects had been identified in Horizon?"
1096,Horizon,Horizon,Technical System,"And she says, Paula, the only thing that's not in the brief for teams is our move away from, there are no bugs in Horizon, to, there are known bugs in every computer system this size, but they're found and put right and no subpostmaster is disadvantaged by them."
1098,Horizon,Horizon,Technical System,"Did this represent a move, a shift in position preemptively before the Second Sight report from there are no bugs in Horizon to the then altered position that's set out by Alwen Lyons?"
1099,Horizon,Horizon,Technical System,"It was— so firstly, I don't recall, and I think Alwyn said this on Tuesday as well, that there had been a line, as it were, that there were no bugs in Horizon."
1102,Horizon,Horizon,Technical System,"If that's right, that there hadn't been a position adopted by the Post Office of there are no bugs in Horizon, this email makes no sense?"
1107,the system,the system,Technical System,"You tell us in your witness statement that— it's paragraph 389 on page 183, no need to turn it up— that after the receipts and payments mismatch bug and the local spend— suspense account bug came to light, as you put it, in May '23, we no longer lived in a world where no bugs had been found in the system."
1109,the system,the system,Technical System,"That was your position and the Post Office's position up until at least May 2013, that no bugs had been found in the system."
1113,the system,the system,Technical System,in May 2013 you no longer lived in a world where no bugs had been found in the system?
1116,the system,the system,Technical System,We've got 3 bugs or had 3 bugs in the system.
1121,Horizon,Horizon,Technical System,"Ms Vennells, you tell us time and time again in your witness statement that up until May 2013 you had been told time and time again that there were no bugs in Horizon."
1128,Horizon,Horizon,Technical System,Post Office that there were no bugs in Horizon?
1130,the system,the system,Technical System,"It was the consistent message message from the business and then you're told, no, in fact there are bugs in the system and you're telling us they don't matter, they're just red herring bugs."
1133,the system,the system,Technical System,"I knew, and I say in my statement, that there were always glitches and issues with the system."
1138,Legacy Horizon,Legacy Horizon,Technical System,that any bugs had been identified in legacy Horizon or Horizon Online.
1145,the system,the system,Technical System,"In the Second Sight interim report, both of them are detailed and it explains I think pretty much what I said in more detail, but that Post Office— that the— this I now know was wrong— that the system had identified the issues, that they had been fixed, the Post Office had been informed and nobody had been held accountable for any losses and where surpluses— and surpluses were left within the hands of the postmasters."
1146,the system,the system,Technical System,"Given that you'd been told before— you'd not been told before mid-2013 2013 about any bugs in the system and you were operating on the basis that there were none, on being told that in fact the system did have bugs, would you not have wanted a watertight assurance from Fujitsu that there were no more bugs?"
1167,the system,the system,Technical System,"You will see that it instead concentrates upon the number of people using the system, the number of branches, the number of transactions."
5,bugs,bug,Event/Issue,"One was the complaints made by subpostmasters and others about bugs, errors and defects, and then secondly we looked at remote access in the afternoon."
5,errors,error,Event/Issue,"One was the complaints made by subpostmasters and others about bugs, errors and defects, and then secondly we looked at remote access in the afternoon."
5,defects,defect,Event/Issue,"One was the complaints made by subpostmasters and others about bugs, errors and defects, and then secondly we looked at remote access in the afternoon."
6,mediation scheme,mediation scheme,Event/Issue,"Can I turn to my 3rd topic of substance then, which is the Second Sight investigation and the complaint and mediation scheme?"
12,audit,audit,Event/Issue,"My view is that we make it clear to Alice and Paula the distinction between the work Ron is proposing, brackets, an independent review of past cases, and the Horizon forensic audit, the Deloitte proposal, and put it on the agenda to discuss tomorrow, which would be the 7th of June."
13,audit,audit,Event/Issue,"At this stage, were you aware that there were 2 contenders for the undertaking of some form of investigation, review or audit?"
21,audit,audit,Event/Issue,"Sorry to interrupt, by a forensic investigation of the Horizon system, is that captured by these words here, a forensic audit?"
29,mediation scheme,mediation scheme,Event/Issue,a timeline that has been prepared after the event of the events which led to and happened in the course of the mediation scheme.
69,bug,bug,Event/Issue,"And then if you look at the last— the second-to-last bullet point, study and selectively test the Horizon system in order to find any black hole, programme bug, etcetera, that might have caused mysterious shortages."
70,bugs,bug,Event/Issue,"What's described there, selecting a representative sample of cases that led to prosecutions or court-appointed restitutions, systems and then study and selectively test the Horizon system in order to find bugs, for shorthand, that may have caused mysterious shortages, was exactly what was needed, wasn't it?"
74,mediation scheme,mediation scheme,Event/Issue,"Well, it didn't, and we're not talking about the mediation scheme yet, because that was a second piece of work essentially."
181,mediation scheme,mediation scheme,Event/Issue,We identified 3 broad courses of action that might be taken to improve the ability of Post Office successfully to deliver the mediation scheme in a timely fashion.
204,mediation scheme,mediation scheme,Event/Issue,"But I do think we brought in or changed the way they worked in some way to help them, but I may be confusing that with the mediation scheme, because this issue of time and cost overrun was a fairly frequent topic of conversation."
250,audit,audit,Event/Issue,"Do you know how it came about that what started as a debate between the choice of Deloitte conducting a full forensic audit of Horizon, Second Sight conducting a review of past cases that would be a representative sample, but include some testing of the integrity of the Horizon system."
273,audit,audit,Event/Issue,"In fact, a decision had been made, it seems, already at the meeting of 7 June 2012, not to instruct an expert to prepare a report, a forensic audit of the Horizon system, hadn't it?"
316,bugs,bug,Event/Issue,"I do think this is the right place to share the bugs we found and how we have dealt with them, which is why the report from Rod/Leslie, checked by legal and Mark, is important."
367,defects,defect,Event/Issue,"By using the 2 to 3 cases, you'll answer the question: have systemic defects in the Horizon system resulted in the wrongful conviction or suspension of subpostmasters?"
371,defects,defect,Event/Issue,"that the— by late May, the Post Office was proposing that by looking at 2 to 3 cases, Second Sight could answer the very big question: have systemic defects in Horizon resulted in the wrongful conviction or suspension of subpostmasters?"
372,defects,defect,Event/Issue,"I'm not sure, but when the report was produced, as the inquiry knows, one of the conclusions was that so far no systemic defects had been found."
382,defects,defect,Event/Issue,Why was the proposal to limit the report to determining whether systemic defects in Horizon had resulted in wrongful convictions on the basis of 2 or 3 cases?
387,defects,defect,Event/Issue,"How could 2 or 3 cases possibly answer the question, have systemic defects in Horizon generally resulted in the wrongful conviction."
395,defects,defect,Event/Issue,Did you want to say that by looking at 2 or 3 cases we can answer the entire question of whether systemic defects had resulted in the wrongful conviction of subpostmasters?
399,defects,defect,Event/Issue,"So I didn't write this email, I wasn't copied in this email, I don't recall a conversation where I consciously said it would be possible— because it wouldn't be possible to come to a conclusion on systemic defects as a result of 2 to 3 cases."
400,defects,defect,Event/Issue,"That's exactly what happened, Ms Venals, that the Second Sight report addressed a very small number of cases, it contained the sentence about no systemic defects, and then forever after the Post Office paraded that conclusion."
413,defects,defect,Event/Issue,as to whether or not there are systemic defects in Horizon?
433,defects,defect,Event/Issue,"I could have said, this is what I want, or he could have said to me, this is where we're at, we think that actually we will get 2 to 3 MP cases done, and I may well have said, will that help us to answer the question about are there systemic defects in the Horizon system?"
474,errors,error,Event/Issue,Did the Post Office subsequently present Second Sight's interim report as a definitive view that there were no systemic errors or failures in Horizon?
489,defects,defect,Event/Issue,"that James Arbuthnot should be asked to persuade Second Sight to wind their investigation up on 2 to 3 cases, and those 2 to 3 cases would answer the question, have systemic defects resulted in the wrongful conviction of subpostmasters?"
493,defects,defect,Event/Issue,"on the basis of 2 to 3 MP cases answering the question, have systemic defects in Horizon resulted in the wrongful conviction of some postmasters?"
501,defects,defect,Event/Issue,"focus on answering the question, have systemic defects in Horizon resulted in the wrongful conviction of subpostmasters, by reference to 2 to 3 cases?"
630,mediation scheme,mediation scheme,Event/Issue,"I was asking the question to do this work the right way, and my understanding and acceptance of what was proposed, which was accepted by the MPs and everybody else involved, was that the mediation scheme was the right way through."
751,mediation scheme,mediation scheme,Event/Issue,"But I'm not clear that as of the 6th of July or the 7th of July or this period of time, this discussion of how to approach the issue of past cases is taking place in the context of Second Sight continuing its investigative work beyond the interim report or in the context of the idea of a mediation scheme."
756,mediation scheme,mediation scheme,Event/Issue,"And after their interim report, somehow a transition took place so that what I'll call a mediation scheme emerged."
775,mediation scheme,mediation scheme,Event/Issue,"And the thing that I'm missing, Sir Wynne, in telling you all of that is If Susan knew, which of course she did and I wouldn't have known so well, that criminal cases couldn't be resolved through mediation, did— and this is simply a question— did she know that there would need to have been a further review, or was her understanding at that time, which is a fact that was later described, that any criminal cases going through the mediation scheme would be open to all of the investigation work that was done by Post Office and Second Sight and Fujitsu, which may then give them information to take forward to— through the normal legal routes, through the Court of Appeal or the CCRC."
827,bugs,bug,Event/Issue,"You say that you had a conversation with Lesley Sewell, in which she told you that the Post Office had been advised that the expert witness that the Post Office had used in criminal cases to give evidence about Horizon had failed to mention there were bugs in Horizon, including in the Seema Misra case."
837,bugs,bug,Event/Issue,"And as I said yesterday, I think one or two bugs that he knew about in a case, and that's right, I think it was Mrs Misra's, and the reason that Lesley explained he hadn't revealed those bugs in that case is that they hadn't been— Mrs Misra's was a Horizon Online case and"
839,bugs,bug,Event/Issue,Mrs Misra's case was on legacy Horizon and these bugs hadn't come into effect until Horizon Online.
840,bugs,bug,Event/Issue,"Ms Meadows, the way you've described it there is that Ms Sewell was telling you that the expert had failed to mention bugs in one case and that was Seema Misra."
854,bugs,bug,Event/Issue,"Did you at the time join the dots between the debates that we've seen you have in emails here with Mr Davis and Ms Sewell about the extent to which the Post Office should announce that it was going to review past convictions and the information that you were being given, quite separately, that the Post Office's expert witness had failed to mention bugs of which he had knowledge in criminal cases?"
861,bugs,bug,Event/Issue,Did you never at any time connect the long-running criticism of Horizon's integrity that had been forced upon the Post Office by subpostmasters for years and years being informed that there was a problem with the expert evidence on which the Post Office had relied about bugs?
863,bugs,bug,Event/Issue,"The information I was told was very specific, which was that these 2 bugs were related to Horizon Online."
865,bugs,bug,Event/Issue,And the bugs had been fixed and the postmasters had not lost any money as a result of that.
875,bugs,bug,Event/Issue,Did you ask what the Post Office was doing as a result of its concern that he had failed to mention in cases knowledge of bugs?
878,bugs,bug,Event/Issue,"I understood because that was the obligation that one had to do, was that any case that he had given evidence in needed to be given this evidence around these 2 bugs, even if it didn't Were you told that he was an unsafe witness?"
886,bugs,bug,Event/Issue,The representative from Fujitsu made statements about no bugs which later could be seen to have been undermined by the Second Sight report.
901,bugs,bug,Event/Issue,And that related to him making statements about there not being bugs in Horizon?
903,bugs,bug,Event/Issue,"So you understood by this time that there was an issue about the reliability of the Fujitsu expert evidence about there being bugs, i.e., the absence of them."
905,bugs,bug,Event/Issue,And not merely about the presence of bugs that had been revealed by the Second Sight report.
929,bugs,bug,Event/Issue,"Do you know where you got the idea that we do not think it, i.e., the expert witness making statements about there being no bugs in Horizon, from?"
1069,bug,bug,Event/Issue,"The reference, we needn't show it at the moment, is POL3029744, and it referred to 3 bugs in Horizon, the receipts and payments mismatch bug, the suspense account bug, and although it didn't name it, the calendar square or Falkirk bug."
1069,mismatch,mismatch,Event/Issue,"The reference, we needn't show it at the moment, is POL3029744, and it referred to 3 bugs in Horizon, the receipts and payments mismatch bug, the suspense account bug, and although it didn't name it, the calendar square or Falkirk bug."
1069,suspense account,suspense account,Event/Issue,"The reference, we needn't show it at the moment, is POL3029744, and it referred to 3 bugs in Horizon, the receipts and payments mismatch bug, the suspense account bug, and although it didn't name it, the calendar square or Falkirk bug."
1074,bugs,bug,Event/Issue,"You say, I was not made aware between been joining the Post Office in 2007 and early 2012 that any bugs, errors or defects had been identified in legacy Horizon or Horizon Online."
1074,errors,error,Event/Issue,"You say, I was not made aware between been joining the Post Office in 2007 and early 2012 that any bugs, errors or defects had been identified in legacy Horizon or Horizon Online."
1074,defects,defect,Event/Issue,"You say, I was not made aware between been joining the Post Office in 2007 and early 2012 that any bugs, errors or defects had been identified in legacy Horizon or Horizon Online."
1075,bug,bug,Event/Issue,"And then you say, the first that I knew that any bugs, errors or defects had been discovered was in mid-2013, when I was made aware for the first time that the bug known as the calendar square problem in legacy Horizon, and 2 bugs in Horizon Online, receipts and payments mismatch and local suspense account problem."
1075,errors,error,Event/Issue,"And then you say, the first that I knew that any bugs, errors or defects had been discovered was in mid-2013, when I was made aware for the first time that the bug known as the calendar square problem in legacy Horizon, and 2 bugs in Horizon Online, receipts and payments mismatch and local suspense account problem."
1075,mismatch,mismatch,Event/Issue,"And then you say, the first that I knew that any bugs, errors or defects had been discovered was in mid-2013, when I was made aware for the first time that the bug known as the calendar square problem in legacy Horizon, and 2 bugs in Horizon Online, receipts and payments mismatch and local suspense account problem."
1075,suspense account,suspense account,Event/Issue,"And then you say, the first that I knew that any bugs, errors or defects had been discovered was in mid-2013, when I was made aware for the first time that the bug known as the calendar square problem in legacy Horizon, and 2 bugs in Horizon Online, receipts and payments mismatch and local suspense account problem."
1075,defects,defect,Event/Issue,"And then you say, the first that I knew that any bugs, errors or defects had been discovered was in mid-2013, when I was made aware for the first time that the bug known as the calendar square problem in legacy Horizon, and 2 bugs in Horizon Online, receipts and payments mismatch and local suspense account problem."
1077,bugs,bug,Event/Issue,"You state in the first sentence that you were not aware until early 2012 that any bugs had been identified in either system, and then in second sentence you say the first that I knew that any bugs had been discovered was in mid-2013."
1081,bugs,bug,Event/Issue,"So what's the correct answer to the question, when did you first know of any bugs, errors or feedback?"
1081,errors,error,Event/Issue,"So what's the correct answer to the question, when did you first know of any bugs, errors or feedback?"
1084,bugs,bug,Event/Issue,"that you were made aware that bugs, errors and defects had been identified in Horizon?"
1084,errors,error,Event/Issue,"that you were made aware that bugs, errors and defects had been identified in Horizon?"
1084,defects,defect,Event/Issue,"that you were made aware that bugs, errors and defects had been identified in Horizon?"
1085,bug,bug,Event/Issue,"I don't know, because the only thing I can think as an explanation is that the local suspense bug was, I think, drawn to the Post Office's attention in 2012, but nobody knew about that because it had been referred to the NBSC, and I suspect this is just a mistake."
1091,bugs,bug,Event/Issue,Can we turn to what was said in the run-up to the Second Sight report about the Post Office's position on the 3 bugs?
1096,bugs,bug,Event/Issue,"And she says, Paula, the only thing that's not in the brief for teams is our move away from, there are no bugs in Horizon, to, there are known bugs in every computer system this size, but they're found and put right and no subpostmaster is disadvantaged by them."
1098,bugs,bug,Event/Issue,"Did this represent a move, a shift in position preemptively before the Second Sight report from there are no bugs in Horizon to the then altered position that's set out by Alwen Lyons?"
1099,bugs,bug,Event/Issue,"It was— so firstly, I don't recall, and I think Alwyn said this on Tuesday as well, that there had been a line, as it were, that there were no bugs in Horizon."
1102,bugs,bug,Event/Issue,"If that's right, that there hadn't been a position adopted by the Post Office of there are no bugs in Horizon, this email makes no sense?"
1107,bug,bug,Event/Issue,"You tell us in your witness statement that— it's paragraph 389 on page 183, no need to turn it up— that after the receipts and payments mismatch bug and the local spend— suspense account bug came to light, as you put it, in May '23, we no longer lived in a world where no bugs had been found in the system."
1107,mismatch,mismatch,Event/Issue,"You tell us in your witness statement that— it's paragraph 389 on page 183, no need to turn it up— that after the receipts and payments mismatch bug and the local spend— suspense account bug came to light, as you put it, in May '23, we no longer lived in a world where no bugs had been found in the system."
1107,suspense account,suspense account,Event/Issue,"You tell us in your witness statement that— it's paragraph 389 on page 183, no need to turn it up— that after the receipts and payments mismatch bug and the local spend— suspense account bug came to light, as you put it, in May '23, we no longer lived in a world where no bugs had been found in the system."
1109,bugs,bug,Event/Issue,"That was your position and the Post Office's position up until at least May 2013, that no bugs had been found in the system."
1112,bugs,bug,Event/Issue,"What I'm trying to say here is that I don't remember seeing it as a line in communications, but as soon as we had discovered these bugs, if we had been saying publicly that there were no bugs, clearly that needed to be corrected."
1113,bugs,bug,Event/Issue,in May 2013 you no longer lived in a world where no bugs had been found in the system?
1116,bugs,bug,Event/Issue,We've got 3 bugs or had 3 bugs in the system.
1119,bug,bug,Event/Issue,"At that stage it doesn't make any difference, but there were only 2 that I knew of, and what was very important to me, and the inquiry can see this from emails that I sent and work that I did, was that— and I can remember saying to Alwen Lyons actually that I wanted to demonstrate leadership in this case, this was around the local suspense bug, that it was— that I wanted reassurance that Fujitsu had done as it said, which is that all affected post offices had been identified, that we had looked at whatever the shortfalls were, that post offices had not been held accountable for any of those or that they were held accountable for any losses, that they were all written to, which they were, and so my priority was to make sure that it was dealt with."
1119,shortfalls,shortfall,Event/Issue,"At that stage it doesn't make any difference, but there were only 2 that I knew of, and what was very important to me, and the inquiry can see this from emails that I sent and work that I did, was that— and I can remember saying to Alwen Lyons actually that I wanted to demonstrate leadership in this case, this was around the local suspense bug, that it was— that I wanted reassurance that Fujitsu had done as it said, which is that all affected post offices had been identified, that we had looked at whatever the shortfalls were, that post offices had not been held accountable for any of those or that they were held accountable for any losses, that they were all written to, which they were, and so my priority was to make sure that it was dealt with."
1120,bug,bug,Event/Issue,"In terms of the second bug, the receipts and payments mismatch bug, that I was told had been dealt with, and again it's in documentation that the post offices affected by that had been written to as well."
1120,mismatch,mismatch,Event/Issue,"In terms of the second bug, the receipts and payments mismatch bug, that I was told had been dealt with, and again it's in documentation that the post offices affected by that had been written to as well."
1121,bugs,bug,Event/Issue,"Ms Vennells, you tell us time and time again in your witness statement that up until May 2013 you had been told time and time again that there were no bugs in Horizon."
1124,bugs,bug,Event/Issue,"In fact, there were bugs, the previous assurances that I've been given were false."
1126,bugs,bug,Event/Issue,"The way that I was told about those 2 bugs was that they were— and I'm not referring to previous exchanges elsewhere, but they were incidents that had been dealt with, they were bugs that had been resolved, and that they were red herrings to the work, and they didn't affect any of the branches that Second Sight were looking at, and the branches that had been affected had been properly supported by the Post Office and the cases had been dealt with."
1128,bugs,bug,Event/Issue,Post Office that there were no bugs in Horizon?
1130,bugs,bug,Event/Issue,"It was the consistent message message from the business and then you're told, no, in fact there are bugs in the system and you're telling us they don't matter, they're just red herring bugs."
1138,bugs,bug,Event/Issue,that any bugs had been identified in legacy Horizon or Horizon Online.
1139,bugs,bug,Event/Issue,The first I knew that any bugs had been discovered was mid-2013.
1142,bugs,bug,Event/Issue,"I'm sorry, yes, I'm not— what I'm not getting across clearly enough is that this was important, but I was reassured at the same time that these bugs had been dealt with."
1146,bugs,bug,Event/Issue,"Given that you'd been told before— you'd not been told before mid-2013 2013 about any bugs in the system and you were operating on the basis that there were none, on being told that in fact the system did have bugs, would you not have wanted a watertight assurance from Fujitsu that there were no more bugs?"
1163,bug,bug,Event/Issue,We know that the Post Office had been informed of the receipts and payments mismatch bug in September or October 2010.
1163,mismatch,mismatch,Event/Issue,We know that the Post Office had been informed of the receipts and payments mismatch bug in September or October 2010.
1164,bug,bug,Event/Issue,"We know that the suspense account bug had been drawn to the Post Office's attention as an operative problem by at least February 2013, and we know that the calendar Square or Falkirk bug had been drawn to the Post Office's attention in 2006."
1164,suspense account,suspense account,Event/Issue,"We know that the suspense account bug had been drawn to the Post Office's attention as an operative problem by at least February 2013, and we know that the calendar Square or Falkirk bug had been drawn to the Post Office's attention in 2006."
1165,bugs,bug,Event/Issue,Do you know why this press statement did not acknowledge that the Post Office had known about each of the 3 bugs referred to in the Second Sight report for many years?
