sentence_index,entity_raw,entity_normalised,category,sentence_text
11,Jenkins,Gareth Jenkins,Individual,"Good morning, Mr. Jenkins."
12,Jason Beer,Beer,Individual,My name is Jason Beer and I ask questions on behalf of the inquiry.
14,Gareth Idris Jenkins,Gareth Idris Jenkins,Individual,My name is Gareth Idris Jenkins.
16,Beer,Beer,Individual,"Mr. Beer, before you go any further, is it appropriate for me to, um, direct Mr. Jenkins about self-incrimination?"
16,Jenkins,Gareth Jenkins,Individual,"Mr. Beer, before you go any further, is it appropriate for me to, um, direct Mr. Jenkins about self-incrimination?"
18,Jenkins,Gareth Jenkins,Individual,"Mr. Jenkins, I'm sure you've been advised, but under our law, a witness at a public inquiry has the right to decline to answer a question put to him by any of the lawyers involved in the inquiry or by me if there is a risk that the answer to that question would incriminate you."
29,Jenkins,Gareth Jenkins,Individual,"Do you understand all that, Mr Jenkins?"
32,Beer,Beer,Individual,"Yes, Mr Beer."
34,Jenkins,Gareth Jenkins,Individual,"Mr Jenkins, you've made 5 witness statements to the inquiry."
77,Statement 4,Statement 4,Individual,"And then lastly, Statement 4, 29th of April, uh, 2024, 00460400, 83 pages long."
80,Statement 5,Statement 5,Organisation,"And with the corrections in Statement 5 brought into account, are the contents of that, your 4th witness statement, true to the best of your knowledge and belief?"
96,"university,","university,",Organisation,"I think you graduated in 1973 from university, Cambridge University, with a degree in mathematics."
96,Cambridge University,Cambridge University,Organisation,"I think you graduated in 1973 from university, Cambridge University, with a degree in mathematics."
98,International Computers Limited,International Computers Limited,Organisation,"And upon graduation, you immediately worked for International Computers Limited, ICL, is that right?"
98,ICL,ICL,Organisation,"And upon graduation, you immediately worked for International Computers Limited, ICL, is that right?"
100,ICL,ICL,Organisation,And ICL became Fujitsu Services Limited in 2002.
100,Fujitsu Services Limited,Fujitsu Services Limited,Organisation,And ICL became Fujitsu Services Limited in 2002.
108,ICL Fujitsu,ICL Fujitsu,Organisation,"Dealing briefly at the moment with the stages of your career at ICL Fujitsu, So far as concerns us, from about 1996 to about 2000, did you work in the agent team?"
110,Horizon,Horizon,Technical System,"You were one of a team of 20— or 10 to 20 architects working on the Horizon system, is that right?"
128,Project Impact,Project Impact,Organisation,"You tell us in your witness statement that from 2002 to 2008 you, quote, took on the role of defining the technical changes required by Project Impact and worked on the implementation of the Bureau de Change and the acceptance of credit cards."
128,the Bureau de Change,the Bureau de Change,Organisation,"You tell us in your witness statement that from 2002 to 2008 you, quote, took on the role of defining the technical changes required by Project Impact and worked on the implementation of the Bureau de Change and the acceptance of credit cards."
133,Bureau de Change,Bureau de Change,Organisation,Then I worked on Bureau de Change and credit card changes and then a few other minor things before I moved on to Horizon Online requirements capture.
133,Horizon Online,Horizon Online,Technical System,Then I worked on Bureau de Change and credit card changes and then a few other minor things before I moved on to Horizon Online requirements capture.
134,Horizon Online,Horizon Online,Technical System,Did you move on to Horizon Online from about 2008?
137,Horizon Online,Horizon Online,Technical System,And did you work on Horizon Online from 2008 to about 2015?
139,Post Office,Post Office,Organisation,"You tell us in your witness statement that you, quote, worked with Post Office analysts in defining the technical requirements for Horizon Online."
139,Horizon Online,Horizon Online,Technical System,"You tell us in your witness statement that you, quote, worked with Post Office analysts in defining the technical requirements for Horizon Online."
142,Post Office's,Post Office,Organisation,"And that you, quote, supported Post Office's requirements team in specifying use cases for the counter functionality."
145,Horizon Online,Horizon Online,Technical System,"The contractual definition of how Horizon Online was to work was that the counter should look— should operate in the same way as it did on legacy Horizon, and therefore it was decided that we needed to put in place something that actually defined exactly what that was, and the technique that was decided was that the Post Office would put together the use cases to define the various activities that went on in the Post Office, to define the steps that people went through for doing— from how do you sell a stamp to how do you balance at the end of the week or whatever."
145,Horizon,Horizon,Technical System,"The contractual definition of how Horizon Online was to work was that the counter should look— should operate in the same way as it did on legacy Horizon, and therefore it was decided that we needed to put in place something that actually defined exactly what that was, and the technique that was decided was that the Post Office would put together the use cases to define the various activities that went on in the Post Office, to define the steps that people went through for doing— from how do you sell a stamp to how do you balance at the end of the week or whatever."
145,the Post Office,Post Office,Organisation,"The contractual definition of how Horizon Online was to work was that the counter should look— should operate in the same way as it did on legacy Horizon, and therefore it was decided that we needed to put in place something that actually defined exactly what that was, and the technique that was decided was that the Post Office would put together the use cases to define the various activities that went on in the Post Office, to define the steps that people went through for doing— from how do you sell a stamp to how do you balance at the end of the week or whatever."
151,Fujitsu,Fujitsu,Organisation,"You tell us that during your time at Fujitsu, you were a group of anywhere between 20 and 100 software designers and developers who would provide fourth-line support for both legacy Horizon and Horizon Online."
151,Horizon,Horizon,Technical System,"You tell us that during your time at Fujitsu, you were a group of anywhere between 20 and 100 software designers and developers who would provide fourth-line support for both legacy Horizon and Horizon Online."
151,Horizon Online,Horizon Online,Technical System,"You tell us that during your time at Fujitsu, you were a group of anywhere between 20 and 100 software designers and developers who would provide fourth-line support for both legacy Horizon and Horizon Online."
158,ICL,ICL,Organisation,"In your first witness statement, you refer to ICL introducing what's called a distinguished engineer scheme, correct?"
162,ICL,ICL,Organisation,"You were one of about 100 other ICL employees who were described as distinguished engineer, is that right?"
164,ICL,ICL,Organisation,Is it right that that was an honorific title conferred upon you by ICL or Fujitsu?
164,Fujitsu,Fujitsu,Organisation,Is it right that that was an honorific title conferred upon you by ICL or Fujitsu?
181,Fujitsu,Fujitsu,Organisation,"You tell us in your first witness statement that from about 2015 until August 2012— so after— sorry, 2022, uh, you were on a retainer with Fujitsu as a consultant."
188,COVID,COVID,Individual,"Um, I don't think— although I was on the retainer until August 2022, I think the last time I actually did any paid consultancy was just before COVID lockdown in 2020."
192,Horizon,Horizon,Technical System,"at the time of the publication of the Horizon Issues judgment, which was December '19?"
194,Horizon,Horizon,Technical System,The last few things were actually talking to the lawyers about the consequences of the Horizon Issues judgment.
195,Horizon,Horizon,Technical System,Other than the provision of information assistance and evidence in connection with the litigation concerning the Horizon system.
199,Dale Mellington,Dale Mellington,Individual,"I wasn't involved in any particular prosecutions as such, but there was quite a lot of work going on in the background, which— talking to various lawyers, I got pulled in in 2016 for a bug that had been found that's quite serious, the Dale Mellington bug that I think you may well be coming back to later on."
200,Post Office,Post Office,Organisation,And it was felt that I could maybe help explain what the consequences of that was to Post Office.
201,the Post Office,Post Office,Organisation,"I spent There was a problem that the Post Office had, again, I can't remember the exact date now, it's in my witness statement, when there was a mismatch in Post Office's backend accounts."
202,Fujitsu,Fujitsu,Organisation,"They tried to do a reconciliation against data they had from Fujitsu, and I realised what the problem was."
214,Horizon,Horizon,Technical System,"Would it be fair to say that the majority of this time, certainly between 2015 and the Horizon Issues judgment in December 2019, was given over to the provision of litigation support?"
215,GLO,GLO,Organisation,became the GLO.
219,Fraser,Fraser,Individual,"In high-level summary, would you agree that Mr Justice Fraser concluded firstly that legacy Horizon was not remotely robust?"
219,Horizon,Horizon,Technical System,"In high-level summary, would you agree that Mr Justice Fraser concluded firstly that legacy Horizon was not remotely robust?"
222,Horizon Online,Horizon Online,Technical System,Do you accept that Horizon Online was susceptible to accounting flaws?
232,Legacy Horizon,Legacy Horizon,Technical System,"Do I take it that you accept his first finding, that Legacy Horizon was I don't accept that finding."
233,Horizon Online,Horizon Online,Technical System,You don't accept his finding that Horizon Online was susceptible to accounting flaws?
239,Horizon,Horizon,Technical System,"Horizon, both legacy and online, was working well in your view?"
244,Horizon,Horizon,Technical System,Can I turn in more detail to your role in the development and rollout of the Horizon system?
245,ICL,ICL,Organisation,"And in— no need to turn it up— paragraphs 18 to 23 of your first witness statement, you describe your roles and responsibilities at ICL and then Fujitsu."
245,Fujitsu,Fujitsu,Organisation,"And in— no need to turn it up— paragraphs 18 to 23 of your first witness statement, you describe your roles and responsibilities at ICL and then Fujitsu."
246,Horizon,Horizon,Technical System,"So between 1996 and 2002, you tell us that your initial role with legacy Horizon was, quote, to integrate Riposte and the Oracle-based software."
246,Riposte,Riposte,Technical System,"So between 1996 and 2002, you tell us that your initial role with legacy Horizon was, quote, to integrate Riposte and the Oracle-based software."
251,Riposte,Riposte,Technical System,"Firstly, can you describe briefly what Riposte was?"
253,Riposte,Riposte,Technical System,"There were 2 aspects to Riposte, and this was software that we had brought in at Post Office's request from a company called Escher in the United States."
253,Post Office's,Post Office,Organisation,"There were 2 aspects to Riposte, and this was software that we had brought in at Post Office's request from a company called Escher in the United States."
253,Escher,Escher,Individual,"There were 2 aspects to Riposte, and this was software that we had brought in at Post Office's request from a company called Escher in the United States."
256,Riposte,Riposte,Technical System,"Then the other part of Riposte was a development environment that allowed applications to be built on that, and the application environment that caused the human interface that the postmaster saw in the branches."
258,Project Impact,Project Impact,Organisation,"I got more involved in that when I moved on to Project Impact in 2003 or so, but in the early days my main interaction with Repos was to do with the message store."
258,Repos,Repos,Individual,"I got more involved in that when I moved on to Project Impact in 2003 or so, but in the early days my main interaction with Repos was to do with the message store."
261,Post Office's,Post Office,Organisation,This was really an Oracle database and This was used to communicate with Post Office's backend systems where they did their backend accounting.
262,Fujitsu,Fujitsu,Organisation,"So that was really the boundary between what Fujitsu was doing, or ICO was doing, and what Post Office was doing."
262,ICO,ICO,Organisation,"So that was really the boundary between what Fujitsu was doing, or ICO was doing, and what Post Office was doing."
262,Post Office,Post Office,Organisation,"So that was really the boundary between what Fujitsu was doing, or ICO was doing, and what Post Office was doing."
264,Post Office's,Post Office,Organisation,"So it would process through all the transactions, it would generate files of transactions that had happened during that day, which were then transmitted to Post Office's backend systems."
267,Post Office's,Post Office,Organisation,"So what the agent layer was doing is it was reading data from the message store, which we— and we had copies of the message store in the data center— and extracting the relevant transactions and other information that was of interest to Post Office's backend systems and writing records to the Oracle databases to reflect those transactions."
267,Oracle,Oracle,Individual,"So what the agent layer was doing is it was reading data from the message store, which we— and we had copies of the message store in the data center— and extracting the relevant transactions and other information that was of interest to Post Office's backend systems and writing records to the Oracle databases to reflect those transactions."
268,Post Office,Post Office,Organisation,"Then there was also a flow in the other direction For example, reference data was being generated by Post Office, and by reference data, the simplest example is what's the price of a stamp today, because obviously the price of stamps changes every now and again."
277,the Benefits Agency,the Benefits Agency,Organisation,"Right, the work changed a lot over time, because at the beginning, back in 1996, the first application that was rolled out was actually a benefits agency application, which by 1998, '99 had actually got dropped because the Benefits Agency pulled out of the contract."
284,the Benefits Agency,the Benefits Agency,Organisation,What did you know as to the reasons why the Benefits Agency pulled out of the contract?
290,the Post Office,Post Office,Organisation,What they eventually did was they paid people's benefits directly into their bank accounts rather than doing it through a special application in the Post Office.
291,Benefits Agency,Benefits Agency,Organisation,Were you told anything to the effect that one of the reasons why the Benefits Agency withdrew was a lack of confidence in ICL?
291,ICL,ICL,Organisation,Were you told anything to the effect that one of the reasons why the Benefits Agency withdrew was a lack of confidence in ICL?
307,Post Office,Post Office,Organisation,"In your role between 1996 and 2002, were you in any way responsible for communicating with the Post Office team as to their requirements?"
309,Project Impact,Project Impact,Organisation,"That really started with Project Impact, but I certainly was working with the Post Office team in terms of defining the interfaces between how Fujitsu's agents were operating and how they interacted."
309,Post Office,Post Office,Organisation,"That really started with Project Impact, but I certainly was working with the Post Office team in terms of defining the interfaces between how Fujitsu's agents were operating and how they interacted."
309,Fujitsu,Fujitsu,Organisation,"That really started with Project Impact, but I certainly was working with the Post Office team in terms of defining the interfaces between how Fujitsu's agents were operating and how they interacted."
310,the Network Banking Engine,the Network Banking Engine,Organisation,"Well, initially there was a box in between us and the banks called the Network Banking Engine, which was provided by IBM."
310,IBM,IBM,Organisation,"Well, initially there was a box in between us and the banks called the Network Banking Engine, which was provided by IBM."
313,Jeremy Folkes,Jeremy Folkes,Individual,"Did you come into contact with Jeremy Folkes, the Infrastructure Assurance Team leader from the Post Office?"
313,the Infrastructure Assurance Team,the Infrastructure Assurance Team,Organisation,"Did you come into contact with Jeremy Folkes, the Infrastructure Assurance Team leader from the Post Office?"
313,the Post Office,Post Office,Organisation,"Did you come into contact with Jeremy Folkes, the Infrastructure Assurance Team leader from the Post Office?"
314,Escher,Escher,Individual,"Not at that time, but I did come across him a few years later when he'd moved roles, and he actually joined Escher as one of their consultants."
315,Jeremy,Jeremy,Individual,"So I did come across Jeremy in his role with Escher, but I don't remember coming across him when he was working with Post Office."
315,Escher,Escher,Individual,"So I did come across Jeremy in his role with Escher, but I don't remember coming across him when he was working with Post Office."
315,Post Office,Post Office,Organisation,"So I did come across Jeremy in his role with Escher, but I don't remember coming across him when he was working with Post Office."
316,the Benefits Agency,the Benefits Agency,Organisation,"He told the inquiry— it was back on the 2nd of November, uh, 2022— that we— and by that he meant, um, the Benefits Agency and the Post Office Counters Limited team had, quote, been denied viability of the application design."
316,the Post Office Counters Limited,the Post Office Counters Limited,Organisation,"He told the inquiry— it was back on the 2nd of November, uh, 2022— that we— and by that he meant, um, the Benefits Agency and the Post Office Counters Limited team had, quote, been denied viability of the application design."
318,Riposte,Riposte,Technical System,"He continued, when I say we had some visibility of risk areas, what I mean is that the areas where we had raised formal risks to the service provider at the start such as, such as Riposte."
319,EPOSS,EPOSS,Technical System,"In those cases, we did get more information, but as far as the application design, in particular EPOSS, we had been denied visibility."
320,Fujitsu,Fujitsu,Organisation,"I think that was something to do with the way the contract had been negotiated between Fujitsu, or ITL Management as it was then, and Post Office and DSS."
320,ITL Management,ITL Management,Organisation,"I think that was something to do with the way the contract had been negotiated between Fujitsu, or ITL Management as it was then, and Post Office and DSS."
320,Post Office,Post Office,Organisation,"I think that was something to do with the way the contract had been negotiated between Fujitsu, or ITL Management as it was then, and Post Office and DSS."
320,DSS,DSS,Organisation,"I think that was something to do with the way the contract had been negotiated between Fujitsu, or ITL Management as it was then, and Post Office and DSS."
321,PFI,PFI,Organisation,"I wasn't involved in any of that, but as I understand it, it was a PFI contract, and part of that meant that the customer had to treat the whole thing as a black box, but say this is hearsay, if you like, rather than something I was directly involved in."
324,Post Office,Post Office,Organisation,"To say I, I wasn't directly involved in all of that, but clearly people were talking about— I, I think I was aware that Post Office did not have the right to see various design documents that were being produced."
326,Fujitsu,Fujitsu,Organisation,"That it was up to Fujitsu exactly how they designed the application, and the details of how the internal design was done was something for Fujitsu or ICL to worry about, and it wasn't something that Post Office would get involved in."
326,ICL,ICL,Organisation,"That it was up to Fujitsu exactly how they designed the application, and the details of how the internal design was done was something for Fujitsu or ICL to worry about, and it wasn't something that Post Office would get involved in."
326,Post Office,Post Office,Organisation,"That it was up to Fujitsu exactly how they designed the application, and the details of how the internal design was done was something for Fujitsu or ICL to worry about, and it wasn't something that Post Office would get involved in."
327,EPOSS,EPOSS,Technical System,"Would a consequence of that be in relation, for example, to EPOSS, mean that it would be difficult, if not impossible, for the Post Office to ensure that there was data integrity?"
327,the Post Office,Post Office,Organisation,"Would a consequence of that be in relation, for example, to EPOSS, mean that it would be difficult, if not impossible, for the Post Office to ensure that there was data integrity?"
329,Post Office,Post Office,Organisation,"There were certainly joint test teams, there was a lot of testing going on, there were Post Office testers involved in testing the system to make sure that it came up with the right, with the right outputs."
332,the Post Office,Post Office,Organisation,"He suggested that the fact that the Post Office had purchased a black box and had no rights to see how the black box worked meant that it was difficult, if not impossible, to ensure data integrity within the Horizon system."
332,Horizon,Horizon,Technical System,"He suggested that the fact that the Post Office had purchased a black box and had no rights to see how the black box worked meant that it was difficult, if not impossible, to ensure data integrity within the Horizon system."
338,PFI,PFI,Organisation,"Were you conscious, and those with whom you worked conscious, that the nature of the contract was a PFI contract and therefore the client had no rights, no visibility over the way the system was built?"
344,Horizon,Horizon,Technical System,"And it was really a case of— and the main work I was doing with the customer in the early 2000s was with agreeing these banking specs, and there I was working very openly with the customer because they were their specs that were defining the interfaces as to how Horizon was going to interface with initially the banking engine and then also with Streamline for the debit card payments."
349,Jeremy Fox's,Jeremy Fox's,Individual,"It was really I probably picked that up from Jeremy Fox's stuff, as I say."
350,PFI,PFI,Organisation,I was aware that it was a PFI contract and that it meant that we didn't necessarily need to share detailed design documents with the customer because it was Fujitsu's intellectual property.
350,Fujitsu,Fujitsu,Organisation,I was aware that it was a PFI contract and that it meant that we didn't necessarily need to share detailed design documents with the customer because it was Fujitsu's intellectual property.
359,Horizon,Horizon,Technical System,"Within your roles in legacy Horizon, did you have any oversight of all bugs, errors and defects within the system at any given time?"
364,SSC,SSC,Organisation,I would have thought the SSC would and There was an area called customer services.
365,SSC,SSC,Organisation,SSC was part of that.
369,SSC,SSC,Organisation,"We've heard from a lot of people from the SSC and they've told us that there were between 20 and 30 people at any one time working in the SSC, sometimes working shifts, some working at home, some working in office, that they only knew about the bugs that they were allocated on the stack, and that it was correct that there might be informal sharing of information by people who were sitting next to each other or talking about it at the water cooler, but there was no formalised system for sharing knowledge within the SSC."
373,SSC,SSC,Organisation,I wasn't part of the SSC.
374,Horizon,Horizon,Technical System,"But when I asked you who may have oversight of all bugs, errors and defects within the Horizon system, you pointed to the SSC."
374,SSC,SSC,Organisation,"But when I asked you who may have oversight of all bugs, errors and defects within the Horizon system, you pointed to the SSC."
375,the Customer Services Directorate,the Customer Services Directorate,Organisation,"As part of that, but there was also— there was the whole point of the Customer Services Directorate was to actually manage the interface with Post Office."
375,Post Office,Post Office,Organisation,"As part of that, but there was also— there was the whole point of the Customer Services Directorate was to actually manage the interface with Post Office."
378,Horizon,Horizon,Technical System,"What I'm looking for, it might be described as an all-seeing eye, but somebody who took a step back and would be able to say we've had these problems in the past with Horizon, these bugs, errors and defects, and at the moment we're servicing the existence of these possible bugs, errors and defects."
382,Peak,Peak,Technical System,There was a system called Peak and it had a predecessor called PinICL.
388,Horizon Online,Horizon Online,Technical System,"Not as such, but I did have a— probably a better view of them, particularly during the pilot phase of Horizon Online, because during the pilot phase there was a project team in place that was managing the pilot and taking very close monitoring of any issues that were going on during the pilot, and I would often get called in to that— by that team to investigate particular problems, particularly ones that affected the counter."
389,Horizon Online,Horizon Online,Technical System,"After the pilot phase of Horizon Online was over, did you have oversight Of all bugs, errors and defects within the Horizon Online system?"
389,Horizon,Horizon,Technical System,"After the pilot phase of Horizon Online was over, did you have oversight Of all bugs, errors and defects within the Horizon Online system?"
395,Horizon,Horizon,Technical System,The peak system was working— it was the same peak system that operated for both legacy Horizon and Horizon Online.
395,Horizon Online,Horizon Online,Technical System,The peak system was working— it was the same peak system that operated for both legacy Horizon and Horizon Online.
396,Horizon,Horizon,Technical System,"And so for both legacy Horizon and Horizon Online, you became aware of things that might be bugs, errors and defects through the PinICL and then the Peak system."
396,Horizon Online,Horizon Online,Technical System,"And so for both legacy Horizon and Horizon Online, you became aware of things that might be bugs, errors and defects through the PinICL and then the Peak system."
397,Fujitsu,Fujitsu,Organisation,"There was that, but there was also the problem management system, so then when something was identified as being a serious problem, and I think we're probably going to go on talking about the receipts and payments mismatch problem at some stage, then I was often called in to help— well, firstly analyse the problem and explain that problem so that Fujitsu management could understand what it was all about, and I often got involved in explaining it to the equivalent people in Post Office about what the impact of that was and what could be done to remedy it, both in terms of fixing the code but also fixing whatever the business impact of the problem was, which wouldn't necessarily be fixed directly just because you'd fixed the code."
397,Post Office,Post Office,Organisation,"There was that, but there was also the problem management system, so then when something was identified as being a serious problem, and I think we're probably going to go on talking about the receipts and payments mismatch problem at some stage, then I was often called in to help— well, firstly analyse the problem and explain that problem so that Fujitsu management could understand what it was all about, and I often got involved in explaining it to the equivalent people in Post Office about what the impact of that was and what could be done to remedy it, both in terms of fixing the code but also fixing whatever the business impact of the problem was, which wouldn't necessarily be fixed directly just because you'd fixed the code."
404,Horizon,Horizon,Technical System,"If it was largely happenstance, that you became aware of a bug, error or defect in both legacy Horizon and Horizon Online, how could you subsequently give full, complete and accurate evidence about the existence or non-existence of bugs, errors and defects in Horizon?"
404,Horizon Online,Horizon Online,Technical System,"If it was largely happenstance, that you became aware of a bug, error or defect in both legacy Horizon and Horizon Online, how could you subsequently give full, complete and accurate evidence about the existence or non-existence of bugs, errors and defects in Horizon?"
415,Fujitsu,Fujitsu,Organisation,"During your employment within Fujitsu, did any of your roles entail any overall responsibility for monitoring, identifying, or fixing bugs, errors, or defects?"
427,Del Mellington's,Del Mellington's,Individual,"in Horizon Online, and I was involved— receipts and payments mismatch, the local suspenses issue, and Del Mellington's."
428,Horizon Online,Horizon Online,Technical System,"Those are the ones I see as being the serious issues with Horizon Online, and I got involved in all of them because they saw me being helpful in terms of my expertise and background for those particular cases."
432,jargon,jargon,Organisation,I think it was felt that I was in a good position of turning some of the technical jargon into something that laypeople could understand better.
437,SSC,SSC,Organisation,"It's really— I would get involved by probably a phone call or an email from someone either in the SSC or from problem management and they'd say, Gareth, can you come and give us a hand, look at this problem and see what's going on?"
437,Gareth,Gareth,Individual,"It's really— I would get involved by probably a phone call or an email from someone either in the SSC or from problem management and they'd say, Gareth, can you come and give us a hand, look at this problem and see what's going on?"
440,the Post Office,Post Office,Organisation,"When you started to become the man that the Post Office relied on to give evidence in court, did anyone say, we need to make sure that Mr Jenkins knows about the things that are not referred to him?"
445,SSC,SSC,Organisation,"What interactions did you have with the third line of support, the SSC, in relation to identifying and rectifying bugs, errors and defects?"
452,EPOSS,EPOSS,Technical System,"Can I turn to EPOSS and REPOS, please?"
452,REPOS,REPOS,Organisation,"Can I turn to EPOSS and REPOS, please?"
454,EPOSS,EPOSS,Technical System,"In relation to the EPOSS aspects of Horizon, you tell us— it's paragraph 21 of your second witness statement, no need to turn it up— in summary, until around 2003, I do not recall having anything to do with EPOSS other than indirectly, when it had an impact on my work with the agents."
454,Horizon,Horizon,Technical System,"In relation to the EPOSS aspects of Horizon, you tell us— it's paragraph 21 of your second witness statement, no need to turn it up— in summary, until around 2003, I do not recall having anything to do with EPOSS other than indirectly, when it had an impact on my work with the agents."
455,EPOSS,EPOSS,Technical System,"From around 2003 onwards, I began to gain technical expertise and a practical understanding of how EPOSS operated."
458,ESHA,ESHA,Organisation,You've told us already that ESHA was responsible for provision of the RIPOS software.
463,EPOSS,EPOSS,Technical System,"And the latter of those, the desktop counter, was the basis for the EPOSS system?"
466,Post Office,Post Office,Organisation,"Yes, and I think I went back there for 2 or 3 ad hoc trips after that, but that was my initial That was effectively my first week on the Post Office account when I got sent to Boston for a week to learn about how Riposte worked."
466,Riposte,Riposte,Technical System,"Yes, and I think I went back there for 2 or 3 ad hoc trips after that, but that was my initial That was effectively my first week on the Post Office account when I got sent to Boston for a week to learn about how Riposte worked."
467,EPOSS,EPOSS,Technical System,"If you had— if you did not have anything to do with EPOSS other than indirectly, why did you go to Boston for a week in 1996?"
468,Riposte,Riposte,Technical System,"Because that was talking more about how the Riposte message store was working, and also there were specific interfaces that Riposte had that could be used by the agents."
470,COUNTER,COUNTER,Organisation,"They then went on to how did the COUNTER applications operate, and I wasn't particularly interested in that at the time, so it was felt that rather than stay in Boston for another couple of weeks, I might as well come home."
472,EPOSS,EPOSS,Technical System,"So is the answer that you went to Boston and to learn how the EPOSS system works, in particular how it might interact with the work that you were undertaking?"
473,Riposte,Riposte,Technical System,"No, I went to Boston to learn how Riposte worked, to, um, uh, and therefore how the agents could actually use it."
476,EPOSS,EPOSS,Technical System,"In relation to the development of EPOSS before the rollout of Legacy Horizon, we've heard evidence from David MacDonald."
476,Legacy Horizon,Legacy Horizon,Technical System,"In relation to the development of EPOSS before the rollout of Legacy Horizon, we've heard evidence from David MacDonald."
476,David MacDonald,David MacDonald,Individual,"In relation to the development of EPOSS before the rollout of Legacy Horizon, we've heard evidence from David MacDonald."
480,Gareth,Gareth,Individual,"He told the inquiry, my understanding was that Gareth— that's you, Gareth Jenkins— worked alongside another chief architect architect under Alan Ward."
480,Gareth Jenkins,Gareth Jenkins,Individual,"He told the inquiry, my understanding was that Gareth— that's you, Gareth Jenkins— worked alongside another chief architect architect under Alan Ward."
480,Alan Ward,Alan Ward,Individual,"He told the inquiry, my understanding was that Gareth— that's you, Gareth Jenkins— worked alongside another chief architect architect under Alan Ward."
482,Alan Ward,Alan Ward,Individual,"I certainly did have a dotted line relationship to Alan Ward, who was the Chief Architect at that time."
483,David McDonnell,David McDonnell,Individual,"I thought that David McDonnell actually suggested I was the Chief Architect, and he's certainly mistaken in that belief."
484,Gareth Jenkins',Gareth Jenkins',Individual,He continued Gareth Jenkins' responsibility was specifically to the EPOSS counter system.
484,EPOSS,EPOSS,Technical System,He continued Gareth Jenkins' responsibility was specifically to the EPOSS counter system.
489,Horizon,Horizon,Technical System,Were you the chief architect of Horizon?
491,Horizon,Horizon,Technical System,Who was the chief architect of Horizon?
492,Alan Ward,Alan Ward,Individual,"Alan Ward was at that time, and I know he was quite involved in the development of EPOSS at that time, because there were quite a lot of changes being made, and he used to regularly fly off to Boston for a couple of days almost every week to actually work with Escher on changes to EPOSS."
492,EPOSS,EPOSS,Technical System,"Alan Ward was at that time, and I know he was quite involved in the development of EPOSS at that time, because there were quite a lot of changes being made, and he used to regularly fly off to Boston for a couple of days almost every week to actually work with Escher on changes to EPOSS."
492,Escher,Escher,Individual,"Alan Ward was at that time, and I know he was quite involved in the development of EPOSS at that time, because there were quite a lot of changes being made, and he used to regularly fly off to Boston for a couple of days almost every week to actually work with Escher on changes to EPOSS."
497,Gareth Jenkins,Gareth Jenkins,Individual,"He told us that there was a— or there had been a lack of formalised sign-off designs, a lack of discipline, a lack of professional qualifications in key positions, and a total disengagement of the chief architect, Gareth Jenkins, that there were poor coding standards, no methodology in place, and no unit testing."
498,EPOSS,EPOSS,Technical System,"The issues were critical, making the EPOSS product unstable."
501,Horizon,Horizon,Technical System,"Taking those in turn, you've already told us that you were not the chief architect of Horizon, but putting that aside, in relation to EPOSS, did you know whether or not there was an existence or a lack of formalised sign-off designs?"
501,EPOSS,EPOSS,Technical System,"Taking those in turn, you've already told us that you were not the chief architect of Horizon, but putting that aside, in relation to EPOSS, did you know whether or not there was an existence or a lack of formalised sign-off designs?"
504,EPOSS,EPOSS,Technical System,I have no idea what sort of processes they were following in the EPOSS team.
505,EPOSS,EPOSS,Technical System,Did you know whether or not there was a lack of discipline and a lack of professional qualifications in the EPOSS team?
509,EPOSS,EPOSS,Technical System,Did you know whether or not there was unit testing within the EPOSS team?
513,EPOSS,EPOSS,Technical System,"As to being known to everyone in the building, the other thing to remember is that the EPOSS team was based in Feltham and I was based in Bracknell."
517,EPOSS,EPOSS,Technical System,Were you aware of an EPOSS task force being set up by I don't think I was aware of it at the time.
527,the EPOSS PinICL Task Force,the EPOSS PinICL Task Force,Organisation,"It's a report of the EPOSS PinICL Task Force, and it reports on the activities of the EPOSS PinICL Task Force, which was in place between the 19th of August and the 18th of September 1998 to reduce to manageable levels the EPOSS PinICL outstanding at that time."
527,EPOSS PinICL Task Force,EPOSS PinICL Task Force,Organisation,"It's a report of the EPOSS PinICL Task Force, and it reports on the activities of the EPOSS PinICL Task Force, which was in place between the 19th of August and the 18th of September 1998 to reduce to manageable levels the EPOSS PinICL outstanding at that time."
527,EPOSS,EPOSS,Technical System,"It's a report of the EPOSS PinICL Task Force, and it reports on the activities of the EPOSS PinICL Task Force, which was in place between the 19th of August and the 18th of September 1998 to reduce to manageable levels the EPOSS PinICL outstanding at that time."
531,Austin Bennett,Austin Bennett,Individual,"The distribution does not include you, it's to Messrs Austin Bennett and McDonnell, but then library."
531,McDonnell,McDonnell,Organisation,"The distribution does not include you, it's to Messrs Austin Bennett and McDonnell, but then library."
534,ICL,ICL,Organisation,What was the nature of ICL's document library at this time?
537,Matthew Lentz,Matthew Lentz,Individual,"I think Matthew Lentz may have described something about this when he appeared a couple of weeks ago, and there was a document management system to which all documents were put and people could look at documents if they wished to do so, but normally you would only be looking at documents that either you'd written yourself or were needing— being asked to review in that library."
540,EPOSS,EPOSS,Technical System,"I suppose I could have done if I'd got nothing better to do, but I don't think I would have been particularly interested in what was happening with EPOSS at that time."
543,EPOSS,EPOSS,Technical System,"And you know— I'm not going to take you through it, we've seen it many times— it gives a very damning account account of the problems with EPOSS."
545,MacDonald,MacDonald,Individual,Mr MacDonald told us in his evidence that he presented this report to you.
548,Terry Austin,Terry Austin,Individual,"I think he presented it to whoever commissioned it, which I think I understand now is Terry Austin."
553,EPOSS PinICL Task Force,EPOSS PinICL Task Force,Organisation,I don't think I had any involvement with the EPOSS PinICL Task Force.
554,Gareth,Gareth,Individual,He said that we managed to get Gareth down to the counter team and Twice.
558,EPOSS,EPOSS,Technical System,But I don't recall having anything to do with him in terms of EPOSS.
559,API,API,Organisation,He said that his team tried to engage you in a conversation about the missing API
561,LFS,LFS,Organisation,"I think that was to do with this LFS thing that I mentioned previously, so I think that was in a role that he took on after the EPOSS team."
561,EPOSS,EPOSS,Technical System,"I think that was to do with this LFS thing that I mentioned previously, so I think that was in a role that he took on after the EPOSS team."
564,Escher,Escher,Individual,"I think it was more a case of pragmatism in that I think he wanted to totally change the way that the Escher software interfaced with the applications, and I could understand why he felt that there may have been a better way of doing it, but I could also see that there was no way that Escher was going to go and totally rewrite their software when it was basically operating and doing what it needed to do."
570,Terry Austin,Terry Austin,Individual,"He said that he was unable to engage you, to get you on his side and to lend your persuasive weight to persuade Terry Austin to rewrite the cash account."
572,Terry,Terry,Individual,"I have no recollection of that, and I can't see how I would possibly have been able to persuade Terry that something to do with the cash account when it was nothing to do Did you have what he describes as political design weight?"
581,MacDonald,MacDonald,Individual,"Leaving aside your involvement and role in the way that Mr MacDonald has described, would you agree with, looking back now, About what he said about the EPOSS team in the late 1990s."
581,EPOSS,EPOSS,Technical System,"Leaving aside your involvement and role in the way that Mr MacDonald has described, would you agree with, looking back now, About what he said about the EPOSS team in the late 1990s."
591,NFS,NFS,Organisation,"I'd say the only recollection I have is discussing issues to do with NFS, which was a later role that he moved on to."
592,EPOSS,EPOSS,Technical System,I don't remember having any real involvement with the EPOSS team at that sort of time.
594,EPOSS,EPOSS,Technical System,"If you'd been asked the question at rollout time, to what extent does the EPOSS system function well and effectively, what would your answer have been?"
601,EPOSS,EPOSS,Technical System,"If you were to give evidence later on about events that were happening in 2000, you wouldn't be able to say whether EPOSS was functioning well or not?"
616,EPOSS,EPOSS,Technical System,"No, I didn't think it was a problem as far as that was concerned, because at the times that I was giving evidence for, I believed that the EPOSS system was stable and was operating correctly."
622,Fujitsu,Fujitsu,Organisation,"Rather than giving evidence about the existence of bugs, errors and defects within Horizon, how quickly they manifested themselves to Fujitsu, how promptly the Post Office was told about them, and the extent to which subpostmasters had themselves been informed?"
622,the Post Office,Post Office,Organisation,"Rather than giving evidence about the existence of bugs, errors and defects within Horizon, how quickly they manifested themselves to Fujitsu, how promptly the Post Office was told about them, and the extent to which subpostmasters had themselves been informed?"
630,Project Impact Impact,Project Impact Impact,Organisation,"You tell us in paragraph 20 of your witness statement that you became involved in the— in Project Impact Impact, as it was called."
631,the Post Office,Post Office,Organisation,"That was the name given to it by the Post Office, and it was essentially— excuse me— the replacement of the backend accounting system."
635,Project Impact,Project Impact,Organisation,"Given your role in the project, can you describe shortly what Project Impact was designed to do so far as the backend accounting system was concerned?"
636,Post Office,Post Office,Organisation,"Post Office had a proprietary in-house system called, if I remember rightly, CBDB."
636,CBDB,CBDB,Organisation,"Post Office had a proprietary in-house system called, if I remember rightly, CBDB."
638,SAP,SAP,Organisation,"And they decided they wanted to go for a more industry standard system, and SAP was the industry standard, and probably still is, for handling accounts."
640,CBDB,CBDB,Organisation,"Now, CBDB worked on the basis that it would take the information from the cash accounts that were signed off each week and derive everything from that, which meant that it was always about a week behind what was really going on."
641,SAP,SAP,Organisation,"Whilst with an SAP system, they thought they could get a much more real-time knowledge of what was going on in the system."
642,SAP,SAP,Organisation,"So with SAP, they would know what had happened yesterday and therefore be in a much better position, particularly to control their cash flow, because they saw the amount of cash flowing through the post offices as being a fairly critical measure, because obviously cash had to be paid for, and it was all to do with Treasury interest rates and things like that that I didn't really understand, but I understood that having a good handle on exactly how much cash you had where made a big difference in terms of Post Office finances."
642,Treasury,Treasury,Organisation,"So with SAP, they would know what had happened yesterday and therefore be in a much better position, particularly to control their cash flow, because they saw the amount of cash flowing through the post offices as being a fairly critical measure, because obviously cash had to be paid for, and it was all to do with Treasury interest rates and things like that that I didn't really understand, but I understood that having a good handle on exactly how much cash you had where made a big difference in terms of Post Office finances."
642,Post Office,Post Office,Organisation,"So with SAP, they would know what had happened yesterday and therefore be in a much better position, particularly to control their cash flow, because they saw the amount of cash flowing through the post offices as being a fairly critical measure, because obviously cash had to be paid for, and it was all to do with Treasury interest rates and things like that that I didn't really understand, but I understood that having a good handle on exactly how much cash you had where made a big difference in terms of Post Office finances."
646,Paragraphs 45,Paragraphs 45,Individual,"Paragraphs 45 and 46, you say, I believe that ICL Fujitsu was only involved in one aspect of Project Impact, which was implementing changes to legacy Horizon that would enable it to interface with the new backend system."
646,Fujitsu,Fujitsu,Organisation,"Paragraphs 45 and 46, you say, I believe that ICL Fujitsu was only involved in one aspect of Project Impact, which was implementing changes to legacy Horizon that would enable it to interface with the new backend system."
646,Project Impact,Project Impact,Organisation,"Paragraphs 45 and 46, you say, I believe that ICL Fujitsu was only involved in one aspect of Project Impact, which was implementing changes to legacy Horizon that would enable it to interface with the new backend system."
646,Horizon,Horizon,Technical System,"Paragraphs 45 and 46, you say, I believe that ICL Fujitsu was only involved in one aspect of Project Impact, which was implementing changes to legacy Horizon that would enable it to interface with the new backend system."
647,S80,S80,Organisation,This was implemented in 2 phases as part of the S60 release in 2004 and the S80 release in 2005.
648,the Post Office,Post Office,Organisation,My involvement was to design the changes which the Post Office wanted.
649,Post Office,Post Office,Organisation,I remember that these phases of the work required a major re-engineering of the accounting processes in each Post Office branch.
652,Horizon,Horizon,Technical System,"And so, as the counters specialist, which which is what you were, you redesigned part of the legacy Horizon system that produced the accounts for the subpostmaster to sign off, would that be fair?"
669,Post Office,Post Office,Organisation,"So Post Office decided that the term conceptual design was what should be— the document be called, but to me it was a requirements document."
670,Post Office,Post Office,Organisation,"This was setting out what Post Office wanted to happen, and this was actually written by Post Office, though aided by a Fujitsu requirements analyst called Phil Boardman, who I believe has been in front of inquiry a year or so ago."
670,Fujitsu,Fujitsu,Organisation,"This was setting out what Post Office wanted to happen, and this was actually written by Post Office, though aided by a Fujitsu requirements analyst called Phil Boardman, who I believe has been in front of inquiry a year or so ago."
670,Phil Boardman,Phil Boardman,Individual,"This was setting out what Post Office wanted to happen, and this was actually written by Post Office, though aided by a Fujitsu requirements analyst called Phil Boardman, who I believe has been in front of inquiry a year or so ago."
674,Fujitsu,Fujitsu,Organisation,"But it was basically understanding what Fujitsu wanted to do, and my involvement was really a case of saying, well, if you want to do that, Is that practical?"
682,Post Office,Post Office,Organisation,"If we just read this together, this area of functions has the purpose of providing mechanisms to make adjustments to branch accounts to correct errors and ensure branch accounts align with the Post Office accounts within POLFS."
684,Post Office,Post Office,Organisation,"The main areas will be from within the branch, from Post Office clients, or centrally by distributing electronic transaction corrections."
686,Horizon,Horizon,Technical System,They'll be received and actioned via Horizon.
695,Post Office's,Post Office,Organisation,"Now, exactly why they wanted to do that, that was part of Post Office's business for trying to save money."
699,Post Office,Post Office,Organisation,"What I believe was behind a lot of this was they were trying to reduce the number of staff that they had in Chesterfield back office which were monitoring things like this, so they were trying to actually automate things and reduce the flexibility on the postmasters, which I thought was a business decision for Post Office and nothing for me to get involved in."
700,the Post Office,Post Office,Organisation,Were you told that the suspense account was considered by the Post Office to be a vehicle for subpostmasters to hide fraud?
702,Post Office,Post Office,Organisation,"There were various discussions about behaviours of postmasters and things like that, but— and I know the Post Office were quite keen to get rid of the suspense account."
704,Project Impact,Project Impact,Organisation,"Given that reduction on usage, if there was a discrepancy in a subpostmaster's account, after Project Impact, the subpostmaster would have to accept it and pay it before they could roll over into the new trading period, correct?"
705,Post Office,Post Office,Organisation,"That is what I understood the Post Office wanted the system to do, so yes."
706,the Post Office,Post Office,Organisation,"And if they didn't pay, the Post Office would, in the language of this document, enforce contractual requirements."
709,Horizon,Horizon,Technical System,"My focus was on what exactly was it I had to actually implement in the way that Horizon worked, and what I took from that was I had to simplify the menus for the suspense accounts, which was actually just a reference data change."
711,Horizon,Horizon,Technical System,"Was there any consideration, to your knowledge, of the importance of the accuracy of the figures produced by Horizon?"
712,Horizon,Horizon,Technical System,"Well, I always felt it was important that the figures produced by Horizon were accurate, and I, I wasn't aware that there was any doubt or challenge to that at that stage, so therefore I didn't see that as being an issue as part of what we were doing here."
717,Susan Harding,Susan Harding,Individual,"We've heard evidence from Susan Harding— that document can come down, thank you— who told us that the business drivers for the Impact Programme were to reduce the costs of the business, increasing accounting efficiency and reducing the losses to the Post Office."
717,the Post Office,Post Office,Organisation,"We've heard evidence from Susan Harding— that document can come down, thank you— who told us that the business drivers for the Impact Programme were to reduce the costs of the business, increasing accounting efficiency and reducing the losses to the Post Office."
719,Post Office,Post Office,Organisation,"I can't remember the detail of the drivers, but certainly I know that Post Office were trying to reduce their costs."
721,the Post Office's,Post Office,Organisation,Were you told that a business driver was to improve the Post Office's debt recovery from subpostmasters?
731,the Post Office,Post Office,Organisation,"You tell us in your witness statement, paragraph 43 of your first witness statement, that the decision to remove the ability of subpostmasters to post discrepancies to a suspense account was because the Post Office took what I assume to be a business decision to remove this functionality."
735,Ms Harding,Ms Harding,Individual,Ms Harding told us that it was agreed during the design of the impact programme that the suspense account would be removed because historically it was used by subpostmasters to hide discrepancies in their accounts.
749,MBSE,MBSE,Organisation,"How that actually operated, presumably through MBSE, but exactly how that operated I didn't know and didn't really concern me particularly."
750,the Post Office,Post Office,Organisation,"Do you remember being told by the Post Office that subpostmasters, quote, hid their discrepancies in the suspense account?"
764,Castleton,Castleton,Individual,"Can we break until 20 past 10, when we'll turn to Mr. Castleton's case?"
771,Jenkins,Gareth Jenkins,Individual,"Thank you very much, Mr Jenkins."
772,Mr Jenkins,Mr Jenkins,Individual,"Thank you, Mr Jenkins."
773,Lee Castleton's,Lee Castleton's,Individual,"Can we turn to Lee Castleton's case, please?"
778,the Post Office's,Post Office,Organisation,"You can see here a letter dated the 18th of November from Bond Pearce, who are the Post Office's solicitors in the case against Mr. Castleton, addressed to Fujitsu."
778,Castleton,Castleton,Individual,"You can see here a letter dated the 18th of November from Bond Pearce, who are the Post Office's solicitors in the case against Mr. Castleton, addressed to Fujitsu."
778,Fujitsu,Fujitsu,Organisation,"You can see here a letter dated the 18th of November from Bond Pearce, who are the Post Office's solicitors in the case against Mr. Castleton, addressed to Fujitsu."
781,Fujitsu,Fujitsu,Organisation,"And if we just read the first page, in summary, it says, to Fujitsu, in relation to Mr. Castleton's branch at Marine Drive, we act on behalf of the Post Office."
781,Castleton,Castleton,Individual,"And if we just read the first page, in summary, it says, to Fujitsu, in relation to Mr. Castleton's branch at Marine Drive, we act on behalf of the Post Office."
781,the Post Office,Post Office,Organisation,"And if we just read the first page, in summary, it says, to Fujitsu, in relation to Mr. Castleton's branch at Marine Drive, we act on behalf of the Post Office."
782,Castleton,Castleton,Individual,"Between those dates, Mr. Castleton was a subpostmaster at the Marine Drive Post Office."
782,the Marine Drive Post Office,the Marine Drive Post Office,Organisation,"Between those dates, Mr. Castleton was a subpostmaster at the Marine Drive Post Office."
786,The Post Office,Post Office,Organisation,The Post Office has now issued a claim against him to try to recover these net losses.
788,Castleson,Castleson,Individual,"And then 2, Mr. Castleson's defence."
789,Horizon,Horizon,Technical System,"His case is that any shortfall is entirely the fault of the problems with the Horizon computer and accounting system at Marine Drive, and that the Post Office wrongfully terminated his contract, in respect of which he suffered losses not exceeding £250,000."
789,the Post Office,Post Office,Organisation,"His case is that any shortfall is entirely the fault of the problems with the Horizon computer and accounting system at Marine Drive, and that the Post Office wrongfully terminated his contract, in respect of which he suffered losses not exceeding £250,000."
792,Bentley Johnson,Bentley Johnson,Individual,"Bentley Johnson, they were the authors of the— sorry, Jeninson, the authors of the report in the second attachment, state that deficiencies have probably been brought forward despite the fact that they've been entered onto the suspense account entry."
792,Jeninson,Jeninson,Individual,"Bentley Johnson, they were the authors of the— sorry, Jeninson, the authors of the report in the second attachment, state that deficiencies have probably been brought forward despite the fact that they've been entered onto the suspense account entry."
793,Horizon,Horizon,Technical System,"They suspect this is because the Horizon system, despite the suspense account entry, failed to recognise the entry on the daily snapshots."
796,Castleton,Castleton,Individual,"Mr. Castleton believes if he can obtain further documents such as the daily snapshots, he'll be able to undertake a manual reconciliation of the cash account in order to substantiate his belief that the losses are not real but attributable to computer error."
797,Fujitsu,Fujitsu,Organisation,"We attach an email from Fujitsu to Richard Benton at the Post Office dated the 5th of May, in which Fujitsu state, quote, it is possible that they are not accurately recording all transactions on the system."
797,Richard Benton,Richard Benton,Individual,"We attach an email from Fujitsu to Richard Benton at the Post Office dated the 5th of May, in which Fujitsu state, quote, it is possible that they are not accurately recording all transactions on the system."
797,the Post Office,Post Office,Organisation,"We attach an email from Fujitsu to Richard Benton at the Post Office dated the 5th of May, in which Fujitsu state, quote, it is possible that they are not accurately recording all transactions on the system."
800,Castleton,Castleton,Individual,Please could you review Mr Castleton's experts' reports and prepare a formal report dealing with the following points.
801,Horizon,Horizon,Technical System,"We need to explain to a judge who will know nothing about Horizon exactly how it works, etc. 2, precisely what steps Fujitsu took to examine the Horizon system at the Marine Drive branch."
801,Fujitsu,Fujitsu,Organisation,"We need to explain to a judge who will know nothing about Horizon exactly how it works, etc. 2, precisely what steps Fujitsu took to examine the Horizon system at the Marine Drive branch."
801,Marine Drive,Marine Drive,Organisation,"We need to explain to a judge who will know nothing about Horizon exactly how it works, etc. 2, precisely what steps Fujitsu took to examine the Horizon system at the Marine Drive branch."
802,Horizon,Horizon,Technical System,"3, whether there have been any similar or serious problems with the Horizon system at Marine Drive since his suspension and dismissal."
803,Castleton,Castleton,Individual,Whether you believe the suggestion put forward by Mr Castleton's experts is likely to be correct.
804,Horizon,Horizon,Technical System,"5, if there have been any human errors in the recording— in recording the transactions, could an explanation be that, A, there was nothing wrong with Horizon because it simply reflected the information entered onto it, but B, if staff entered the wrong numbers into Horizon, there may have been no real loss, even though Horizon would show a loss, because there could be human error in accounting, accurately recording transactions."
809,the Post Office,Post Office,Organisation,"Whilst the Post Office will be liable to pay your fees in preparing your report and giving evidence, your overriding duty will be to help the court on the matters within your expertise."
810,the Civil Procedure Rules,the Civil Procedure Rules,Organisation,"You agree to meet the requirements of the Civil Procedure Rules Part 35, and the copy is enclosed, and that your report will be one addressed to the court and not to the Post Office."
810,the Post Office,Post Office,Organisation,"You agree to meet the requirements of the Civil Procedure Rules Part 35, and the copy is enclosed, and that your report will be one addressed to the court and not to the Post Office."
831,Fujitsu,Fujitsu,Organisation,"You confirm that you are, one, an independent party and not the client's employee or agent, other than at the material time Fujitsu responsible for looking after the Horizon system."
831,Horizon,Horizon,Technical System,"You confirm that you are, one, an independent party and not the client's employee or agent, other than at the material time Fujitsu responsible for looking after the Horizon system."
832,the Post Office,Post Office,Organisation,"2, know of no reason why you shouldn't act as a witness for the Post Office in relation to the dispute."
833,Post Office,Post Office,Organisation,"3, will advise us in writing immediately if there's any conflict between your interests and the Post Office interests."
840,Mr Jenkins,Mr Jenkins,Individual,"I mean, I, I think I would have remembered if it had been sent to me, because, uh, I can see there that it's clearly set out what the duties are, and I'd— I wasn't aware of any of those duties until my solicitor pointed them out to me, um, when, when we first got engaged at the end of 20— When you're giving your answers, Mr Jenkins, you should refrain, unless you're doing it deliberately, from disclosing communications between your current solicitor and you which involve either the seeking of legal advice by you or the provision of legal advice to you."
862,FUJ00154713,FUJ00154713,Organisation,Can we turn please to FUJ00154713?
865,Marine Drive,Marine Drive,Individual,It's an email dated the 8th of December 2005 about Marine Drive from you to Brian Pinder.
865,Brian Pinder,Brian Pinder,Individual,It's an email dated the 8th of December 2005 about Marine Drive from you to Brian Pinder.
867,Brian Pinder's,Brian Pinder's,Individual,What was Brian Pinder's function at this time?
869,Fujitsu,Fujitsu,Organisation,And just tell us what the Fujitsu security team did.
870,Post Office,Post Office,Organisation,"They were responsible for overall security, so making sure that the systems were secure, but they were also involved with communicating with Post Office in terms of providing what was called prosecution support or litigation support."
877,Brian,Brian,Individual,"Uh, Brian, I think that's you writing, isn't it?"
881,Post Office,Post Office,Organisation,"Um, I've been asked by the fraud investigation team to answer several questions to assist an inquiry regarding a Post Office employee, subpostmaster, alleging that the Horizon system may have lost his money."
881,Horizon,Horizon,Technical System,"Um, I've been asked by the fraud investigation team to answer several questions to assist an inquiry regarding a Post Office employee, subpostmaster, alleging that the Horizon system may have lost his money."
883,Graham,Graham,Individual,The answers are being directed back to Graham.
884,Graham Ward,Graham Ward,Individual,Would you understand that to be Graham Ward?
888,Pinder,Pinder,Individual,Is that part in black there something that Mr Pinder wrote?
891,Brian,Brian,Individual,"Trying to decode it then, that second paragraph then after the word Brian looks like it's Mr Pinder Having sent that to you and then you've cut it into his— into your email back?"
891,Pinder Having,Pinder Having,Individual,"Trying to decode it then, that second paragraph then after the word Brian looks like it's Mr Pinder Having sent that to you and then you've cut it into his— into your email back?"
893,Horizon,Horizon,Technical System,"And then there's a part in lighter text, almost grey: If there have been human errors in recording the transactions, could an explanation be that: a) there was nothing wrong with Horizon because it simply reflected the information entered onto it; but— just stopping there."
894,Pinder,Pinder,Individual,Is that likely to be what Mr Pinder has included in his original email to you?
896,Bomb Pierce,Bomb Pierce,Organisation,One of the 6 questions in the Bomb Pierce letter of 18 November.
897,Horizon,Horizon,Technical System,"And then you reply, is this right, this is certainly true, i.e., Horizon simply reflects the Correct, that would have been my comment."
897,Correct,Correct,Organisation,"And then you reply, is this right, this is certainly true, i.e., Horizon simply reflects the Correct, that would have been my comment."
898,Horizon,Horizon,Technical System,"So in relation to if there have been human errors in recording the transactions, could an explanation be there's nothing wrong with Horizon because it simply reflected information entered into it?"
899,Horizon,Horizon,Technical System,"And you say this is certainly true, i.e., simply Horizon simply reflects the information entered into it?"
905,Horizon,Horizon,Technical System,"Yes, because Horizon is going to record What is actually entered into it, whether that reflects what happened in the real world, and if you do a typo when you put information into Horizon, then it's going to accurately record that typo."
906,Horizon,Horizon,Technical System,"And then part B of the original question, if staff entered the wrong numbers into Horizon, there may have been no real loss, even though Horizon would show a loss, because there could be a human error inaccurately recording transactions."
910,Horizon,Horizon,Technical System,"However, if there is some sort of misentering of data into Horizon, then there would be another corresponding error which should be picked up, e.g., as a stock error or some AP client being credited with an incorrect amount."
910,AP,AP,Organisation,"However, if there is some sort of misentering of data into Horizon, then there would be another corresponding error which should be picked up, e.g., as a stock error or some AP client being credited with an incorrect amount."
919,Post Office,Post Office,Organisation,"Without understanding exactly what is alleged by Post Office and the subpostmaster, I don't feel I can add anything further."
946,Probably,Probably,Individual,"Well, the fact that the request was coming from the security team suggested that they Probably was."
955,Dave Baldwin,Dave Baldwin,Individual,"There's then a part of the text which says: I've spoken with Dave Baldwin, etcetera."
956,Pinder,Pinder,Individual,Is that paragraph again Mr Pinder?
958,Dave Baldwin,Dave Baldwin,Individual,"I've spoken to Dave Baldwin on this, he recommended I speak with you, I'll also be liaising with him on my final response, as we're fundamentally of the opinion that Horizon does not eat money, merely accounts for its placement."
958,Horizon,Horizon,Technical System,"I've spoken to Dave Baldwin on this, he recommended I speak with you, I'll also be liaising with him on my final response, as we're fundamentally of the opinion that Horizon does not eat money, merely accounts for its placement."
959,Saying,Saying,Individual,"And then you finish, I think this is you at the end, Saying, happy to discuss further if you want to look at some more specific areas of Horizon."
959,Horizon,Horizon,Technical System,"And then you finish, I think this is you at the end, Saying, happy to discuss further if you want to look at some more specific areas of Horizon."
965,Pinder,Pinder,Individual,"Later that day, Mr Pinder writes back to you and says, for your information, Gareth, this is the response I intend to send to Graham."
965,Gareth,Gareth,Individual,"Later that day, Mr Pinder writes back to you and says, for your information, Gareth, this is the response I intend to send to Graham."
965,Graham,Graham,Individual,"Later that day, Mr Pinder writes back to you and says, for your information, Gareth, this is the response I intend to send to Graham."
992,Brian Pinder,Brian Pinder,Individual,"I don't know, I think you'd have to ask Brian Pinder."
1007,Beer,Beer,Individual,"Before we do, Mr Beer, I'm slightly puzzled, and it may just be me, about, um, how this email, the one that's on the screen, begins, for your information, and then this, this is the response I intend to send to Graham, re your question, if that's okay."
1007,Graham,Graham,Individual,"Before we do, Mr Beer, I'm slightly puzzled, and it may just be me, about, um, how this email, the one that's on the screen, begins, for your information, and then this, this is the response I intend to send to Graham, re your question, if that's okay."
1008,Pinder,Pinder,Individual,"Now, um, to me that reads as if Mr. Pinder is going to send this response to Graham if it's okay with Mr. Jenkins, because it's the question that Mr. Jenkins has asked him."
1008,Graham,Graham,Individual,"Now, um, to me that reads as if Mr. Pinder is going to send this response to Graham if it's okay with Mr. Jenkins, because it's the question that Mr. Jenkins has asked him."
1008,Jenkins,Gareth Jenkins,Individual,"Now, um, to me that reads as if Mr. Pinder is going to send this response to Graham if it's okay with Mr. Jenkins, because it's the question that Mr. Jenkins has asked him."
1011,Pinder,Pinder,Individual,"And is that consistent with the interpretation that was, um, given to the preceding, uh, emails, which suggested that it was Mr Pinder who was seeking to ask questions of Mr Jenkins rather than Mr Jenkins asking questions of Mr Pinder."
1017,Pinder,Pinder,Individual,"As I read this, There must have been an earlier email that we haven't got in which Mr Pinder sent that first paragraph, I've been asked by the fraud investigation team, and then the second paragraph which says if there have been human errors, if that's marked, and then the paragraph at A, if that can be marked."
1020,Jenkins,Gareth Jenkins,Individual,And then Mr. Jenkins has replied in the darker text.
1025,Gareth Jenkins,Gareth Jenkins,Individual,"If we go back up to the top page, do you understand that this is Mr Pinder saying to you, everything below the words comments from Gareth Jenkins and including the words comments for Gareth Jenkins is what I, Brian Pinder, are going to send to Greg."
1025,Brian Pinder,Brian Pinder,Individual,"If we go back up to the top page, do you understand that this is Mr Pinder saying to you, everything below the words comments from Gareth Jenkins and including the words comments for Gareth Jenkins is what I, Brian Pinder, are going to send to Greg."
1025,Greg,Greg,Individual,"If we go back up to the top page, do you understand that this is Mr Pinder saying to you, everything below the words comments from Gareth Jenkins and including the words comments for Gareth Jenkins is what I, Brian Pinder, are going to send to Greg."
1029,Mr Jenkins,Mr Jenkins,Individual,"So I think what that— the your— I don't want to give evidence here, but— Maybe I should just ask Mr Jenkins, what do you think?"
1030,Graham Ward,Graham Ward,Individual,"I, I think the re: your question My understanding is that Graham Ward had asked Brian Pinder 6 questions."
1030,Brian Pinder,Brian Pinder,Individual,"I, I think the re: your question My understanding is that Graham Ward had asked Brian Pinder 6 questions."
1031,Graham Ward,Graham Ward,Individual,"He had identified one of those questions for me to respond to, namely question 6 I think it was, and therefore what he's saying is, in response to your— the question that I've allocated to you, this is the answer I intend to send to Graham Ward in response to that specific question."
1038,Graham,Graham,Individual,"So that should read, I intend to send to Graham the question that has been allocated to you, if that's okay?"
1050,Brian,Brian,Individual,"So I think what Brian had interpreted from that, therefore I wasn't going to comment on it, and that's why I would have been happy with, I'm not happy to comment."
1057,Brian Pinder's,Brian Pinder's,Individual,"This is, if we just look at the foot of the page, Brian Pinder's document."
1059,Graham,Graham,Individual,"Addressed to Graham, which is going to be Graham Ward."
1059,Graham Ward,Graham Ward,Individual,"Addressed to Graham, which is going to be Graham Ward."
1061,Bond-Pierce,Bond-Pierce,Organisation,"He says, in response to your email request dated 28 November concerning the questions raised at paragraph 3 of the above document, the above document being the Bond-Pierce letter that we've looked at."
1063,Ann Chambers,Ann Chambers,Individual,"Question 2, it refers to, in the answer, a response from Ann Chambers which is attached."
1064,Pinder,Pinder,Individual,"If we scroll down, please, to question 5, you'll see that the full question in 3 parts is set out, and the reply from Mr Pinder is Gareth Jenkins' response attached."
1064,Gareth Jenkins',Gareth Jenkins',Individual,"If we scroll down, please, to question 5, you'll see that the full question in 3 parts is set out, and the reply from Mr Pinder is Gareth Jenkins' response attached."
1066,Pinder,Pinder,Individual,So this was the attachment to Mr Pinder's document.
1067,FYI,FYI,Organisation,"Can you see that it's essentially his email back to you, the FYI email?"
1071,the Post Office,Post Office,Organisation,So the shortened reply has been sent back to the Post Office.
1072,the Post Office,Post Office,Organisation,"You were able to comment, weren't you, whereas your reply has gone back to the Post Office saying that you're not able to comment?"
1074,Fujitsu,Fujitsu,Organisation,Was the reason for that because it was thought that an investigation of what the subpostmaster was saying might not be in Fujitsu's best interests?
1076,Dan,Dan,Individual,"I would have been quite happy to investigate and look at exactly what had happened in the branch, and in fact I believe at some later stage I did assist Dan in doing some investigations there."
1077,Fujitsu,Fujitsu,Organisation,Was the reason for the different reply that an investigation might reveal issues that Fujitsu didn't really want to speak about?
1080,Bond Pearce,Bond Pearce,Organisation,I think you subsequently attended a conference on the 6th of June 2006 with representatives of Bond Pearce and others.
1085,Lee Castleton,Lee Castleton,Individual,"We can see this is an attendance note in the case of Lee Castleton, dated the 6th of June 2006."
1087,Fujitsu,Fujitsu,Organisation,This is at Fujitsu's HQ in Bracknell.
1088,Brian Pinder,Brian Pinder,Individual,"In attendance were, if we scroll down, solicitors, the first 3 people, Then Brian Pinder, Peter Sewell, Andy— I think that's Dunks."
1088,Peter Sewell,Peter Sewell,Individual,"In attendance were, if we scroll down, solicitors, the first 3 people, Then Brian Pinder, Peter Sewell, Andy— I think that's Dunks."
1088,Andy,Andy,Individual,"In attendance were, if we scroll down, solicitors, the first 3 people, Then Brian Pinder, Peter Sewell, Andy— I think that's Dunks."
1088,Dunks,Dunks,Organisation,"In attendance were, if we scroll down, solicitors, the first 3 people, Then Brian Pinder, Peter Sewell, Andy— I think that's Dunks."
1090,Mr Dunks,Mr Dunks,Individual,I think he's called Mr Dunks.
1091,Anne Chambers,Anne Chambers,Individual,"Anne Chambers, Naomi Ellis, and you, distinguished engineer of Fujitsu."
1091,Naomi Ellis,Naomi Ellis,Organisation,"Anne Chambers, Naomi Ellis, and you, distinguished engineer of Fujitsu."
1091,Fujitsu,Fujitsu,Organisation,"Anne Chambers, Naomi Ellis, and you, distinguished engineer of Fujitsu."
1094,Anne Chambers,Anne Chambers,Individual,Do you recall any discussion in this meeting about you or Anne Chambers giving evidence?
1096,Anne,Anne,Individual,I do know that Anne eventually ended up giving evidence in the case
1098,Bond-Pierce,Bond-Pierce,Organisation,You remember the second page of the Bond-Pierce letter and onto the third page of the Bond-Pierce letter?
1107,Pearce,Pearce,Individual,Had the guidance that Bond Pearce had given about the provision of expert evidence by a Fujitsu employee been forgotten by this stage?
1107,Fujitsu,Fujitsu,Organisation,Had the guidance that Bond Pearce had given about the provision of expert evidence by a Fujitsu employee been forgotten by this stage?
1109,Anne Chambers,Anne Chambers,Individual,"In any event, your recollection is that that wasn't gone over again in the context of either you or Anne Chambers giving evidence?"
1117,Bond Pearce,Bond Pearce,Organisation,"From the solicitor at Bond Pearce, Stephen Dilley, to Mr Pinder."
1117,Stephen Dilley,Stephen Dilley,Individual,"From the solicitor at Bond Pearce, Stephen Dilley, to Mr Pinder."
1117,Pinder,Pinder,Individual,"From the solicitor at Bond Pearce, Stephen Dilley, to Mr Pinder."
1118,Graham Ward,Graham Ward,Individual,"copied to Graham Ward and Mandy Talbot, so not you at this stage."
1118,Mandy Talbot,Mandy Talbot,Individual,"copied to Graham Ward and Mandy Talbot, so not you at this stage."
1124,Castleton,Castleton,Individual,"In the meantime, I attach a letter received on 7th of June from Mr. Castleton's solicitors."
1126,Horizon,Horizon,Technical System,"Basically, they state the Horizon system is equipped with a facility via which its operating software can be updated remotely via the connection to the Post Office's head office, and that the system sometimes went offline when there are software updates."
1126,the Post Office's,Post Office,Organisation,"Basically, they state the Horizon system is equipped with a facility via which its operating software can be updated remotely via the connection to the Post Office's head office, and that the system sometimes went offline when there are software updates."
1142,Brian Pinder,Brian Pinder,Individual,Brian Pinder sends that on to you and Penny Thomas.
1142,Penny Thomas,Penny Thomas,Individual,Brian Pinder sends that on to you and Penny Thomas.
1148,Software,Software,Organisation,"Software updates are relatively rare and normally only take place between 8 PM and 1 AM, and again before 4 AM and 7 AM, with occasional extensions at the weekend."
1149,Horizon,Horizon,Technical System,This puts them well outside the normal operational hours of Horizon.
1154,Marine Drive,Marine Drive,Organisation,"I don't know how long these are retained, whether they're included in the audit trail, so you can check the history from— excuse me— from Marine Drive in 2004, and then you suggest a place to start."
1155,Bond-Pierce,Bond-Pierce,Organisation,"In the provision of this information, which is a reply about a species of remote access, Had the guidance in the Bond-Pierce letter been drawn to your attention about the provision of expert evidence?"
1161,Pinder,Pinder,Individual,An email from Mr Ward to Mr Pinder and Mr Sewell.
1161,Mr Sewell,Mr Sewell,Individual,An email from Mr Ward to Mr Pinder and Mr Sewell.
1164,Stephen Dilley,Stephen Dilley,Individual,"Stephen Dilley, representing the Post Office, is asking if it's possible that someone undertakes an analysis of figures recorded on transaction logs."
1164,the Post Office,Post Office,Organisation,"Stephen Dilley, representing the Post Office, is asking if it's possible that someone undertakes an analysis of figures recorded on transaction logs."
1165,Castleton,Castleton,Organisation,It appears that The solicitors for Castleton are saying that they've compared the transaction logs with the cash accounts for week 42 themselves and they don't match.
1166,Horizon,Horizon,Technical System,They conclude that Horizon is therefore only recording half the transactions.
1167,Horizon,Horizon,Technical System,"And then reading second, third paragraph, given this is a test case and that the integrity of the Horizon system is being challenged, my own opinion is that this exercise should be completed by an expert, in inverted commas, from Fujitsu."
1167,Fujitsu,Fujitsu,Organisation,"And then reading second, third paragraph, given this is a test case and that the integrity of the Horizon system is being challenged, my own opinion is that this exercise should be completed by an expert, in inverted commas, from Fujitsu."
1170,Fujitsu,Fujitsu,Organisation,"My first question is, one, is this an exercise that Fujitsu could undertake, possibly by Gareth, perhaps, who would presumably have a thorough understanding of the figures recorded on both the transaction logs and the figures on an office cash account?"
1170,Gareth,Gareth,Individual,"My first question is, one, is this an exercise that Fujitsu could undertake, possibly by Gareth, perhaps, who would presumably have a thorough understanding of the figures recorded on both the transaction logs and the figures on an office cash account?"
1173,Pinder,Pinder,Individual,"And then if we scroll up, please, we'll see there that Mr. Pinder forwards the email to you on the 31st of July asking Is this something you can provide?"
1181,Penny,Penny,Organisation,I'll probably need help from Penny in carrying out extracts from the relevant message stores.
1183,Anne Chambers,Anne Chambers,Individual,Anne Chambers might be able to do a similar analysis and she might have some tools to help.
1190,Please,Please,Organisation,"Can we look, please, Please, at FUJ 0015-2290."
1192,Sewell,Sewell,Individual,"And, uh, you say there on the 7th of August to Mr. Sewell in relation to the Castleton case and transaction logs, second paragraph."
1192,Castleton,Castleton,Organisation,"And, uh, you say there on the 7th of August to Mr. Sewell in relation to the Castleton case and transaction logs, second paragraph."
1193,Anne,Anne,Individual,I've spoke with Anne this morning.
1196,Penny,Penny,Organisation,"Proposal is approved, she will carry out the initial analysis based on transactions we get from Penny."
1197,the Post Office,Post Office,Organisation,Then we will review them together and I'll front up any report we present to the Post Office.
1203,Marine Drive,Marine Drive,Individual,"17th of August now, 2006, about Marine Drive from Anne Chambers to you."
1203,Anne Chambers,Anne Chambers,Individual,"17th of August now, 2006, about Marine Drive from Anne Chambers to you."
1204,Marine Drive,Marine Drive,Organisation,"She says, I've spent some time recalculating the CAP 42, the cash account period 42 cash account for Marine Drive and addressing the points in the letter"
1213,Ms Chambers,Ms Chambers,Individual,"And so Ms Chambers had been asked by you to do the work, or it had been agreed by you that she should do the work; is that right?"
1222,Dilley,Dilley,Individual,"An email of the 2nd of August from Mr. Dilley, the solicitor, to Brian Pinder and others, not including you, with the subject First Draft Statement of Gareth Jenkins, and says to Mr. Pinder, I refer to our previous correspondence and attach the first draft of witness statement and exhibit for Gareth Jenkins."
1222,Brian Pinder,Brian Pinder,Individual,"An email of the 2nd of August from Mr. Dilley, the solicitor, to Brian Pinder and others, not including you, with the subject First Draft Statement of Gareth Jenkins, and says to Mr. Pinder, I refer to our previous correspondence and attach the first draft of witness statement and exhibit for Gareth Jenkins."
1222,First Draft Statement,First Draft Statement,Organisation,"An email of the 2nd of August from Mr. Dilley, the solicitor, to Brian Pinder and others, not including you, with the subject First Draft Statement of Gareth Jenkins, and says to Mr. Pinder, I refer to our previous correspondence and attach the first draft of witness statement and exhibit for Gareth Jenkins."
1222,Gareth Jenkins,Gareth Jenkins,Individual,"An email of the 2nd of August from Mr. Dilley, the solicitor, to Brian Pinder and others, not including you, with the subject First Draft Statement of Gareth Jenkins, and says to Mr. Pinder, I refer to our previous correspondence and attach the first draft of witness statement and exhibit for Gareth Jenkins."
1222,Pinder,Pinder,Individual,"An email of the 2nd of August from Mr. Dilley, the solicitor, to Brian Pinder and others, not including you, with the subject First Draft Statement of Gareth Jenkins, and says to Mr. Pinder, I refer to our previous correspondence and attach the first draft of witness statement and exhibit for Gareth Jenkins."
1223,Horizon,Horizon,Technical System,"It's designed to explain what Horizon is, comment on Mr Castleton's allegations about the Horizon system."
1223,Castleton,Castleton,Organisation,"It's designed to explain what Horizon is, comment on Mr Castleton's allegations about the Horizon system."
1224,Anne,Anne,Organisation,I'm preparing a separate statement for Anne to follow shortly which will deal with the call logs.
1244,Pinder,Pinder,Individual,"I think you, um, were subsequently informed by Mr. Pinder, uh, that you wouldn't be required to give, um, evidence in Mr. Castleton's case."
1244,Castleton,Castleton,Individual,"I think you, um, were subsequently informed by Mr. Pinder, uh, that you wouldn't be required to give, um, evidence in Mr. Castleton's case."
1247,Pinder,Pinder,Individual,"Do you remember, um, Mr. Pinder informing you directly that you would not be required to give evidence in Mr. Castleton's case?"
1247,Castleton,Castleton,Individual,"Do you remember, um, Mr. Pinder informing you directly that you would not be required to give evidence in Mr. Castleton's case?"
1256,Pinder,Pinder,Individual,"I think, again, as is, or as was your practice, you have cut into an email, the contents of Mr Pinder's email, and replied to it?"
1258,Pinder,Pinder,Individual,And so the first part of the text in the 2 lightly shaded paragraphs is what Mr Pinder is saying; is that right?
1261,Stephen up re,Stephen up re,Individual,"He says, just been chasing Stephen up re your attendance and any matters still outstanding for us, Post Office account, as follows— my words."
1261,Post Office,Post Office,Organisation,"He says, just been chasing Stephen up re your attendance and any matters still outstanding for us, Post Office account, as follows— my words."
1262,Jenkins,Gareth Jenkins,Individual,"He states that although you— that's you, Mr. Jenkins— would probably make a good witness, it is for evidential reasons that you cannot be called, to do with evidence of opinion in inverted commas, expert evidence and real evidence, etc., etc."
1265,Lee Carstensen,Lee Carstensen,Individual,"Was that the limit of the explanation that you received as, um, to why you were not being called as a witness in the Lee Carstensen case?"
1282,Anne Chambers',Anne Chambers',Individual,"You tell us in your witness statements that you didn't see Anne Chambers' afterthoughts document either at the time or until this inquiry, essentially."
1287,Anne,Anne,Individual,"I think it was really as part of this thing that it was a case of it had been decided that because Anne had done the original analysis, and I think she'd done the analysis I think there may have been a call, was there, back in 2004, because I think her analysis was partly based on work that she'd actually done at the time, and therefore that was why she needed to give the evidence, because she'd actually done the original analysis, and therefore me giving evidence, just reporting what she told me, didn't really work."
1289,Ann Chambers,Ann Chambers,Individual,"Was that explained to you at the time, i.e., that Ann Chambers is the one that's been selected to give evidence because she could give some evidence of primary facts, i.e., work that she had undertaken in answering a helpdesk query in 2004?"
1295,Afterthoughts,Afterthoughts,Individual,Are you talking about the Afterthoughts document?
1318,Jenkins,Gareth Jenkins,Individual,"Mr Jenkins, in your— I'm going to turn to the capacity in which you gave evidence in witness statements and then orally in the Seema Misra case."
1322,Horizon,Horizon,Technical System,"In your witness statements provided to the inquiry, on a number of occasions you explain That you were not the chief architect for Horizon, correct?"
1324,Post Office,Post Office,Organisation,Nor indeed a lead engineer for the Post Office account?
1326,Horizon,Horizon,Technical System,"And you explained that you were not the only person involved in the development of Horizon, nor the maintenance of it when it was up and running?"
1328,the Post Office,Post Office,Organisation,Why did the Post Office rely on you specifically as its expert witness?
1330,Horizon,Horizon,Technical System,"I did have a fairly good overview knowledge of the whole of Horizon because of really going back to my role in the agent team, because the whole point of the agents was to sit in the middle and see the difference between what was happening at the counter and what was happening at the back end, and obviously with the work I did on Impact, I got a much more detailed knowledge of how the counter operated."
1331,Horizon,Horizon,Technical System,"So from that point of view, I probably was one of the people who had a good overview knowledge of how the Horizon system worked, but I don't think I was necessarily the only person."
1335,Fujitsu,Fujitsu,Organisation,Did you ever discuss the role that you were performing as a witness with anyone senior at Fujitsu?
1337,Fujitsu,Fujitsu,Organisation,Did you ever discuss with anyone senior at Fujitsu the demands being placed upon you by the Post Office?
1337,the Post Office,Post Office,Organisation,Did you ever discuss with anyone senior at Fujitsu the demands being placed upon you by the Post Office?
1341,the Post Office,Post Office,Organisation,Was the focus on your capacity and the money that the Post Office would be charged for the work that you did?
1342,Post Office,Post Office,Organisation,I don't think the money came into it because the Post Office were paying for me regardless of what I did.
1350,the Post Office,Post Office,Organisation,"During your involvement in the various criminal cases, did you feel under any pressure placed upon you by the Post Office or its lawyers publicly to refute any suggestion by the defense that there were issues with the reliability of Horizon?"
1350,Horizon,Horizon,Technical System,"During your involvement in the various criminal cases, did you feel under any pressure placed upon you by the Post Office or its lawyers publicly to refute any suggestion by the defense that there were issues with the reliability of Horizon?"
1352,the Post Office,Post Office,Organisation,What did you think at the time at that pressure being placed upon you by the Post Office?
1358,Fujitsu,Fujitsu,Organisation,Did you raise that with anyone senior at Fujitsu?
1359,David Jones,David Jones,Individual,"I think I did— well, I certainly had conversations with David Jones back in February 2010."
1360,Post Office,Post Office,Organisation,He was a Post Office lawyer?
1361,Fujitsu,Fujitsu,Organisation,"No, he was a Fujitsu lawyer."
1362,Fujitsu,Fujitsu,Organisation,"Sorry, I meant a Fujitsu lawyer."
1363,Fujitsu,Fujitsu,Organisation,"Yes, he was a Fujitsu lawyer."
1364,Penny,Penny,Organisation,I think that was really instigated by Penny rather than myself.
1365,the Post Office,Post Office,Organisation,"She felt that the Post Office were getting to be very demanding of Fujitsu in general and me and her to some extent in particular, because not only was there the case for Mrs. Misra, there was also the case to do with Mr. Hosey going on at the same sort of time, and she felt that it was important that we had some sort of legal cover, for want of a better word, of the way that it was being approached."
1365,Fujitsu,Fujitsu,Organisation,"She felt that the Post Office were getting to be very demanding of Fujitsu in general and me and her to some extent in particular, because not only was there the case for Mrs. Misra, there was also the case to do with Mr. Hosey going on at the same sort of time, and she felt that it was important that we had some sort of legal cover, for want of a better word, of the way that it was being approached."
1365,Misra,Misra,Individual,"She felt that the Post Office were getting to be very demanding of Fujitsu in general and me and her to some extent in particular, because not only was there the case for Mrs. Misra, there was also the case to do with Mr. Hosey going on at the same sort of time, and she felt that it was important that we had some sort of legal cover, for want of a better word, of the way that it was being approached."
1365,Hosey,Hosey,Individual,"She felt that the Post Office were getting to be very demanding of Fujitsu in general and me and her to some extent in particular, because not only was there the case for Mrs. Misra, there was also the case to do with Mr. Hosey going on at the same sort of time, and she felt that it was important that we had some sort of legal cover, for want of a better word, of the way that it was being approached."
1366,David Jones,David Jones,Individual,"And so she set up this meeting with David Jones, which lasted about an hour or so, something like that, where basically what my memory came out of that is, we'll just tell the truth and what happened and— That's right."
1372,the Post Office,Post Office,Organisation,"I think it's right, isn't it, that the Post Office and its lawyers made a series of direct approaches to you on a number of occasions?"
1374,Penny,Penny,Individual,"They should have been communicating with me through Penny and the prosecution support team, and there were a number of cases where I was approached directly, and in most of those cases I then forwarded the emails on to Penny and tried tried to get some sort of control back on the process."
1374,Penny,Penny,Organisation,"They should have been communicating with me through Penny and the prosecution support team, and there were a number of cases where I was approached directly, and in most of those cases I then forwarded the emails on to Penny and tried tried to get some sort of control back on the process."
1375,Mr Jenkins,Mr Jenkins,Individual,"Can we just look at some examples of those, please, Mr Jenkins?"
1379,Rachel Panter,Rachel Panter,Individual,You reply on the 16th of November to Rachel Panter.
1381,Cartwright King,Cartwright King,Individual,"She was a lawyer working for Cartwright King, I believe."
1382,Rachel,Rachel,Individual,"And you say, Rachel, can't you use the report I've already sent you?"
1384,the Post Office,Post Office,Organisation,You should really be addressing such requests through the Post Office.
1387,Nimesh Patel,Nimesh Patel,Organisation,"As far as I know, there's no commercial cover in place for me to spend my time on such activities, and that includes the case of Nimesh Patel."
1389,James Davidson,James Davidson,Individual,"James Davidson, a delivery executive, says to Miss Panton— and you're copied in— so Panter, I'm concerned at the engagement approach being taken here."
1389,Panton,Panton,Individual,"James Davidson, a delivery executive, says to Miss Panton— and you're copied in— so Panter, I'm concerned at the engagement approach being taken here."
1389,Panter,Panter,Individual,"James Davidson, a delivery executive, says to Miss Panton— and you're copied in— so Panter, I'm concerned at the engagement approach being taken here."
1390,Post Office,Post Office,Organisation,"We're fully on board to support, but all approaches must come through Post Office by the correct change process."
1391,the Post Office,Post Office,Organisation,Is this an example of you pulling the Post Office up on direct approaches to you?
1392,Rachel Panter,Rachel Panter,Individual,"Indeed it was, and if you've noticed on the previous email, although I'd been sent the email directly by Rachel Panter, When I responded, I copied in both Penny Thomas and James Davidson, so they were aware of the fact that I'd been approached."
1392,Penny Thomas,Penny Thomas,Individual,"Indeed it was, and if you've noticed on the previous email, although I'd been sent the email directly by Rachel Panter, When I responded, I copied in both Penny Thomas and James Davidson, so they were aware of the fact that I'd been approached."
1392,James Davidson,James Davidson,Individual,"Indeed it was, and if you've noticed on the previous email, although I'd been sent the email directly by Rachel Panter, When I responded, I copied in both Penny Thomas and James Davidson, so they were aware of the fact that I'd been approached."
1393,the Post Office,Post Office,Organisation,And what was the issue in your mind with a direct approach from the Post Office?
1395,Penny,Penny,Organisation,"The main one was that I felt that the prosecution support team, namely Penny, needed to be aware of what was going on and and that we actually had a single point of contact so that Fujitsu was aware of what Post Office was requiring them to do in terms of legal processes and so on."
1395,Fujitsu,Fujitsu,Organisation,"The main one was that I felt that the prosecution support team, namely Penny, needed to be aware of what was going on and and that we actually had a single point of contact so that Fujitsu was aware of what Post Office was requiring them to do in terms of legal processes and so on."
1395,Post Office,Post Office,Organisation,"The main one was that I felt that the prosecution support team, namely Penny, needed to be aware of what was going on and and that we actually had a single point of contact so that Fujitsu was aware of what Post Office was requiring them to do in terms of legal processes and so on."
1397,Post Office,Post Office,Organisation,"Just so that the right people knew what was going on, and then there was separately the question of making sure that Post Office was being charged correctly for the use of time and so on."
1399,Fujitsu,Fujitsu,Organisation,"So just going back to the first reason you gave there, or the first issue, why was it important that the Fujitsu prosecution support team were cited on these exchanges?"
1402,Post Office,Post Office,Organisation,"There was supposed to be a line of communication between the Post Office legal department— well, not the legal department, their investigators."
1403,Jane Owen,Jane Owen,Individual,"Jane Owen is the name that I think of in that role, and the Fujitsu team, to actually know what was going on, to coordinate the work, so as to be aware of what was happening and what was going on."
1403,Fujitsu,Fujitsu,Organisation,"Jane Owen is the name that I think of in that role, and the Fujitsu team, to actually know what was going on, to coordinate the work, so as to be aware of what was happening and what was going on."
1410,Fujitsu,Fujitsu,Organisation,Was it in your mind that Fujitsu was a third party to a prosecution might be required to disclose material to a court?
1414,Fujitsu,Fujitsu,Organisation,Did you ever come to understand that Fujitsu may owe duties of disclosure?
1415,Post Office,Post Office,Organisation,"No, as far as I understood it, the disclosure was something that Post Office needed to worry about, not— it wasn't something that affected me or Fujitsu."
1415,Fujitsu,Fujitsu,Organisation,"No, as far as I understood it, the disclosure was something that Post Office needed to worry about, not— it wasn't something that affected me or Fujitsu."
1416,the Post Office's,Post Office,Organisation,What was your understanding of the Post Office's duties of disclosure?
1421,Fujitsu,Fujitsu,Organisation,"In any of those discussions, Were the extent of Fujitsu or your own duties of disclosure discussed?"
1427,Jane Irwin,Jane Irwin,Individual,"An email from Jane Irwin on the 16th of November 2012, which is the same day we were looking at the moment, to Penny Thomas, copied to Jane Bradbury."
1427,Penny Thomas,Penny Thomas,Individual,"An email from Jane Irwin on the 16th of November 2012, which is the same day we were looking at the moment, to Penny Thomas, copied to Jane Bradbury."
1427,Jane Bradbury,Jane Bradbury,Individual,"An email from Jane Irwin on the 16th of November 2012, which is the same day we were looking at the moment, to Penny Thomas, copied to Jane Bradbury."
1431,Jane Owen,Jane Owen,Individual,"Anyway, Jane Owen, security manager in the Post Office, says, hi Penny, I'm a little out of the loop with this now, I've changed roles."
1431,the Post Office,Post Office,Organisation,"Anyway, Jane Owen, security manager in the Post Office, says, hi Penny, I'm a little out of the loop with this now, I've changed roles."
1431,Penny,Penny,Individual,"Anyway, Jane Owen, security manager in the Post Office, says, hi Penny, I'm a little out of the loop with this now, I've changed roles."
1432,Mark,Mark,Individual,I asked Mark about raising an invoice.
1433,Sharon,Sharon,Individual,"He has the budget to cover the expert witness requirements for one of Sharon's cases, which I think the email below will relate Back in April, an order was raised, but we were never invoiced."
1435,Gareth,Gareth,Individual,"Gareth has been approached directly by an external solicitor, and Jane will need to start discussions with our team leaders on how we prevent this from happening going forward, as it's clearly unacceptable that he be, quote, ambushed, um, in this way."
1435,Jane,Jane,Individual,"Gareth has been approached directly by an external solicitor, and Jane will need to start discussions with our team leaders on how we prevent this from happening going forward, as it's clearly unacceptable that he be, quote, ambushed, um, in this way."
1436,the Post Office,Post Office,Organisation,And did you feel that you were being ambushed by the Post Office?
1438,Rachel Panter,Rachel Panter,Individual,"I wouldn't necessarily have used that word, but I mean, clearly having this email out of the blue from Rachel Panter in November, when the last contact I'd had about any of these cases was about a month before that, was a bit of a surprise."
1439,Post Office,Post Office,Organisation,"And clearly I felt that we needed to have some sort of control as to how my work was to be scheduled and how Post Office was managing this, and I see this as being Post Office trying to actually get that— some control put back in there."
1453,Angela Vandenberghe,Angela Vandenberghe,Individual,This is an email exchange between you and Angela Vandenberghe.
1464,Helen Rose,Helen Rose,Individual,"When you say Helen Rose report, I'm aware of 2 Helen Rose reports."
1465,Lepton,Lepton,Individual,Are we talking about Lepton here?
1468,Vanden Bogart,Vanden Bogart,Individual,I think Ms Vanden Bogart is asking you questions about it.
1469,Angela Vanden Bogart,Angela Vanden Bogart,Individual,"Yes, this looks again like an email from Angela Vanden Bogart to myself."
1470,GIJ,GIJ,Organisation,where I have actually inserted with the GIJ prefix my responses to her various questions.
1473,Gareth Idris Jenkins GIJ,Gareth Idris Jenkins GIJ,Individual,"In the first paragraph you say, I've added replies with Gareth Idris Jenkins GIJ."
1480,Penny,Penny,Individual,"I probably spent about half an hour or an hour replying to this email, so I thought it was simpler to just reply to the email, then point out that this should really go through official channels, and that is why I'd copied Penny in on the response, because I saw her as being the official channel."
1485,Post Office,Post Office,Organisation,"Because my job was designing new changes to the system, not answering questions from random people in Post Office."
1486,Post Office,Post Office,Organisation,Why did you answer random questions from people in Post Office?
1488,Helen Rose,Helen Rose,Individual,"I think at this stage I may have already had some sort of contact with Helen Rose about this, but I can't remember exactly the chronology."
1491,Penny,Penny,Individual,"I try and be helpful when I can, yes, but I'm aware that I also need to try and put some sort of control in, which is why I copied Penny in on this to make her aware that I was being asked these sort of questions."
1504,Allen,Allen,Individual,"Mr. Allen's case, paragraph 619."
1505,Sefton,Sefton,Individual,"And in Miss Sefton and Miss Neill's case, paragraph 689."
1505,Neill,Neill,Individual,"And in Miss Sefton and Miss Neill's case, paragraph 689."
1508,the Post Office,Post Office,Organisation,You say you were never provided with written instructions to be an expert witness in any case in which the Post Office asked you to give evidence?
1510,Thomas,Thomas,Individual,"And that includes in Mr Thomas's case, para 313, Ms Misra's case, para 329, Mr Allen's case, para 619, Ms Sefton and Ms Neild's case, para 689, And Mr. Ishaq's case, paragraphs 643 and 646?"
1510,Ms Misra's,Ms Misra's,Organisation,"And that includes in Mr Thomas's case, para 313, Ms Misra's case, para 329, Mr Allen's case, para 619, Ms Sefton and Ms Neild's case, para 689, And Mr. Ishaq's case, paragraphs 643 and 646?"
1510,Allen,Allen,Individual,"And that includes in Mr Thomas's case, para 313, Ms Misra's case, para 329, Mr Allen's case, para 619, Ms Sefton and Ms Neild's case, para 689, And Mr. Ishaq's case, paragraphs 643 and 646?"
1510,Ms Sefton,Ms Sefton,Individual,"And that includes in Mr Thomas's case, para 313, Ms Misra's case, para 329, Mr Allen's case, para 619, Ms Sefton and Ms Neild's case, para 689, And Mr. Ishaq's case, paragraphs 643 and 646?"
1510,Ms Neild's,Ms Neild's,Individual,"And that includes in Mr Thomas's case, para 313, Ms Misra's case, para 329, Mr Allen's case, para 619, Ms Sefton and Ms Neild's case, para 689, And Mr. Ishaq's case, paragraphs 643 and 646?"
1510,Ishaq,Ishaq,Individual,"And that includes in Mr Thomas's case, para 313, Ms Misra's case, para 329, Mr Allen's case, para 619, Ms Sefton and Ms Neild's case, para 689, And Mr. Ishaq's case, paragraphs 643 and 646?"
1514,Misra,Misra,Individual,"And that applied in both Ms. Misra's case, para 478, and Mr. Ishaq's case, Correct."
1514,Ishaq,Ishaq,Individual,"And that applied in both Ms. Misra's case, para 478, and Mr. Ishaq's case, Correct."
1514,Correct,Correct,Organisation,"And that applied in both Ms. Misra's case, para 478, and Mr. Ishaq's case, Correct."
1515,the Post Office,Post Office,Organisation,"And fourthly, you say that you were never asked by the Post Office to provide a witness statement that contained an expert witness's declaration."
1517,Misra,Misra,Individual,"That applied in Ms. Misra's case, paragraphs 233, 466, and 483; Mr. Allen's case, para 619; Ms. Sefton and Ms. Neill's case, para 689, and Mr. Ishaq's case, para 669?"
1517,Allen,Allen,Individual,"That applied in Ms. Misra's case, paragraphs 233, 466, and 483; Mr. Allen's case, para 619; Ms. Sefton and Ms. Neill's case, para 689, and Mr. Ishaq's case, para 669?"
1517,Sefton,Sefton,Individual,"That applied in Ms. Misra's case, paragraphs 233, 466, and 483; Mr. Allen's case, para 619; Ms. Sefton and Ms. Neill's case, para 689, and Mr. Ishaq's case, para 669?"
1517,Neill,Neill,Individual,"That applied in Ms. Misra's case, paragraphs 233, 466, and 483; Mr. Allen's case, para 619; Ms. Sefton and Ms. Neill's case, para 689, and Mr. Ishaq's case, para 669?"
1517,Ishaq,Ishaq,Individual,"That applied in Ms. Misra's case, paragraphs 233, 466, and 483; Mr. Allen's case, para 619; Ms. Sefton and Ms. Neill's case, para 689, and Mr. Ishaq's case, para 669?"
1519,Seema Misra's,Seema Misra,Individual,You tell us in your witness statement— it's your 3rd witness statement— about circumstances in which you asked for guidance in the run-up to Seema Misra's trial as to what was expected of you as a witness.
1521,the Post Office,Post Office,Organisation,"By that time, had you suffered from a lack of confidence in the management of the requests coming from the Post Office?"
1529,Thomas,Thomas,Individual,"That's going back to— that was Mr Thomas's case, I believe."
1535,Fujitsu,Fujitsu,Organisation,Why do we not see you asking any of your own managers at Fujitsu for assistance in this regard.
1538,Post Office,Post Office,Organisation,"I thought I was being told what was required of me by Post Office, so I didn't really understand that I wasn't being told the right thing."
1539,Post Office,Post Office,Organisation,So I just trusted what I was being asked by Post Office and didn't see the need to involve my management.
1541,Post Office,Post Office,Organisation,"from them, in that I thought what I'm looking for is guidance about legal things, therefore I'd probably get it better from the lawyers that I'm talking to in Post Office than managers in Fujitsu who know, know more about the law than I do."
1541,Fujitsu,Fujitsu,Organisation,"from them, in that I thought what I'm looking for is guidance about legal things, therefore I'd probably get it better from the lawyers that I'm talking to in Post Office than managers in Fujitsu who know, know more about the law than I do."
1542,the Post Office,Post Office,Organisation,But you got no guidance from the Post Office?
1545,the Post Office,Post Office,Organisation,What guidance did you think you were getting from the Post Office at the time?
1548,Fujitsu,Fujitsu,Organisation,"Why do we not see you asking the lawyers at Fujitsu, with whom you did correspond relatively frequently, for greater support and guidance on the role that you were to perform?"
1549,Mrs Misra's,Mrs Misra's,Organisation,"I think that came after about 2010, sort of in Mrs Misra's case, and I did seek guidance from David Jones and I had that meeting with him in February, and for a while then he actually acted as a buffer between me and Post Office lawyers and so on."
1549,David Jones,David Jones,Individual,"I think that came after about 2010, sort of in Mrs Misra's case, and I did seek guidance from David Jones and I had that meeting with him in February, and for a while then he actually acted as a buffer between me and Post Office lawyers and so on."
1549,Post Office,Post Office,Organisation,"I think that came after about 2010, sort of in Mrs Misra's case, and I did seek guidance from David Jones and I had that meeting with him in February, and for a while then he actually acted as a buffer between me and Post Office lawyers and so on."
1550,Jean-Pierre,Jean-Pierre,Individual,"Then later on I was involved with Jean-Pierre, who, who did give me a bit of further guidance, but not the true guidance that maybe I should have had in terms of what an expert duty were."
1555,David Jennings,David Jennings,Individual,An email exchange between you and David Jennings.
1556,David Jennings,David Jennings,Individual,Who was David Jennings?
1560,Post Office,Post Office,Organisation,This looks to be to do with booking time and concerned about what time I was charging to Post Office for activities in support of Penny.
1560,Penny,Penny,Organisation,This looks to be to do with booking time and concerned about what time I was charging to Post Office for activities in support of Penny.
1563,Dave,Dave,Individual,"And you say, Dave, in response to your questions— and then his question is, I understand you act from time to time to support prosecution activity, sort of an expert witness, I suppose."
1567,Horizon,Horizon,Technical System,"Well, I was clearly an expert in how Horizon operated and that's what I assumed that meant."
1570,Penny,Penny,Organisation,"You say it's ad hoc, tend to have various questions from Penny a couple of times a month, how much effort, it varies."
1584,Dave Jennings's,Dave Jennings's,Individual,"Yeah, and I, I think that must have been Dave Jennings's role, was looking at, at the commercials of it, because I think he comes back to say that I'd spent about a week on it and over the past year or something like that."
1587,Fujitsu,Fujitsu,Organisation,"Were there any exchanges internally with Fujitsu, to your knowledge, over the status of your evidence?"
1590,the Post Office,Post Office,Organisation,"What usually happened is if there was going to be some sort of engagement of my time for a particular case, then they would arrange with the Post Office to have some sort of commercial cover for a number of days of my time, and if necessary that would get extended so that I had something to book the time against."
1591,Penny,Penny,Organisation,"But exactly how those— I left that really to Penny to sort out, as long as I had a timecode to book to on a Friday afternoon."
1599,Patel,Patel,Individual,"This case, that's Patel, is due for trial."
1603,Sharon Jennings,Sharon Jennings,Individual,Reply from Sharon Jennings.
1604,Gareth,Gareth,Individual,"Gareth, this is the one you supplied the expert report and witness statement for the week before last."
1618,Horizon,Horizon,Technical System,"Again, as an expert on how Horizon operated."
100,Fujitsu,Fujitsu,Organisation,And ICL became Fujitsu Services Limited in 2002.
108,Fujitsu,Fujitsu,Organisation,"Dealing briefly at the moment with the stages of your career at ICL Fujitsu, So far as concerns us, from about 1996 to about 2000, did you work in the agent team?"
316,Post Office,Post Office,Organisation,"He told the inquiry— it was back on the 2nd of November, uh, 2022— that we— and by that he meant, um, the Benefits Agency and the Post Office Counters Limited team had, quote, been denied viability of the application design."
782,Post Office,Post Office,Organisation,"Between those dates, Mr. Castleton was a subpostmaster at the Marine Drive Post Office."
133,Horizon,Horizon,Technical System,Then I worked on Bureau de Change and credit card changes and then a few other minor things before I moved on to Horizon Online requirements capture.
134,Horizon,Horizon,Technical System,Did you move on to Horizon Online from about 2008?
137,Horizon,Horizon,Technical System,And did you work on Horizon Online from 2008 to about 2015?
139,Horizon,Horizon,Technical System,"You tell us in your witness statement that you, quote, worked with Post Office analysts in defining the technical requirements for Horizon Online."
145,Legacy Horizon,Legacy Horizon,Technical System,"The contractual definition of how Horizon Online was to work was that the counter should look— should operate in the same way as it did on legacy Horizon, and therefore it was decided that we needed to put in place something that actually defined exactly what that was, and the technique that was decided was that the Post Office would put together the use cases to define the various activities that went on in the Post Office, to define the steps that people went through for doing— from how do you sell a stamp to how do you balance at the end of the week or whatever."
151,Legacy Horizon,Legacy Horizon,Technical System,"You tell us that during your time at Fujitsu, you were a group of anywhere between 20 and 100 software designers and developers who would provide fourth-line support for both legacy Horizon and Horizon Online."
152,the system,the system,Technical System,"Yes, the way fourth line support worked was that the people who were doing the development were expected to spend a small part of their time in actually supporting the live service and the system under test, and so that's what fourth line support was all about, and I did that just like everyone else in the development team."
216,Horizon,Horizon,Technical System,Have you read the Horizon Issues Judgment?
219,Legacy Horizon,Legacy Horizon,Technical System,"In high-level summary, would you agree that Mr Justice Fraser concluded firstly that legacy Horizon was not remotely robust?"
222,Horizon,Horizon,Technical System,Do you accept that Horizon Online was susceptible to accounting flaws?
225,Horizon,Horizon,Technical System,"I felt that Horizon Online was and is, because after all this is still the system that's operating today, doing a good job in terms of the accounting, particularly with the monitoring that was going on."
225,Horizon Online,Horizon Online,Technical System,"I felt that Horizon Online was and is, because after all this is still the system that's operating today, doing a good job in terms of the accounting, particularly with the monitoring that was going on."
225,the system,the system,Technical System,"I felt that Horizon Online was and is, because after all this is still the system that's operating today, doing a good job in terms of the accounting, particularly with the monitoring that was going on."
232,Horizon,Horizon,Technical System,"Do I take it that you accept his first finding, that Legacy Horizon was I don't accept that finding."
233,Horizon,Horizon,Technical System,You don't accept his finding that Horizon Online was susceptible to accounting flaws?
246,Legacy Horizon,Legacy Horizon,Technical System,"So between 1996 and 2002, you tell us that your initial role with legacy Horizon was, quote, to integrate Riposte and the Oracle-based software."
252,Riposte,Riposte,Technical System,"Riposte was a messaging— well, step back one."
257,Riposte,Riposte,Technical System,And that bit of Riposte I had very little involvement with in the early days.
298,the system,the system,Technical System,"So the main thing I was doing in the early 2000s was network banking was introduced into the system in 2003, and a few months later the support of debit cards was introduced."
329,the system,the system,Technical System,"There were certainly joint test teams, there was a lot of testing going on, there were Post Office testers involved in testing the system to make sure that it came up with the right, with the right outputs."
338,the system,the system,Technical System,"Were you conscious, and those with whom you worked conscious, that the nature of the contract was a PFI contract and therefore the client had no rights, no visibility over the way the system was built?"
359,Legacy Horizon,Legacy Horizon,Technical System,"Within your roles in legacy Horizon, did you have any oversight of all bugs, errors and defects within the system at any given time?"
359,the system,the system,Technical System,"Within your roles in legacy Horizon, did you have any oversight of all bugs, errors and defects within the system at any given time?"
361,the system,the system,Technical System,"So you couldn't at any particular time speak to the existence or non-existence of bugs, errors and defects in the system?"
363,the system,the system,Technical System,"If you did not have knowledge of or oversight of all bugs, errors and defects within the system at any given time, who did?"
368,the system,the system,Technical System,"So I would have thought that if there was an overall knowledge of how well the system was behaving, it would be part of their role."
376,the system,the system,Technical System,"including knowledge of what had been going on in the system, what sort of problems there were and things like that."
382,PinICL,PinICL,Technical System,There was a system called Peak and it had a predecessor called PinICL.
382,PEAK,PEAK,Technical System,There was a system called Peak and it had a predecessor called PinICL.
384,PinICL,PinICL,Technical System,"And what happened was that peaks or PinICL would be allocated to a particular person, and I think you'd normally get an email saying you've had this peak that's allocated to you."
384,PEAK,PEAK,Technical System,"And what happened was that peaks or PinICL would be allocated to a particular person, and I think you'd normally get an email saying you've had this peak that's allocated to you."
385,PEAK,PEAK,Technical System,"you could then log into the peak system, have a look at the peak, see what it said, and then decide what you needed to do with it next."
387,Horizon,Horizon,Technical System,"Within your various roles within Horizon Online, did you have oversight of all bugs, errors and defects?"
387,Horizon Online,Horizon Online,Technical System,"Within your various roles within Horizon Online, did you have oversight of all bugs, errors and defects?"
388,Horizon,Horizon,Technical System,"Not as such, but I did have a— probably a better view of them, particularly during the pilot phase of Horizon Online, because during the pilot phase there was a project team in place that was managing the pilot and taking very close monitoring of any issues that were going on during the pilot, and I would often get called in to that— by that team to investigate particular problems, particularly ones that affected the counter."
394,Horizon,Horizon,Technical System,"How would you generally become aware of such bugs, errors and defects as you became aware of in Horizon Online?"
394,Horizon Online,Horizon Online,Technical System,"How would you generally become aware of such bugs, errors and defects as you became aware of in Horizon Online?"
395,Legacy Horizon,Legacy Horizon,Technical System,The peak system was working— it was the same peak system that operated for both legacy Horizon and Horizon Online.
395,PEAK,PEAK,Technical System,The peak system was working— it was the same peak system that operated for both legacy Horizon and Horizon Online.
396,Legacy Horizon,Legacy Horizon,Technical System,"And so for both legacy Horizon and Horizon Online, you became aware of things that might be bugs, errors and defects through the PinICL and then the Peak system."
396,PinICL,PinICL,Technical System,"And so for both legacy Horizon and Horizon Online, you became aware of things that might be bugs, errors and defects through the PinICL and then the Peak system."
396,PEAK,PEAK,Technical System,"And so for both legacy Horizon and Horizon Online, you became aware of things that might be bugs, errors and defects through the PinICL and then the Peak system."
398,Horizon,Horizon,Technical System,"So for you personally, there were 2 ways in which you became aware of bugs, errors, and defects in Horizon?"
401,PEAK,PEAK,Technical System,"The 10% wasn't just for the peak, so any time that I spent talking about serious incidents and things like that, that was also— that was all part of what I saw as the 10% of the time."
404,Legacy Horizon,Legacy Horizon,Technical System,"If it was largely happenstance, that you became aware of a bug, error or defect in both legacy Horizon and Horizon Online, how could you subsequently give full, complete and accurate evidence about the existence or non-existence of bugs, errors and defects in Horizon?"
407,the system,the system,Technical System,"And therefore I was confident in the way that the system was operating, that it was operating correctly."
411,the system,the system,Technical System,And the that in that sentence Meaning a general confidence in the system and the way that it operated?
413,the system,the system,Technical System,"So general confidence in the system plus processes that you thought were working allowed you confidently to give a generalised view, is that right?"
426,Horizon,Horizon,Technical System,"Certainly when we got on to things like Horizon Online, if it was seen as having an impact on the accounts, then we realised that that was a very serious problem and that I would be getting involved in those, which is why I got involved with what I see as the main serious issues."
426,Horizon Online,Horizon Online,Technical System,"Certainly when we got on to things like Horizon Online, if it was seen as having an impact on the accounts, then we realised that that was a very serious problem and that I would be getting involved in those, which is why I got involved with what I see as the main serious issues."
427,Horizon,Horizon,Technical System,"in Horizon Online, and I was involved— receipts and payments mismatch, the local suspenses issue, and Del Mellington's."
427,Horizon Online,Horizon Online,Technical System,"in Horizon Online, and I was involved— receipts and payments mismatch, the local suspenses issue, and Del Mellington's."
428,Horizon,Horizon,Technical System,"Those are the ones I see as being the serious issues with Horizon Online, and I got involved in all of them because they saw me being helpful in terms of my expertise and background for those particular cases."
442,the system,the system,Technical System,"That didn't occur to me, but I, again, as I've said before, I was confident confident, and possibly wrongly so, that when problems did occur they were quickly fixed and they weren't left to sort of fester in the system to have a larger impact."
476,Horizon,Horizon,Technical System,"In relation to the development of EPOSS before the rollout of Legacy Horizon, we've heard evidence from David MacDonald."
527,PinICL,PinICL,Technical System,"It's a report of the EPOSS PinICL Task Force, and it reports on the activities of the EPOSS PinICL Task Force, which was in place between the 19th of August and the 18th of September 1998 to reduce to manageable levels the EPOSS PinICL outstanding at that time."
553,EPOSS,EPOSS,Technical System,I don't think I had any involvement with the EPOSS PinICL Task Force.
553,PinICL,PinICL,Technical System,I don't think I had any involvement with the EPOSS PinICL Task Force.
575,the system,the system,Technical System,"I think maybe later on then that could be said, but at that time my main role was to do with the way the agents worked, which was a fairly small cog in the system."
617,the system,the system,Technical System,So the fact that there are problems during the pilot and the rollout don't necessarily mean that the problems carry on into the system.
618,the system,the system,Technical System,I was confident in the way that problems were being picked up and fixed and new things were being put into the system to actually manage the issues that had been found early on.
622,Horizon,Horizon,Technical System,"Rather than giving evidence about the existence of bugs, errors and defects within Horizon, how quickly they manifested themselves to Fujitsu, how promptly the Post Office was told about them, and the extent to which subpostmasters had themselves been informed?"
641,the system,the system,Technical System,"Whilst with an SAP system, they thought they could get a much more real-time knowledge of what was going on in the system."
646,Legacy Horizon,Legacy Horizon,Technical System,"Paragraphs 45 and 46, you say, I believe that ICL Fujitsu was only involved in one aspect of Project Impact, which was implementing changes to legacy Horizon that would enable it to interface with the new backend system."
652,Legacy Horizon,Legacy Horizon,Technical System,"And so, as the counters specialist, which which is what you were, you redesigned part of the legacy Horizon system that produced the accounts for the subpostmaster to sign off, would that be fair?"
653,the system,the system,Technical System,"I oversaw that, I think the main detail was done by other designers, but my main role was actually identifying exactly what the output needed to be of the system,"
705,the system,the system,Technical System,"That is what I understood the Post Office wanted the system to do, so yes."
734,the system,the system,Technical System,"My main focus on was what was it they wanted changed in the system, not why they were doing it."
757,the system,the system,Technical System,"in the system, not why it was being done."
797,the system,the system,Technical System,"We attach an email from Fujitsu to Richard Benton at the Post Office dated the 5th of May, in which Fujitsu state, quote, it is possible that they are not accurately recording all transactions on the system."
941,Horizon,Horizon,Technical System,"My feeling was that that was more likely than an error in Horizon, yes, but I'm including the option of it being a mistake."
1126,the system,the system,Technical System,"Basically, they state the Horizon system is equipped with a facility via which its operating software can be updated remotely via the connection to the Post Office's head office, and that the system sometimes went offline when there are software updates."
1127,the system,the system,Technical System,They've therefore asked for documents relating to the updating of the software of the system.
1130,the system,the system,Technical System,So this is a question about remote accessing of the system.
1152,the system,the system,Technical System,I'd expect the system to record details of all software updates.
1343,the system,the system,Technical System,"So it was really a case of they could pay for me to do designs of new bits of the system, or they could pay for me to do support prosecutions, and it was really up to them."
1485,the system,the system,Technical System,"Because my job was designing new changes to the system, not answering questions from random people in Post Office."
199,bug,bug,Event/Issue,"I wasn't involved in any particular prosecutions as such, but there was quite a lot of work going on in the background, which— talking to various lawyers, I got pulled in in 2016 for a bug that had been found that's quite serious, the Dale Mellington bug that I think you may well be coming back to later on."
201,mismatch,mismatch,Event/Issue,"I spent There was a problem that the Post Office had, again, I can't remember the exact date now, it's in my witness statement, when there was a mismatch in Post Office's backend accounts."
204,mismatch,mismatch,Event/Issue,"One was taking what the cash positions were at 7 o'clock in the evening and the other was taking it— taking the cash position at midnight, and therefore this accounted for the mismatch that they had in the accounts."
227,bugs,bug,Event/Issue,"He concluded that subpostmasters were not informed of and were therefore oblivious to a range of bugs, errors and defects."
227,errors,error,Event/Issue,"He concluded that subpostmasters were not informed of and were therefore oblivious to a range of bugs, errors and defects."
227,defects,defect,Event/Issue,"He concluded that subpostmasters were not informed of and were therefore oblivious to a range of bugs, errors and defects."
230,bugs,bug,Event/Issue,"And lastly, that those bugs, errors and defects could result in, i.e., cause discrepancies or shortfalls in the branch accounts of subpostmasters, thereby corrupting transactions, disrupting data processing and recording transactions?"
230,errors,error,Event/Issue,"And lastly, that those bugs, errors and defects could result in, i.e., cause discrepancies or shortfalls in the branch accounts of subpostmasters, thereby corrupting transactions, disrupting data processing and recording transactions?"
230,shortfalls,shortfall,Event/Issue,"And lastly, that those bugs, errors and defects could result in, i.e., cause discrepancies or shortfalls in the branch accounts of subpostmasters, thereby corrupting transactions, disrupting data processing and recording transactions?"
230,defects,defect,Event/Issue,"And lastly, that those bugs, errors and defects could result in, i.e., cause discrepancies or shortfalls in the branch accounts of subpostmasters, thereby corrupting transactions, disrupting data processing and recording transactions?"
231,bugs,bug,Event/Issue,"That was a possibility, but I'm not sure that I, even today, I understand what bugs actually did cause the problems that people are— that people have suffered from."
234,bugs,bug,Event/Issue,"There were some— there were some discrete bugs that caused problems to the accounts, but they were very discrete and I believe that they were all well controlled and managed at the time."
235,bugs,bug,Event/Issue,"And you don't accept his findings that bugs, errors and defects could result in, i.e., cause discrepancies or shortfalls in branch accounts?"
235,errors,error,Event/Issue,"And you don't accept his findings that bugs, errors and defects could result in, i.e., cause discrepancies or shortfalls in branch accounts?"
235,shortfalls,shortfall,Event/Issue,"And you don't accept his findings that bugs, errors and defects could result in, i.e., cause discrepancies or shortfalls in branch accounts?"
235,defects,defect,Event/Issue,"And you don't accept his findings that bugs, errors and defects could result in, i.e., cause discrepancies or shortfalls in branch accounts?"
356,bugs,bug,Event/Issue,"In relation to your fourth-line support role, you tell us in your witness statements, the first witness statement at paragraph 25, I would only have been aware of bugs, errors and defects specifically allocated to me by third-line support."
356,errors,error,Event/Issue,"In relation to your fourth-line support role, you tell us in your witness statements, the first witness statement at paragraph 25, I would only have been aware of bugs, errors and defects specifically allocated to me by third-line support."
356,defects,defect,Event/Issue,"In relation to your fourth-line support role, you tell us in your witness statements, the first witness statement at paragraph 25, I would only have been aware of bugs, errors and defects specifically allocated to me by third-line support."
359,bugs,bug,Event/Issue,"Within your roles in legacy Horizon, did you have any oversight of all bugs, errors and defects within the system at any given time?"
359,errors,error,Event/Issue,"Within your roles in legacy Horizon, did you have any oversight of all bugs, errors and defects within the system at any given time?"
359,defects,defect,Event/Issue,"Within your roles in legacy Horizon, did you have any oversight of all bugs, errors and defects within the system at any given time?"
361,bugs,bug,Event/Issue,"So you couldn't at any particular time speak to the existence or non-existence of bugs, errors and defects in the system?"
361,errors,error,Event/Issue,"So you couldn't at any particular time speak to the existence or non-existence of bugs, errors and defects in the system?"
361,defects,defect,Event/Issue,"So you couldn't at any particular time speak to the existence or non-existence of bugs, errors and defects in the system?"
363,bugs,bug,Event/Issue,"If you did not have knowledge of or oversight of all bugs, errors and defects within the system at any given time, who did?"
363,errors,error,Event/Issue,"If you did not have knowledge of or oversight of all bugs, errors and defects within the system at any given time, who did?"
363,defects,defect,Event/Issue,"If you did not have knowledge of or oversight of all bugs, errors and defects within the system at any given time, who did?"
367,bugs,bug,Event/Issue,"Now, incidents could be to do with bugs that are defects, or more commonly, there would be operational issues where a bit of the network went down or connections to banks went down for a few hours, which clearly caused fairly catastrophic effects at the at the time, and so their job was to manage these sort of things."
367,defects,defect,Event/Issue,"Now, incidents could be to do with bugs that are defects, or more commonly, there would be operational issues where a bit of the network went down or connections to banks went down for a few hours, which clearly caused fairly catastrophic effects at the at the time, and so their job was to manage these sort of things."
369,bugs,bug,Event/Issue,"We've heard from a lot of people from the SSC and they've told us that there were between 20 and 30 people at any one time working in the SSC, sometimes working shifts, some working at home, some working in office, that they only knew about the bugs that they were allocated on the stack, and that it was correct that there might be informal sharing of information by people who were sitting next to each other or talking about it at the water cooler, but there was no formalised system for sharing knowledge within the SSC."
374,bugs,bug,Event/Issue,"But when I asked you who may have oversight of all bugs, errors and defects within the Horizon system, you pointed to the SSC."
374,errors,error,Event/Issue,"But when I asked you who may have oversight of all bugs, errors and defects within the Horizon system, you pointed to the SSC."
374,defects,defect,Event/Issue,"But when I asked you who may have oversight of all bugs, errors and defects within the Horizon system, you pointed to the SSC."
378,bugs,bug,Event/Issue,"What I'm looking for, it might be described as an all-seeing eye, but somebody who took a step back and would be able to say we've had these problems in the past with Horizon, these bugs, errors and defects, and at the moment we're servicing the existence of these possible bugs, errors and defects."
378,errors,error,Event/Issue,"What I'm looking for, it might be described as an all-seeing eye, but somebody who took a step back and would be able to say we've had these problems in the past with Horizon, these bugs, errors and defects, and at the moment we're servicing the existence of these possible bugs, errors and defects."
378,defects,defect,Event/Issue,"What I'm looking for, it might be described as an all-seeing eye, but somebody who took a step back and would be able to say we've had these problems in the past with Horizon, these bugs, errors and defects, and at the moment we're servicing the existence of these possible bugs, errors and defects."
381,bugs,bug,Event/Issue,"When you were in fourth-line support, how would you generally become aware of such bugs, errors and defects as you did become aware?"
381,errors,error,Event/Issue,"When you were in fourth-line support, how would you generally become aware of such bugs, errors and defects as you did become aware?"
381,defects,defect,Event/Issue,"When you were in fourth-line support, how would you generally become aware of such bugs, errors and defects as you did become aware?"
383,defects,defect,Event/Issue,"And the way that that operated, that was effectively a database of the various defects, and that included those found during testing as well as those during live."
387,bugs,bug,Event/Issue,"Within your various roles within Horizon Online, did you have oversight of all bugs, errors and defects?"
387,errors,error,Event/Issue,"Within your various roles within Horizon Online, did you have oversight of all bugs, errors and defects?"
387,defects,defect,Event/Issue,"Within your various roles within Horizon Online, did you have oversight of all bugs, errors and defects?"
389,bugs,bug,Event/Issue,"After the pilot phase of Horizon Online was over, did you have oversight Of all bugs, errors and defects within the Horizon Online system?"
389,errors,error,Event/Issue,"After the pilot phase of Horizon Online was over, did you have oversight Of all bugs, errors and defects within the Horizon Online system?"
389,defects,defect,Event/Issue,"After the pilot phase of Horizon Online was over, did you have oversight Of all bugs, errors and defects within the Horizon Online system?"
394,bugs,bug,Event/Issue,"How would you generally become aware of such bugs, errors and defects as you became aware of in Horizon Online?"
394,errors,error,Event/Issue,"How would you generally become aware of such bugs, errors and defects as you became aware of in Horizon Online?"
394,defects,defect,Event/Issue,"How would you generally become aware of such bugs, errors and defects as you became aware of in Horizon Online?"
396,bugs,bug,Event/Issue,"And so for both legacy Horizon and Horizon Online, you became aware of things that might be bugs, errors and defects through the PinICL and then the Peak system."
396,errors,error,Event/Issue,"And so for both legacy Horizon and Horizon Online, you became aware of things that might be bugs, errors and defects through the PinICL and then the Peak system."
396,defects,defect,Event/Issue,"And so for both legacy Horizon and Horizon Online, you became aware of things that might be bugs, errors and defects through the PinICL and then the Peak system."
397,mismatch,mismatch,Event/Issue,"There was that, but there was also the problem management system, so then when something was identified as being a serious problem, and I think we're probably going to go on talking about the receipts and payments mismatch problem at some stage, then I was often called in to help— well, firstly analyse the problem and explain that problem so that Fujitsu management could understand what it was all about, and I often got involved in explaining it to the equivalent people in Post Office about what the impact of that was and what could be done to remedy it, both in terms of fixing the code but also fixing whatever the business impact of the problem was, which wouldn't necessarily be fixed directly just because you'd fixed the code."
398,bugs,bug,Event/Issue,"So for you personally, there were 2 ways in which you became aware of bugs, errors, and defects in Horizon?"
398,errors,error,Event/Issue,"So for you personally, there were 2 ways in which you became aware of bugs, errors, and defects in Horizon?"
398,defects,defect,Event/Issue,"So for you personally, there were 2 ways in which you became aware of bugs, errors, and defects in Horizon?"
402,bug,bug,Event/Issue,"In any event, in your role in fourth line support, it would be largely happenstance whether it was you or somebody else, one of the other people performing fourth line support, who had a particular bug, error or defect allocated to them?"
402,error,error,Event/Issue,"In any event, in your role in fourth line support, it would be largely happenstance whether it was you or somebody else, one of the other people performing fourth line support, who had a particular bug, error or defect allocated to them?"
402,defect,defect,Event/Issue,"In any event, in your role in fourth line support, it would be largely happenstance whether it was you or somebody else, one of the other people performing fourth line support, who had a particular bug, error or defect allocated to them?"
404,bug,bug,Event/Issue,"If it was largely happenstance, that you became aware of a bug, error or defect in both legacy Horizon and Horizon Online, how could you subsequently give full, complete and accurate evidence about the existence or non-existence of bugs, errors and defects in Horizon?"
404,error,error,Event/Issue,"If it was largely happenstance, that you became aware of a bug, error or defect in both legacy Horizon and Horizon Online, how could you subsequently give full, complete and accurate evidence about the existence or non-existence of bugs, errors and defects in Horizon?"
404,defect,defect,Event/Issue,"If it was largely happenstance, that you became aware of a bug, error or defect in both legacy Horizon and Horizon Online, how could you subsequently give full, complete and accurate evidence about the existence or non-existence of bugs, errors and defects in Horizon?"
405,bugs,bug,Event/Issue,"I was— what I was aware of was the fact that bugs that actually impacted the accounts were very rare, there was good monitoring in to detect them, and they got fixed shortly afterwards."
406,bugs,bug,Event/Issue,"So in terms of what was actually there in the live system at any one time, it was very rare for that— for there to be, uh, uh, bugs there that would, would cause problems."
408,bugs,bug,Event/Issue,To give that kind of very confident answer to a court Wouldn't you want to know of the existence of each of the bugs and how they'd been resolved and whether in fact there was any ongoing impact?
415,bugs,bug,Event/Issue,"During your employment within Fujitsu, did any of your roles entail any overall responsibility for monitoring, identifying, or fixing bugs, errors, or defects?"
415,errors,error,Event/Issue,"During your employment within Fujitsu, did any of your roles entail any overall responsibility for monitoring, identifying, or fixing bugs, errors, or defects?"
415,defects,defect,Event/Issue,"During your employment within Fujitsu, did any of your roles entail any overall responsibility for monitoring, identifying, or fixing bugs, errors, or defects?"
427,mismatch,mismatch,Event/Issue,"in Horizon Online, and I was involved— receipts and payments mismatch, the local suspenses issue, and Del Mellington's."
445,bugs,bug,Event/Issue,"What interactions did you have with the third line of support, the SSC, in relation to identifying and rectifying bugs, errors and defects?"
445,errors,error,Event/Issue,"What interactions did you have with the third line of support, the SSC, in relation to identifying and rectifying bugs, errors and defects?"
445,defects,defect,Event/Issue,"What interactions did you have with the third line of support, the SSC, in relation to identifying and rectifying bugs, errors and defects?"
622,bugs,bug,Event/Issue,"Rather than giving evidence about the existence of bugs, errors and defects within Horizon, how quickly they manifested themselves to Fujitsu, how promptly the Post Office was told about them, and the extent to which subpostmasters had themselves been informed?"
622,errors,error,Event/Issue,"Rather than giving evidence about the existence of bugs, errors and defects within Horizon, how quickly they manifested themselves to Fujitsu, how promptly the Post Office was told about them, and the extent to which subpostmasters had themselves been informed?"
622,defects,defect,Event/Issue,"Rather than giving evidence about the existence of bugs, errors and defects within Horizon, how quickly they manifested themselves to Fujitsu, how promptly the Post Office was told about them, and the extent to which subpostmasters had themselves been informed?"
682,errors,error,Event/Issue,"If we just read this together, this area of functions has the purpose of providing mechanisms to make adjustments to branch accounts to correct errors and ensure branch accounts align with the Post Office accounts within POLFS."
683,errors,error,Event/Issue,"Various mechanisms are available to identify errors that require adjustments, and the discrepancy management functions may be initiated from various places across the business."
683,discrepancy,discrepancy,Event/Issue,"Various mechanisms are available to identify errors that require adjustments, and the discrepancy management functions may be initiated from various places across the business."
685,error,error,Event/Issue,These corrections will replace the current error notice processes and should not involve any manual paperwork or processing.
687,error,error,Event/Issue,"And will be distributed— excuse me— more quickly, potentially only days after an error is recorded."
688,suspense account,suspense account,Event/Issue,The analysis has also identified requirements to more tightly control and police the use of the suspense account within the branch accounts.
689,suspense account,suspense account,Event/Issue,Only a limited subset of the existing suspense account products will be retained.
690,errors,error,Event/Issue,The contractual requirements for agents to make good unknown errors in branch accounts will be used instead.
693,suspense account,suspense account,Event/Issue,"My understanding was that there were a number of suspense accounts and postmasters could actually post money to the suspense account for some sort of business reason, which I never really did understand."
697,suspense account,suspense account,Event/Issue,"Were you told why they wanted to, quote, more tightly control and police the use of the suspense account?"
700,suspense account,suspense account,Event/Issue,Were you told that the suspense account was considered by the Post Office to be a vehicle for subpostmasters to hide fraud?
702,suspense account,suspense account,Event/Issue,"There were various discussions about behaviours of postmasters and things like that, but— and I know the Post Office were quite keen to get rid of the suspense account."
704,discrepancy,discrepancy,Event/Issue,"Given that reduction on usage, if there was a discrepancy in a subpostmaster's account, after Project Impact, the subpostmaster would have to accept it and pay it before they could roll over into the new trading period, correct?"
731,suspense account,suspense account,Event/Issue,"You tell us in your witness statement, paragraph 43 of your first witness statement, that the decision to remove the ability of subpostmasters to post discrepancies to a suspense account was because the Post Office took what I assume to be a business decision to remove this functionality."
735,suspense account,suspense account,Event/Issue,Ms Harding told us that it was agreed during the design of the impact programme that the suspense account would be removed because historically it was used by subpostmasters to hide discrepancies in their accounts.
738,suspense account,suspense account,Event/Issue,But what understanding did you have as to how the local suspense account had worked historically?
739,suspense account,suspense account,Event/Issue,"We need to be careful here about terminology, because one of the things we introduced here was something called the local suspense account."
740,suspense account,suspense account,Event/Issue,"I'm talking about at or before 2005, what was your understanding as to how the local suspense account worked?"
742,suspense account,suspense account,Event/Issue,We introduced a new concept as part of Impact called the local suspense account.
743,suspense account,suspense account,Event/Issue,"So as far as I'm concerned, there wasn't a local suspense account prior to Impact, but I think I know what you're referring to."
748,suspense account,suspense account,Event/Issue,"I think I understood that in order to post something to the local suspense account, you did need to have permission."
750,suspense account,suspense account,Event/Issue,"Do you remember being told by the Post Office that subpostmasters, quote, hid their discrepancies in the suspense account?"
783,error,error,Event/Issue,"He was strictly responsible for the safe custody of cash and stock was obliged to make good all losses caused through his own negligence, carelessness, or error, and losses of any kind caused by his assistants."
789,shortfall,shortfall,Event/Issue,"His case is that any shortfall is entirely the fault of the problems with the Horizon computer and accounting system at Marine Drive, and that the Post Office wrongfully terminated his contract, in respect of which he suffered losses not exceeding £250,000."
792,suspense account,suspense account,Event/Issue,"Bentley Johnson, they were the authors of the— sorry, Jeninson, the authors of the report in the second attachment, state that deficiencies have probably been brought forward despite the fact that they've been entered onto the suspense account entry."
793,suspense account,suspense account,Event/Issue,"They suspect this is because the Horizon system, despite the suspense account entry, failed to recognise the entry on the daily snapshots."
794,discrepancy,discrepancy,Event/Issue,"They've drawn this conclusion through looking at the discrepancy of £3,500 on the 26th of February 2004."
796,error,error,Event/Issue,"Mr. Castleton believes if he can obtain further documents such as the daily snapshots, he'll be able to undertake a manual reconciliation of the cash account in order to substantiate his belief that the losses are not real but attributable to computer error."
804,error,error,Event/Issue,"5, if there have been any human errors in the recording— in recording the transactions, could an explanation be that, A, there was nothing wrong with Horizon because it simply reflected the information entered onto it, but B, if staff entered the wrong numbers into Horizon, there may have been no real loss, even though Horizon would show a loss, because there could be human error in accounting, accurately recording transactions."
893,errors,error,Event/Issue,"And then there's a part in lighter text, almost grey: If there have been human errors in recording the transactions, could an explanation be that: a) there was nothing wrong with Horizon because it simply reflected the information entered onto it; but— just stopping there."
898,errors,error,Event/Issue,"So in relation to if there have been human errors in recording the transactions, could an explanation be there's nothing wrong with Horizon because it simply reflected information entered into it?"
906,error,error,Event/Issue,"And then part B of the original question, if staff entered the wrong numbers into Horizon, there may have been no real loss, even though Horizon would show a loss, because there could be a human error inaccurately recording transactions."
910,error,error,Event/Issue,"However, if there is some sort of misentering of data into Horizon, then there would be another corresponding error which should be picked up, e.g., as a stock error or some AP client being credited with an incorrect amount."
911,error,error,Event/Issue,"Also, such error should show up as part of the balancing process."
941,error,error,Event/Issue,"My feeling was that that was more likely than an error in Horizon, yes, but I'm including the option of it being a mistake."
967,errors,error,Event/Issue,"Question 1, if there have been human errors, then A, and you can see your text is faithfully reproduced, yes?"
1017,errors,error,Event/Issue,"As I read this, There must have been an earlier email that we haven't got in which Mr Pinder sent that first paragraph, I've been asked by the fraud investigation team, and then the second paragraph which says if there have been human errors, if that's marked, and then the paragraph at A, if that can be marked."
1154,audit,audit,Event/Issue,"I don't know how long these are retained, whether they're included in the audit trail, so you can check the history from— excuse me— from Marine Drive in 2004, and then you suggest a place to start."
1235,audit,audit,Event/Issue,"I may be able to do some— to research some of the areas, such as audit, that I'm claiming ignorance of."
