sentence_index,entity_raw,entity_normalised,category,sentence_text
3,Ron Warmington,Ron Warmington,Individual,"May I call Ron Warmington, please?"
11,Declare,Declare,Organisation,Declare and affirm.
12,Declare,Declare,Organisation,"Declare and affirm that the evidence I shall give That the evidence I shall give shall be the truth, shall be the truth, the whole truth, the whole truth, and nothing but the truth, and nothing but the truth."
14,Warmington,Ron Warmington,Individual,"Good afternoon, Mr. Warmington."
15,Jason Beer,Beer,Individual,My name is Jason Beer and I ask questions on behalf of the inquiry.
17,Ronald John Warmington,Ronald John Warmington,Individual,Ronald John Warmington.
23,Beer,Beer,Individual,"That's right, Mr. Beer."
45,Institute,Institute,Organisation,And in 1979 you became a Fellow of the Institute; is that right?
47,Ernst Young,Ernst Young,Individual,"In terms of your work career, you worked as an external auditor between 1968 and 1975 for a company that was subsequently acquired by Ernst Young, is that right?"
54,Ernst Young,Ernst Young,Individual,"In any event, it was a company that was subsequently acquired by Ernst Young?"
56,Citibank,Citibank,Organisation,"Between '75 and 2002, you worked for Citibank, is that right?"
58,CFO,CFO,Organisation,"Variously as a regional head of internal audit, chairman of the audit and risk committee, CFO, Head of Investigations for Europe, the Middle East, and Africa, and then Global Head of Investigations?"
58,Global Head of Investigations,Global Head of Investigations,Individual,"Variously as a regional head of internal audit, chairman of the audit and risk committee, CFO, Head of Investigations for Europe, the Middle East, and Africa, and then Global Head of Investigations?"
60,GE Capital,GE Capital,Organisation,"Between 2000 and 2010, you were a director of GE Capital as Head of Fraud Management in Europe, the Middle East, and Africa?"
60,Head of Fraud Management,Head of Fraud Management,Organisation,"Between 2000 and 2010, you were a director of GE Capital as Head of Fraud Management in Europe, the Middle East, and Africa?"
62,Second Sight Support Services Limited,Second Sight Support Services Limited,Organisation,"In 2009 and 2010, you became part of and then a director of Second Sight Support Services Limited?"
67,the Post Office,Post Office,Organisation,"To summarise, is this right, you were an independent forensic accountant contracted by the Post Office to conduct an investigation into, broadly speaking, Horizon?"
67,Horizon,Horizon,Technical System,"To summarise, is this right, you were an independent forensic accountant contracted by the Post Office to conduct an investigation into, broadly speaking, Horizon?"
69,the Post Office,Post Office,Organisation,"You had the backing of MPs who were trying to get the Post Office to address their concerns, i.e., the concerns of MPs raised on behalf of constituents?"
71,the Post Office,Post Office,Organisation,"In the course of your work, you had access to senior people within the Post Office?"
72,Horizon,Horizon,Technical System,who either themselves had access or could access information concerning issues with Horizon?
78,Susan Kreischer,Susan Kreischer,Individual,"That were— those promises were made by Susan Kreischer, Paula Venles, and Alice Perkins?"
78,Paula Venles,Paula Venles,Individual,"That were— those promises were made by Susan Kreischer, Paula Venles, and Alice Perkins?"
78,Alice Perkins,Alice Perkins,Individual,"That were— those promises were made by Susan Kreischer, Paula Venles, and Alice Perkins?"
80,Post Office,Post Office,Organisation,"Despite this, you tell us in your witness statement, you found that the Post Office reneged on those promises?"
86,Post Office,Post Office,Organisation,"And you eventually formed the view that the Post Office considered that Second Sight was, quote, entirely under its control and could be ordered to do or could be disallowed from doing whatever it, the Post Office, wanted?"
86,Sight,Second Sight,Organisation,"And you eventually formed the view that the Post Office considered that Second Sight was, quote, entirely under its control and could be ordered to do or could be disallowed from doing whatever it, the Post Office, wanted?"
89,the Post Office's,Post Office,Organisation,"You say in your witness statement that you experienced the Post Office's strategy of denying problems that it, the Post Office, knew of."
91,Horizon,Horizon,Technical System,Of trying to remove oversight or investigation which may have led to adverse conclusions about Horizon in particular.
97,the Post Office,Post Office,Organisation,"At the time you were doing the work, why did you think they were— they, the Post Office, it, the Post Office, was conducting itself in this way?"
98,Henderson,Ian Henderson,Individual,"Well, very much along the lines of what Mr Henderson said that it was very clear that Post Office knew, insofar as a corporation can know anything, the people at the top knew that they were dealing with an existential issue, that if it turned out that Horizon was generating spurious shortfalls, that they had a lousy investigation function, that they had wrongfully prosecuted people, that would be existential."
98,Post Office,Post Office,Organisation,"Well, very much along the lines of what Mr Henderson said that it was very clear that Post Office knew, insofar as a corporation can know anything, the people at the top knew that they were dealing with an existential issue, that if it turned out that Horizon was generating spurious shortfalls, that they had a lousy investigation function, that they had wrongfully prosecuted people, that would be existential."
98,Horizon,Horizon,Technical System,"Well, very much along the lines of what Mr Henderson said that it was very clear that Post Office knew, insofar as a corporation can know anything, the people at the top knew that they were dealing with an existential issue, that if it turned out that Horizon was generating spurious shortfalls, that they had a lousy investigation function, that they had wrongfully prosecuted people, that would be existential."
101,Horizon,Horizon,Technical System,"Well, the need to rely on the integrity of Horizon in order to be able to, if you like, control the network of subpostmasters, their agents, to be able to exercise or to carry out that sort of level of control, to have it known that the Horizon system was unreliable or that the supplier of the Horizon system, Fujitsu, or that the user of it, the purchaser of it, Post Office, was— could not be relied upon, would mean that all hell would break loose in the branch network."
101,Fujitsu,Fujitsu,Organisation,"Well, the need to rely on the integrity of Horizon in order to be able to, if you like, control the network of subpostmasters, their agents, to be able to exercise or to carry out that sort of level of control, to have it known that the Horizon system was unreliable or that the supplier of the Horizon system, Fujitsu, or that the user of it, the purchaser of it, Post Office, was— could not be relied upon, would mean that all hell would break loose in the branch network."
101,Post Office,Post Office,Organisation,"Well, the need to rely on the integrity of Horizon in order to be able to, if you like, control the network of subpostmasters, their agents, to be able to exercise or to carry out that sort of level of control, to have it known that the Horizon system was unreliable or that the supplier of the Horizon system, Fujitsu, or that the user of it, the purchaser of it, Post Office, was— could not be relied upon, would mean that all hell would break loose in the branch network."
104,the Post Office,Post Office,Organisation,I warned the Post Office top brass of that possibility from day zero.
108,Post Office,Post Office,Organisation,"The inquiry has seen a number of internal Post Office documents that show that at least in 2013, individuals within the Post Office were contemplating minimising the role of Second Sight or ending the role of Second Sight completely."
108,Sight,Second Sight,Organisation,"The inquiry has seen a number of internal Post Office documents that show that at least in 2013, individuals within the Post Office were contemplating minimising the role of Second Sight or ending the role of Second Sight completely."
109,Post Office,Post Office,Organisation,You've described in your witness statement a ferocious pushback from the Post Office during your investigation.
110,Post Office,Post Office,Organisation,Do you think there was ever a time when the Post Office staff were cooperating with your investigation fully?
111,Susan Crichton,Susan Crichton,Individual,"Oh yes, initially the response from Susan Crichton and from Simon Baker, the young IT expert that was assigned to help us to get access to data, Attitudinally had exactly the right— they definitely shared our, or they appeared to share our objective of seeking the truth regardless of consequences."
111,Simon Baker,Simon Baker,Individual,"Oh yes, initially the response from Susan Crichton and from Simon Baker, the young IT expert that was assigned to help us to get access to data, Attitudinally had exactly the right— they definitely shared our, or they appeared to share our objective of seeking the truth regardless of consequences."
114,Ian,Ian,Individual,"It was pretty clear that as soon as Ian came to me and said, look what I've found, I'm finding some really odd stuff in these legal files."
119,Ian,Ian,Individual,What was the odd stuff that Ian was finding?
122,Post Office,Post Office,Organisation,"One of the accusations that is levied against Second Sight very frequently in the internal Post Office material, and it sometimes breaks out into things said, for example, to James Arbuthnot and then subsequently to Sir Anthony Hooper, is that one of the chief problems with your investigation was that the slow pace at which it was proceeding."
122,James Arbuthnot,James Arbuthnot,Individual,"One of the accusations that is levied against Second Sight very frequently in the internal Post Office material, and it sometimes breaks out into things said, for example, to James Arbuthnot and then subsequently to Sir Anthony Hooper, is that one of the chief problems with your investigation was that the slow pace at which it was proceeding."
122,Anthony Hooper,Anthony Hooper,Individual,"One of the accusations that is levied against Second Sight very frequently in the internal Post Office material, and it sometimes breaks out into things said, for example, to James Arbuthnot and then subsequently to Sir Anthony Hooper, is that one of the chief problems with your investigation was that the slow pace at which it was proceeding."
127,Post Office,Post Office,Organisation,"And the need to wait for evidence to be produced by Post Office, which was taking much longer than we had ever expected it to."
129,Beer,Beer,Individual,"Well, part of it, I think, Mr Beer, was because Post Office"
129,Post Office,Post Office,Organisation,"Well, part of it, I think, Mr Beer, was because Post Office"
131,Post Office,Post Office,Organisation,"Post Office seemed to be excessively siloed with different departments, each of which would have some but not all of the information."
132,Simon Baker,Simon Baker,Individual,"And so gathering in the information, which Simon Baker was helping us to do, just proved to be like swimming up a waterfall."
139,Fujitsu,Fujitsu,Organisation,"An example of a conflict within a report would be the issue regarding Fujitsu's Bracknell office, i.e., the Post Office denying that Michael Rudkin had ever arrived at the meeting he said he'd been invited to."
139,Post Office,Post Office,Organisation,"An example of a conflict within a report would be the issue regarding Fujitsu's Bracknell office, i.e., the Post Office denying that Michael Rudkin had ever arrived at the meeting he said he'd been invited to."
139,Michael Rudkin,Michael Rudkin,Individual,"An example of a conflict within a report would be the issue regarding Fujitsu's Bracknell office, i.e., the Post Office denying that Michael Rudkin had ever arrived at the meeting he said he'd been invited to."
140,Michael,Michael,Individual,"I encouraged Michael to search through his emails to locate the original invitation, which fortunately he found."
141,Post Office,Post Office,Organisation,"I'd requested this email from the Post Office multiple times, but they— but they said they could not find it."
148,Rudkin,Rudkin,Individual,"of Mr. Rudkin and seeking an email that might have confirmed his presence on Fujitsu's premises in Bracknell, as he said."
148,Fujitsu,Fujitsu,Organisation,"of Mr. Rudkin and seeking an email that might have confirmed his presence on Fujitsu's premises in Bracknell, as he said."
151,Post Office,Post Office,Organisation,"So— and much of it revolved around what Post Office was asserting, with some justification, was inadequately evidenced remarks that we were making."
154,Post Office,Post Office,Organisation,"And Post Office was saying, well, hang on a minute, you can't— you're just spouting anecdotal evidence given to you by a few postmasters."
158,the Post Office's,Post Office,Organisation,And then we were getting the— what became almost like a mantra of the Post Office's position is that we would have— our procedures would have ensured that this had happened.
161,Post Office,Post Office,Organisation,Matters that ordinarily I would have had zero difficulty in communicating in conversations like this just seemed to be beyond the ken of the people in Post Office.
169,Post Office,Post Office,Organisation,Did the Post Office seek to influence the drafting of your final CRR reports?
169,CRR,CRR,Organisation,Did the Post Office seek to influence the drafting of your final CRR reports?
175,Post Office,Post Office,Organisation,"So it was unusual to have any report that wasn't completely clear, and yet Post Office seemed to find reason to challenge just about everything we said."
178,Henderson,Ian Henderson,Individual,"You probably realise that Mr Henderson and I, and in fact our colleagues, are not easily— not necessarily for turning, so there were some pretty intense scraps, but we obviously listened to and tried to accommodate the changes they were requesting, and certainly where we'd made mistakes, we corrected them."
179,Henderson,Ian Henderson,Individual,"In his witness statement, Mr Henderson said, it's page 22, paragraph 71, to the credit of the Post Office, they, the Post Office, did not try to directly interfere with or influence Second Sight's reports other than by withholding potentially relevant documents."
179,the Post Office,Post Office,Organisation,"In his witness statement, Mr Henderson said, it's page 22, paragraph 71, to the credit of the Post Office, they, the Post Office, did not try to directly interfere with or influence Second Sight's reports other than by withholding potentially relevant documents."
182,Ian,Ian,Individual,"I mean, I was involved in a lot more of the— if you like, what Ian himself would refer to as having been down in the weeds and dealing with a lot of the accounting issues in minute detail."
184,Henderson,Ian Henderson,Individual,"I was going to ask you, what was the division of responsibilities between you and Mr Henderson?"
187,Ian,Ian,Individual,"Ian is a specialist in documentation, computers, evidence handling."
189,James Arbuthnot,James Arbuthnot,Individual,"It made sense for him to be on site at Old Street, whereas I was haring around the country making face-to-face contact with the subpostmasters, which of course I'd been asked to do by James Arbuthnot and his colleagues."
190,Ian,Ian,Individual,"So it was very clear that— and I omitted to mention that of course Ian had had that very valuable experience with the CCRC, so I had far less knowledge of criminal procedure than he did, but neither of us put ourselves forward as lawyers."
190,CCRC,CCRC,Organisation,"So it was very clear that— and I omitted to mention that of course Ian had had that very valuable experience with the CCRC, so I had far less knowledge of criminal procedure than he did, but neither of us put ourselves forward as lawyers."
193,Paragraph 58,Paragraph 58,Organisation,"Can we move forward please to Paragraph 58 of your witness statement, which is on page 28."
197,MPs,MPs,Organisation,"And you say, we in Second Sight held the view that those concerns that have been so clearly expressed by the MPs and their equally clear expectation we would be investigating them had certainly not gone away, but that our interim report was to focus in the main on the narrow issue of systemic flaws in Horizon."
198,MPs,MPs,Organisation,"The inference and our understanding was that the original far wider scope had simply— had never simply vaporised, and that we were still expected by the MPs and by the JFSA to address them."
199,the Post Office,Post Office,Organisation,"On reflection, it would have been helpful had we included words to that effect in our interim report, although it seems now to be pretty obvious that the Post Office would have fought hard to avoid conceding that."
200,the Post Office,Post Office,Organisation,"It's now clear that the Post Office really had hoped that after Second Sight's interim report, report, that wider scope investigation, that would simply never happen."
200,Second Sight's,Second Sight,Organisation,"It's now clear that the Post Office really had hoped that after Second Sight's interim report, report, that wider scope investigation, that would simply never happen."
206,Ian,Ian,Individual,"Well, Ian referred to this earlier."
208,Post Office,Post Office,Organisation,"In fact, that terminology was accepted by Post Office."
213,Bearer,Bearer,Individual,"If that's what I've said, Mr. Bearer, I've got it the wrong way around, because job one was the— unsurprisingly, the first piece of work which the MPs had asked us to do."
213,MPs,MPs,Organisation,"If that's what I've said, Mr. Bearer, I've got it the wrong way around, because job one was the— unsurprisingly, the first piece of work which the MPs had asked us to do."
224,the Post Office's,Post Office,Organisation,"Well, I have expressed that the way I intended to, but I think the confusion that I've allowed to creep in here, for which I apologise, is that the Post Office's understanding of the mediation scheme was that that, in a sense, in a sense displaced, vaporised the original work that we'd been asked to carry out."
226,Post Office,Post Office,Organisation,"We, as far as we were concerned, the initial request by the MPs to— which involved, quote, taking the JFSA along with us, had definitely not gone away, but Post Office completely disagreed with that position."
229,Horizon,Horizon,Technical System,"That the first of those, which is reflected in the interim report, focused on the existence or non-existence of system-wide or systemic problems with Horizon?"
230,Beer,Beer,Individual,"Yes, Mr. Beer, but I think the point that has been confusing everybody is that job one was actually very broad, but that the interim report was not— it probably should have been, but it was not an attempt to answer all of those broad questions that had been posed by the MPs, At that point we'd been asked to just produce a report, the interim report, on these narrow issues."
230,MPs,MPs,Organisation,"Yes, Mr. Beer, but I think the point that has been confusing everybody is that job one was actually very broad, but that the interim report was not— it probably should have been, but it was not an attempt to answer all of those broad questions that had been posed by the MPs, At that point we'd been asked to just produce a report, the interim report, on these narrow issues."
233,the Post Office,Post Office,Organisation,"I was about to ask, was it a request of the Post Office that led to the production of the interim report?"
236,the Post Office,Post Office,Organisation,"Well, because it wasn't just the Post Office that was communicating that."
242,MPs,MPs,Organisation,"We would have continued to do the work that the MPs had asked us to do, which had been covered in my original proposal of work, which had never been other than acknowledged."
246,Post Office,Post Office,Organisation,The Post Office determined that that should be done through the mediation scheme?
251,Susan Crichton,Susan Crichton,Individual,"Well, I think it was— I mean, at that point Susan Crichton was still involved and still— there still seemed to be this a persuasive search for the truth, and it involved seeking applications from the entire network, and we wanted to get cases that could be efficiently, or even at all, investigated, and getting newer cases."
253,Horizon,Horizon,Technical System,"This conclusion at 8.2 on the right-hand side, our preliminary conclusions are, we have so far found no evidence of system-wide systemic problems with the Horizon software."
256,MPs,MPs,Organisation,"We had, I think, 29 cases from the MPs, 18 from the JFSA, that's 47 by my counting."
257,Ian,Ian,Individual,"So I think it was based on those, but of course we'd narrowed that down, we had to, because we investigating 49 cases right across the detail wasn't feasible, so that's where I think Ian came up with the good idea of spot— what we called spot reviews, just focus on events within a case and dig into those."
259,Spot Review,Spot Review,Organisation,"I think by that point we had about— we had 20-something spot reviews, but only 4 of them had really been bottomed out, and even then one of them was Spot Review 5, the Rudkin matter, which hadn't been bottomed out."
259,Rudkin,Rudkin,Individual,"I think by that point we had about— we had 20-something spot reviews, but only 4 of them had really been bottomed out, and even then one of them was Spot Review 5, the Rudkin matter, which hadn't been bottomed out."
266,Ian,Ian,Individual,"I think Ian mentioned earlier, it would have been probably better if we'd spelled out exactly what we meant by systemic."
268,the Post Office,Post Office,Organisation,"But with the benefit of hindsight, the Post Office pounced on it and, as Ian said, trumpeted it from the rooftops."
268,Ian,Ian,Individual,"But with the benefit of hindsight, the Post Office pounced on it and, as Ian said, trumpeted it from the rooftops."
269,Alan,Alan,Individual,And Alan had warned us that that would happen.
273,Alan,Alan,Individual,"Certainly he'd— Sir Alan, as we all know, pretty astute, and I think he was— he foresaw better than I did the danger of this."
274,Tim McCormack,Tim McCormack,Individual,"Can I look at something that you later said, a year and a half later, about this in a call that you had with Tim McCormack, just to explore what was meant here and what you thought this conclusion was meant to represent?"
276,McCormack,McCormack,Individual,This is a recording or a transcript of a recording that I think you made with Mr McCormack on 26 October 2015.
285,Cameron Freeman,Cameron Freeman,Individual,"We have now— I've made it clear in emails to Cameron Freeman, the Minister herself— we are now of the view that not only did systemic bugs exist during the time of these cases arising, but that systemic bugs in all likelihood definitely still exist, and then you carry on."
296,Cameron,Cameron,Individual,"So Mr Cameron— Al Cameron was one of the few witnesses that's referred to the comparative impact, the materiality of events that in Post Office's world are immaterial, but in the individual cases are hugely material."
296,Al Cameron,Al Cameron,Individual,"So Mr Cameron— Al Cameron was one of the few witnesses that's referred to the comparative impact, the materiality of events that in Post Office's world are immaterial, but in the individual cases are hugely material."
296,Post Office's,Post Office,Organisation,"So Mr Cameron— Al Cameron was one of the few witnesses that's referred to the comparative impact, the materiality of events that in Post Office's world are immaterial, but in the individual cases are hugely material."
306,PowerPoint,PowerPoint,Organisation,You're here referring to a PowerPoint proposal that we've seen many times.
307,PowerPoint,PowerPoint,Organisation,"I'm not going to go into it, but you say, by reference to that PowerPoint proposal, I suggest that no reasonable person could possibly have failed to understand that the review envisaged in my proposal was intended to address the possibility of prosecutorial misconduct."
311,Horizon,Horizon,Technical System,"So stopping there, does that sentence reflect the fact that the MPs were not concerned with whether there were intricate or arcane coding problems in the Horizon system?"
314,MPs,MPs,Organisation,"The one or two of the MPs expressed as the inquiry has already heard, a desire to sort of carry out some sort of deep code review, and we'd said it's going to be difficult to do that."
316,MPs,MPs,Organisation,"But the short answer to the question is that it was crystal clear that all of the MPs, their primary concern was that there had been prosecutorial misconduct."
319,Susan Crichton,Susan Crichton,Individual,"In 16, you say, I've subsequently learned on reading a 2-page email of 6 June 2012— you hadn't previously seen it— that Susan Crichton had summarised your PowerPoint for Paul Venells."
319,PowerPoint,PowerPoint,Organisation,"In 16, you say, I've subsequently learned on reading a 2-page email of 6 June 2012— you hadn't previously seen it— that Susan Crichton had summarised your PowerPoint for Paul Venells."
319,Paul Venells,Paul Venells,Individual,"In 16, you say, I've subsequently learned on reading a 2-page email of 6 June 2012— you hadn't previously seen it— that Susan Crichton had summarised your PowerPoint for Paul Venells."
320,PowerPoint,PowerPoint,Organisation,It's largely a cut and paste from your PowerPoint with relatively few changes.
321,Paul Venells,Paul Venells,Individual,"Having now read that email, I'm even more shocked than I was when as early as May 2013 and thereafter Paul Venells contended that Second Sight had never been invited to look for any evidence of unsafe prosecutions."
322,Paul Venells,Paul Venells,Individual,Was that something that was emphasised to you by Paul Venells?
323,Sight,Second Sight,Organisation,"that it wasn't part of Second Sight's brief, its terms of reference, to look for evidence of unsafe prosecutions?"
324,Paula Vannells,Paula Vannells,Individual,"Well, it's a matter of huge regret, and not only myself but my colleagues at Second Sight, that we had far less face-to-face contact with Paula Vannells than I would ordinarily have expected as to have, and therefore we'd been shunted down to the second level of, as I say, I think they called themselves conduits, who were, as far as we were at first aware, were conveying to us what Paula wanted and didn't want."
324,Paula,Vennells,Individual,"Well, it's a matter of huge regret, and not only myself but my colleagues at Second Sight, that we had far less face-to-face contact with Paula Vannells than I would ordinarily have expected as to have, and therefore we'd been shunted down to the second level of, as I say, I think they called themselves conduits, who were, as far as we were at first aware, were conveying to us what Paula wanted and didn't want."
327,Paula,Vennells,Individual,"But we were getting messages from Paula and Paula's intentions and desires through the conduit of people like Ojard, Allin Lyons and others."
327,Ojard,Ojard,Individual,"But we were getting messages from Paula and Paula's intentions and desires through the conduit of people like Ojard, Allin Lyons and others."
327,Allin Lyons,Allin Lyons,Individual,"But we were getting messages from Paula and Paula's intentions and desires through the conduit of people like Ojard, Allin Lyons and others."
331,Paula Venles,Paula Venles,Individual,"It's from Paula Venles, one of her staff in fact is sending it."
332,Susan Crichton,Susan Crichton,Individual,"to Susan Crichton, copy to Alice Perkins and Alwen Lyons."
332,Alice Perkins,Alice Perkins,Individual,"to Susan Crichton, copy to Alice Perkins and Alwen Lyons."
332,Alwen Lyons,Alwen Lyons,Individual,"to Susan Crichton, copy to Alice Perkins and Alwen Lyons."
333,Ron Wilmington,Ron Wilmington,Individual,"I've just met Ron Wilmington and want to put on record that he would do an excellent job for us, exactly the right quality level of engagement, etc., we're looking for."
334,Ron,Ron,Individual,I've made it very clear to Ron that our primary objective of this exercise is to be transparent and to deal with whatever outcomes and conclusions he comes to.
340,PowerPoint,PowerPoint,Organisation,Did you receive any formal feedback on the PowerPoint proposal that you presented?
349,Ms Vennells,Vennells,Individual,"After the meeting with Ms Vennells, did you believe that what— did you believe what she meant, what she said, she meant what she said rather, namely what's recorded in this email, namely the Post Office's objective, primary objective was to be transparent and deal with whatever outcomes and conclusions Second Sight reaches?"
349,the Post Office's,Post Office,Organisation,"After the meeting with Ms Vennells, did you believe that what— did you believe what she meant, what she said, she meant what she said rather, namely what's recorded in this email, namely the Post Office's objective, primary objective was to be transparent and deal with whatever outcomes and conclusions Second Sight reaches?"
353,the Post Office,Post Office,Organisation,"Do you know why, did you know why the Post Office appointed Second Sight over other forensic accountants?"
354,Ian,Ian,Individual,"As Ian said this morning, we were cheap."
356,Susan Crichton,Susan Crichton,Individual,"But I think the driving factor was that Susan Crichton, with whom I've never played tennis, incidentally, had held the view that I had form for pursuing evidence of innocence when people looked guilty, and very often finding that the innocent had been or would have otherwise been fired or worse for acts that they had not carried out themselves."
357,Citibank,Citibank,Organisation,Was that in Citibank or at GE Capital?
357,GE Capital,GE Capital,Organisation,Was that in Citibank or at GE Capital?
358,Citibank,Citibank,Organisation,Principally in Citibank.
359,GE Capital,GE Capital,Organisation,"My role at GE Capital was more sort of fraud management with an occasional investigation thrown in, whereas in Citibank it was pure investigations, often into the conduct of employees at all sorts of levels Right up to the top brass."
359,Citibank,Citibank,Organisation,"My role at GE Capital was more sort of fraud management with an occasional investigation thrown in, whereas in Citibank it was pure investigations, often into the conduct of employees at all sorts of levels Right up to the top brass."
362,Second Sight,Second Sight,Organisation,"You say, in due course, Second Sight was approved by all of the parties and a decision was made, which we later came deeply to regret, that although Second Sight's clients comprised the MPs and the JFSA as well, the contract would be between Second Sight and the Post Office, with no oversight by the MPs and only some mild oversight on behalf of the JFSA by Kay Lynell."
362,MPs,MPs,Organisation,"You say, in due course, Second Sight was approved by all of the parties and a decision was made, which we later came deeply to regret, that although Second Sight's clients comprised the MPs and the JFSA as well, the contract would be between Second Sight and the Post Office, with no oversight by the MPs and only some mild oversight on behalf of the JFSA by Kay Lynell."
362,the Post Office,Post Office,Organisation,"You say, in due course, Second Sight was approved by all of the parties and a decision was made, which we later came deeply to regret, that although Second Sight's clients comprised the MPs and the JFSA as well, the contract would be between Second Sight and the Post Office, with no oversight by the MPs and only some mild oversight on behalf of the JFSA by Kay Lynell."
362,Kay Lynell,Kay Lynell,Individual,"You say, in due course, Second Sight was approved by all of the parties and a decision was made, which we later came deeply to regret, that although Second Sight's clients comprised the MPs and the JFSA as well, the contract would be between Second Sight and the Post Office, with no oversight by the MPs and only some mild oversight on behalf of the JFSA by Kay Lynell."
363,Sight,Second Sight,Organisation,Why were you concerned when you learnt that Second Sight was to be contractually engaged only with Post Office rather than all of the interested persons?
363,Post Office,Post Office,Organisation,Why were you concerned when you learnt that Second Sight was to be contractually engaged only with Post Office rather than all of the interested persons?
364,Post Office,Post Office,Organisation,"Well, it was very clear from the outset that the subject the principal subject or subjects of the investigation were to be the postmasters, who may well have had their hands in the till, and Post Office, the 2 parties involved, and perhaps Fujitsu."
364,Fujitsu,Fujitsu,Organisation,"Well, it was very clear from the outset that the subject the principal subject or subjects of the investigation were to be the postmasters, who may well have had their hands in the till, and Post Office, the 2 parties involved, and perhaps Fujitsu."
365,Andrew Bridgen,Andrew Bridgen,Individual,"To have the subject, the principal subject of an investigation also be the paymaster is absurd, and it was Andrew Bridgen, as I say in paragraph 20, that was the most outspoken on that point, he spotted that problem right up front and was very angry about it."
367,Treasury,Treasury,Organisation,"The Treasury apparently said we haven't got any money and therefore Post Office is going to have to pay for it, but it was a daft decision."
367,Post Office,Post Office,Organisation,"The Treasury apparently said we haven't got any money and therefore Post Office is going to have to pay for it, but it was a daft decision."
368,Treasury,Treasury,Organisation,"Was that explored at the time, the Treasury being the paying client rather than the Post Office itself?"
368,the Post Office,Post Office,Organisation,"Was that explored at the time, the Treasury being the paying client rather than the Post Office itself?"
370,Oliver Letwin,Oliver Letwin,Individual,"I don't think that was— Oliver Letwin was representing the Treasury at that point and his view was it's out of the question, Post Office is going to have to pay for this, but they could have paid for it through a conduit of the Treasury."
370,Treasury,Treasury,Organisation,"I don't think that was— Oliver Letwin was representing the Treasury at that point and his view was it's out of the question, Post Office is going to have to pay for this, but they could have paid for it through a conduit of the Treasury."
370,Post Office,Post Office,Organisation,"I don't think that was— Oliver Letwin was representing the Treasury at that point and his view was it's out of the question, Post Office is going to have to pay for this, but they could have paid for it through a conduit of the Treasury."
374,Henderson,Ian Henderson,Individual,You say that you and Mr Henderson had no difficulty in coming up with suitable candidates?
380,Chris Hollyoake,Chris Hollyoake,Individual,Are those— were those 3 investigators— Chris Hollyoake?
388,Kim Evans,Kim Evans,Individual,Did Kim Evans join the investigation in about July 2014?
392,Niall Young,Niall Young,Organisation,"And lastly, Niall Young, did he join the investigation in about August 2014?"
398,Ian,Ian,Individual,"No, I think the answer is no, because by then we knew how much had been invested in acquiring the knowledge of what had been going on, and we recognised that bringing anybody in, no matter how good they were as an investigator, would then divert attention from— by Ian and myself— onto bringing that person up the curve."
406,Horizon,Horizon,Technical System,"To deal with already reported Horizon-related events, is that a fair description?"
409,ATM,ATM,Organisation,"Well, my experience as a corporate investigator meant that whenever broadly similar events occurred, whether it was ATM shortfalls or fraud by customers or whatever, the investigation team would draw those cases together and look for linkages and help— in order to help its investigators to get to grips with what systemically had gone wrong to allow that fraud or that event to occur."
413,Beer,Beer,Individual,"Well, quite frankly, Mr. Beer, it's hard to see how an investigation team could deliver an effective service to its employer without having that."
424,"The Grocer,","The Grocer,",Organisation,"news pieces, articles in The Grocer, Computer Weekly?"
424,Computer Weekly,Computer Weekly,Organisation,"news pieces, articles in The Grocer, Computer Weekly?"
426,The Sunday Times,The Sunday Times,Organisation,"Letters to The Sunday Times saying I have wrongly been gifted £2,500 worth of premium bonds, that kind of thing?"
429,the Post Office,Post Office,Organisation,And would it also include matters that had come up through any form of help desk that the Post Office or Fujitsu operated?
429,Fujitsu,Fujitsu,Organisation,And would it also include matters that had come up through any form of help desk that the Post Office or Fujitsu operated?
435,the Post Office,Post Office,Organisation,"When you were instructed and in the absence of such a compendium of material, Were you in fact made aware that— by the Post Office— that there had been acquittals of subpostmasters in criminal trials, of subpostmasters who had alleged that Horizon was responsible for the shortfall of which they were accused of either stealing or falsely accounting?"
435,Horizon,Horizon,Technical System,"When you were instructed and in the absence of such a compendium of material, Were you in fact made aware that— by the Post Office— that there had been acquittals of subpostmasters in criminal trials, of subpostmasters who had alleged that Horizon was responsible for the shortfall of which they were accused of either stealing or falsely accounting?"
436,Nicola Arch,Nicola Arch,Organisation,"No. the names Nicola Arch, Maureen McKelvie, Susan Palmer mentioned to you?"
436,Maureen McKelvie,Maureen McKelvie,Individual,"No. the names Nicola Arch, Maureen McKelvie, Susan Palmer mentioned to you?"
436,Susan Palmer,Susan Palmer,Individual,"No. the names Nicola Arch, Maureen McKelvie, Susan Palmer mentioned to you?"
438,Post Office,Post Office,Organisation,"Did the Post Office draw to your attention right at the beginning any suites of documents held by the Post Office concerning the functioning of or deficiencies in the Horizon system, including release notes documenting bug fixes?"
438,Horizon,Horizon,Technical System,"Did the Post Office draw to your attention right at the beginning any suites of documents held by the Post Office concerning the functioning of or deficiencies in the Horizon system, including release notes documenting bug fixes?"
442,the Post Office,Post Office,Organisation,"No. Did they, the Post Office, present you with documentation, and I include in that phrase memoranda, reports, emails, minutes of meetings, concerning bugs of which the Post Office was already aware, in particular the Calendar Square bug and the receipts and payments mismatch bug?"
443,Simon Baker,Simon Baker,Individual,"No, first we heard of that was from Simon Baker in, I think, May 2013."
444,the Post Office,Post Office,Organisation,Did the Post Office provide you with Jason Coyne's report prepared for the purposes of the case involving Julie Walstenholme in 2004?
444,Jason Coyne's,Jason Coyne's,Individual,Did the Post Office provide you with Jason Coyne's report prepared for the purposes of the case involving Julie Walstenholme in 2004?
444,Julie Walstenholme,Julie Walstenholme,Individual,Did the Post Office provide you with Jason Coyne's report prepared for the purposes of the case involving Julie Walstenholme in 2004?
446,the Post Office,Post Office,Organisation,Did the Post Office provide you with the BDO Stoy Heywood report prepared for the purposes of the Lee Castleton case in 2006?
446,BDO Stoy Heywood,BDO Stoy Heywood,Organisation,Did the Post Office provide you with the BDO Stoy Heywood report prepared for the purposes of the Lee Castleton case in 2006?
446,Lee Castleton,Lee Castleton,Individual,Did the Post Office provide you with the BDO Stoy Heywood report prepared for the purposes of the Lee Castleton case in 2006?
447,the Post Office,Post Office,Organisation,"No. Did the Post Office provide you with any witness statements that had been prepared in past cases concerning the Post Office in criminal proceedings which set out categories of documents, including PinICL, peaks and kells, that may be relevant to your investigation?"
449,the Post Office,Post Office,Organisation,And same question in relation to civil proceedings brought by or against the Post Office?
450,Lee Castleton,Lee Castleton,Individual,"No, first we heard of civil proceedings was the Lee Castleton case, which came up quite a bit later."
451,the Post Office,Post Office,Organisation,Did the Post Office provide you with any operational change proposal records which set out the existence of a facility for remote access and email correspondence in which the Post Office approved Fujitsu remotely inserting messages at a branch level?
451,Fujitsu,Fujitsu,Organisation,Did the Post Office provide you with any operational change proposal records which set out the existence of a facility for remote access and email correspondence in which the Post Office approved Fujitsu remotely inserting messages at a branch level?
452,Ian,Ian,Individual,"No, first we heard of that was Ian's discovery of the Gareth Jenkins document while he was sitting next to Susan Crichton and John Elsing."
452,Susan Crichton,Susan Crichton,Individual,"No, first we heard of that was Ian's discovery of the Gareth Jenkins document while he was sitting next to Susan Crichton and John Elsing."
452,John Elsing,John Elsing,Individual,"No, first we heard of that was Ian's discovery of the Gareth Jenkins document while he was sitting next to Susan Crichton and John Elsing."
453,Post Office,Post Office,Organisation,"Did you discuss with anyone within Post Office why haven't you got a general file, a compendium or a case management system?"
454,Susan Crichton,Susan Crichton,Individual,"Absolutely, with Susan Crichton."
460,Susan,Susan Crichton,Individual,"Yes, I mean, I said literally, Susan, where's the general file on this that will help to give Ian and myself an efficient briefing on what has been going on?"
460,Ian,Ian,Individual,"Yes, I mean, I said literally, Susan, where's the general file on this that will help to give Ian and myself an efficient briefing on what has been going on?"
463,Susan,Susan Crichton,Individual,"But she was— I can't fault Susan, she just knew there wasn't anything there."
467,Henderson,Ian Henderson,Individual,Is this a document that you drafted or Mr Henderson?
470,Susan,Susan Crichton,Individual,"Well, Susan had said to me, as best I recall, and I recall these things pretty well, she said something along the lines of, I've been asked to take over the POID, the Post Office Investigation Department, John Scott's department."
470,the Post Office Investigation Department,the Post Office Investigation Department,Organisation,"Well, Susan had said to me, as best I recall, and I recall these things pretty well, she said something along the lines of, I've been asked to take over the POID, the Post Office Investigation Department, John Scott's department."
470,John Scott's,John Scott's,Individual,"Well, Susan had said to me, as best I recall, and I recall these things pretty well, she said something along the lines of, I've been asked to take over the POID, the Post Office Investigation Department, John Scott's department."
481,Susan,Susan Crichton,Individual,"It was just really almost a personal memo between between myself and Susan, with caveats as to its reliability."
486,Post Office's,Post Office,Organisation,What have we found about Post Office's investigation function in reviewing case files during the Horizon investigation.
486,Horizon,Horizon,Technical System,What have we found about Post Office's investigation function in reviewing case files during the Horizon investigation.
487,the Post Office's,Post Office,Organisation,"In reviewing the Post Office's documentation relating to the 29 MP-referred cases and the 20 cases referred by the JFSA, Second Sight has gained an insight into the workings of Post Office's investigation team."
487,Sight,Second Sight,Organisation,"In reviewing the Post Office's documentation relating to the 29 MP-referred cases and the 20 cases referred by the JFSA, Second Sight has gained an insight into the workings of Post Office's investigation team."
496,Post Office,Post Office,Organisation,We've also not researched the legal basis on which the Post Office conducts either investigations or prosecution.
498,Post Office,Post Office,Organisation,"One, Post Office investigators and investigations are overwhelmingly focused on obtaining an admission of false accounting from the interviewed subpostmaster."
501,Post Office,Post Office,Organisation,"2, Post Office investigators often appear to have paid scant attention to the interviewee's assertions of innocence or his or her reference to specific transaction anomalies, they seem to have shown little or no willingness to establish the underlying root cause of any given shortfall."
504,Post Office,Post Office,Organisation,"In either event, since Post Office doesn't need to show where the money's gone, investigators see no business benefit in trying to establish the underlying root causes of the loss."
521,Susan,Susan Crichton,Individual,"Susan, I think, was foisted off, I think she had to take over the department in the end, So— and it was just done as a kind of an aside, so I'm afraid I never did see the need to finalise it."
525,Amanda Peacock,Amanda Peacock,Organisation,This is an email of much later from Amanda Peacock of the CCRC.
527,Roderick Williams,Roderick Williams,Individual,"To Roderick Williams, you're not copied in, she says, I've managed to find a bit more information about the report that Ron apparently wrote."
527,Ron,Ron,Individual,"To Roderick Williams, you're not copied in, she says, I've managed to find a bit more information about the report that Ron apparently wrote."
529,Ron,Ron,Individual,"Ron tells me that, and then there is a quote attributed to you."
530,CCRC,CCRC,Organisation,"engage in email correspondence with the CCRC, or is that a quote from you saying something over the phone?"
533,Susan Crichton,Susan Crichton,Individual,"So you are said to have said, I wrote the report on the investigations function in 2013 at the specific verbal request Susan Crichton."
537,Post Office's,Post Office,Organisation,"Who later shared with me her concerns about Post Office's Investigations Department, POID."
537,Investigations Department,Investigations Department,Organisation,"Who later shared with me her concerns about Post Office's Investigations Department, POID."
541,Ian Henderson,Ian Henderson,Individual,"Later, in the latter part of January '14, as I recall, my colleague Ian Henderson sent a copy of the report, still marked as draft as far as I can recall, to Chris O'Yard, who at that time was Post Office's General Counsel, copying Belinda Crowe at the Post Office."
541,Chris O'Yard,Chris O'Yard,Individual,"Later, in the latter part of January '14, as I recall, my colleague Ian Henderson sent a copy of the report, still marked as draft as far as I can recall, to Chris O'Yard, who at that time was Post Office's General Counsel, copying Belinda Crowe at the Post Office."
541,Post Office's,Post Office,Organisation,"Later, in the latter part of January '14, as I recall, my colleague Ian Henderson sent a copy of the report, still marked as draft as far as I can recall, to Chris O'Yard, who at that time was Post Office's General Counsel, copying Belinda Crowe at the Post Office."
541,General Counsel,General Counsel,Organisation,"Later, in the latter part of January '14, as I recall, my colleague Ian Henderson sent a copy of the report, still marked as draft as far as I can recall, to Chris O'Yard, who at that time was Post Office's General Counsel, copying Belinda Crowe at the Post Office."
541,Belinda Crowe,Belinda Crowe,Individual,"Later, in the latter part of January '14, as I recall, my colleague Ian Henderson sent a copy of the report, still marked as draft as far as I can recall, to Chris O'Yard, who at that time was Post Office's General Counsel, copying Belinda Crowe at the Post Office."
546,O'Yard,O'Yard,Individual,Mr. O'Yard had asked to see a copy of the report after existence was mentioned at a meeting of the mediation working group.
547,Post Office,Post Office,Organisation,Post Office ought to be able to locate a copy copy of that email to which the report was attached.
548,Ian,Ian,Individual,"As mentioned, it was sent by Ian to those 2 Post Office employees, copying also myself."
548,Post Office,Post Office,Organisation,"As mentioned, it was sent by Ian to those 2 Post Office employees, copying also myself."
549,O'Yard,O'Yard,Individual,"Is that accurate, that that's what you said, but also the underlying facts that Mr O'Yard had asked to see a copy of the report and it was sent over to him?"
550,Ian,Ian,Individual,"Yes, I think it was Ian, Mr Henderson, that relayed to me that Mr Ojaard had asked him."
550,Ojaard,Ojaard,Individual,"Yes, I think it was Ian, Mr Henderson, that relayed to me that Mr Ojaard had asked him."
551,Ojaard,Ojaard,Individual,"So I don't think Mr Ojaard asked me, I think he asked Ian, but I'm a little bit hazy on that."
551,Ian,Ian,Individual,"So I don't think Mr Ojaard asked me, I think he asked Ian, but I'm a little bit hazy on that."
552,Ojaard,Ojaard,Individual,But I know the request came from Mr Ojaard and that's why an old copy of the thing was dusted off and produced.
557,Ian,Ian,Individual,"Ian and I being surprised that yet again a key document had not been handed over from one General Counsel to the next, and therefore it was obviously something that, although I'd produced it for Susan, I'd produced it for her in her capacity as the General Counsel and therefore he was entitled to see it."
557,General Counsel,General Counsel,Organisation,"Ian and I being surprised that yet again a key document had not been handed over from one General Counsel to the next, and therefore it was obviously something that, although I'd produced it for Susan, I'd produced it for her in her capacity as the General Counsel and therefore he was entitled to see it."
557,Susan,Susan Crichton,Individual,"Ian and I being surprised that yet again a key document had not been handed over from one General Counsel to the next, and therefore it was obviously something that, although I'd produced it for Susan, I'd produced it for her in her capacity as the General Counsel and therefore he was entitled to see it."
557,the General Counsel,the General Counsel,Organisation,"Ian and I being surprised that yet again a key document had not been handed over from one General Counsel to the next, and therefore it was obviously something that, although I'd produced it for Susan, I'd produced it for her in her capacity as the General Counsel and therefore he was entitled to see it."
573,Warmington,Ron Warmington,Individual,"Good afternoon, Mr. Warmington."
576,Ian Henderson,Ian Henderson,Individual,"Paragraph 46, which is in the bottom half of the page, you say that after discussions with Ian Henderson as to the seriousness of his findings of probable prosecutorial misconduct from his review of the small number of legal files to which he had been given unrestricted access— only 7, as you recall it— I decided to speak directly with Susan Creisham about that very important matter."
576,Susan Creisham,Susan Creisham,Individual,"Paragraph 46, which is in the bottom half of the page, you say that after discussions with Ian Henderson as to the seriousness of his findings of probable prosecutorial misconduct from his review of the small number of legal files to which he had been given unrestricted access— only 7, as you recall it— I decided to speak directly with Susan Creisham about that very important matter."
578,Sight,Second Sight,Organisation,"During a meeting with her, I said that whereas I was confident that Second Sight had the ability to assess the adequacy of evidence in cases of suspected fraud and financial theft, we were forensic accountants, not lawyers experienced in criminal prosecutions or defence, so it was essential that our findings be quickly, thoroughly, and independently independently either ratified or refuted by a competent barrister experienced in criminal cases."
579,Susan,Susan Crichton,Individual,"Susan, who like practically every other general counsel I'd ever met claimed no expertise herself in matters of criminal prosecution, said that she would take the matter to Cartwright King."
579,Cartwright King,Cartwright King,Individual,"Susan, who like practically every other general counsel I'd ever met claimed no expertise herself in matters of criminal prosecution, said that she would take the matter to Cartwright King."
582,Susan Crichton,Susan Crichton,Individual,And was it just you and Susan Crichton present?
583,Henderson,Ian Henderson,Individual,You drew to her attention matters of prosecutorial misconduct that your colleague Mr Henderson had uncovered in a small number of files to which he had had access?
586,Ian,Ian,Individual,"Yes, in every case, inattention to the underlying root causes of the shortfalls that were being pursued civilly or criminally, but also, as Ian has mentioned, the failure to disclose, as far as he could detect, because I was relying on his input on this and it was entirely credible to me, not disclosing exculpatory evidence, evidence of innocence if you like, or evidence that would undermine the prosecution or a civil case."
587,Ian,Ian,Individual,"And so this— I had and still have less experience than does Ian on matters of prosecutorial conduct, but it was pretty compelling to me, and so I thought that I needed to share those views with Susan."
587,Susan,Susan Crichton,Individual,"And so this— I had and still have less experience than does Ian on matters of prosecutorial conduct, but it was pretty compelling to me, and so I thought that I needed to share those views with Susan."
588,Susan Crichton,Susan Crichton,Individual,Did any of the 5 things that you were subsequently to mention in the first part of 2013 in that draft document that we looked at before the break form part of your briefing to Susan Crichton?
592,Henderson,Ian Henderson,Individual,"don't rely on us, we need to deal with this urgently and go and either rubbish what we've said or confirm it, and if, God forbid, an expert in criminal law says that Mr Henderson and I— more Mr Henderson is right, you're going to have to review a whole load more cases."
598,Beer,Beer,Individual,"I think it's what we were referring to earlier, Mr Beer."
604,Post Office,Post Office,Organisation,"Yes, but to be fair to Post Office, And to Mr Henderson, I had to consider the possibility that we were wrong."
604,Henderson,Ian Henderson,Individual,"Yes, but to be fair to Post Office, And to Mr Henderson, I had to consider the possibility that we were wrong."
605,Ian,Ian,Individual,"I didn't think we were, I don't think Ian was and he never has been, but we had to give the benefit of the doubt and say go off and get a second opinion on this, but not the second opinion that they eventually sought."
606,Susan Crichton,Susan Crichton,Individual,"Moving to that, you say at the foot of that paragraph, she said— Susan Crichton— she would take the matter to Cartwright King, and you tell us over the page that you laughed out loud at that simply preposterous suggestion, responding by saying that Cartwright King would be entirely unsuitable because they could never be viewed as independent and they would then be marking their own homework."
606,Cartwright King,Cartwright King,Individual,"Moving to that, you say at the foot of that paragraph, she said— Susan Crichton— she would take the matter to Cartwright King, and you tell us over the page that you laughed out loud at that simply preposterous suggestion, responding by saying that Cartwright King would be entirely unsuitable because they could never be viewed as independent and they would then be marking their own homework."
618,MPs,MPs,Organisation,Because the MPs had said that they were interested on behalf of their constituents in the cases that had gone to prosecution?
619,Arbuthnot,James Arbuthnot,Individual,"Oh, let's face it, Lord Arbuthnot was— he had, I think, 3 constituents, one of which was Jo, where this was central to the reason he was pushing for investigation be carried out."
619,Jo,Jo,Individual,"Oh, let's face it, Lord Arbuthnot was— he had, I think, 3 constituents, one of which was Jo, where this was central to the reason he was pushing for investigation be carried out."
621,Susan Crichton,Susan Crichton,Individual,"Did you find out what in fact happened at this time or shortly thereafter, namely in August or September 2012, whether or not your suggestion of referring this to a competent barrister experienced in criminal cases, or as Susan Crichton said she was going to do, refer it to Cartwright King, in fact happened?"
621,Cartwright King,Cartwright King,Individual,"Did you find out what in fact happened at this time or shortly thereafter, namely in August or September 2012, whether or not your suggestion of referring this to a competent barrister experienced in criminal cases, or as Susan Crichton said she was going to do, refer it to Cartwright King, in fact happened?"
623,Simon Clarke,Simon Clarke,Individual,"And is it your understanding that what actually happened was a result of your suggestion in August or September 2012, or was prompted by something entirely different, namely the Simon Clarke advice of July '13?"
626,Clarke,Clarke,Organisation,"Whether the Clarke advice was sought because of what we'd raised, or just because they thought it was a good idea anyway, I don't know."
628,Cartwright King,Cartwright King,Individual,"That wasn't fed back, that wasn't a communication that you were a party to, i.e., the motivating cause for going off to Cartwright King?"
631,kick Susan's,kick Susan's,Individual,"But I think that coincided with— I can't for the moment remember why, I'm afraid, why I didn't go back and kick Susan's door down on this."
635,Simon Baker,Simon Baker,Individual,Can we look at an exchange that I showed Mr Henderson this morning of May 2013 between you and Simon Baker?
639,Simon Baker,Simon Baker,Individual,"There's an email to you from Simon Baker of May 2013, so a couple of months before publication of the interim report."
641,Paula,Vennells,Individual,And it looks like it's in readiness for a meeting that you're to have with Paula
642,Baker,Baker,Individual,"And he, Mr Baker, says, just to ensure we're on the same page, Paula would like to say we've agreed at the following, the second slide, can you confirm you agree?"
642,Paula,Vennells,Individual,"And he, Mr Baker, says, just to ensure we're on the same page, Paula would like to say we've agreed at the following, the second slide, can you confirm you agree?"
643,Horizon,Horizon,Technical System,"And then 2, by using the 2 to 3 cases, you'll answer the question, have systemic defects in the Horizon system resulted in the wrongful conviction or suspension of subpostmasters?"
645,Horizon,Horizon,Technical System,Defects in the Horizon system which are systemic and the conviction wrongfully of subpostmasters?
646,Ludicrous,Ludicrous,Individual,"It may well be combining 2 things, but I think it's very carefully crafted to be— to ask us to agree to something which is Ludicrous."
653,Henderson,Ian Henderson,Individual,"You had in the earlier August or September been told quite a lot by Mr Henderson about prosecutorial misconduct, and you had yourself told Susan Crichton about prosecutorial conduct."
653,Susan Crichton,Susan Crichton,Individual,"You had in the earlier August or September been told quite a lot by Mr Henderson about prosecutorial misconduct, and you had yourself told Susan Crichton about prosecutorial conduct."
662,Ian,Ian,Individual,Ian
667,Beer,Beer,Individual,"I wish now I'd actually sort of given them both barrels in terms of the suspicion that there was room for prosecutions, but I don't— I can't recall exactly why I worded it that way, I'm afraid, Mr. Beer."
670,the Post Office,Post Office,Organisation,We explained then that we didn't have the experience and we suggested a way forward for the Post Office.
674,the Post Office,Post Office,Organisation,"And again, I think you may have answered this already, do you think on reflection this episode, i.e., picking up probable misconduct of prosecutions as early as August and September 2012, raising that with the Post Office, suggesting a solution, them not taking it up seemingly, but then asking you to use a 2 or 3 case sample size to A, answer the question whether there are systemic defects, and B, to say that has not resulted in the wrongful conviction of any subpostmasters, is absurd, should have been included in the interim report."
675,Post Office,Post Office,Organisation,"Yes, we were somewhat inured to receiving absurd responses from Post Office already at that point."
678,Susan,Susan Crichton,Individual,"And I suppose— I'm not inventing this, but I think that at that point I still was naive enough to be thinking that my suggestion to Susan was underway and that there would be an educational input to us which would have said, Hang on, boys, thank you for alerting us to this, but you're completely wrong on that."
678,Hang,Hang,Individual,"And I suppose— I'm not inventing this, but I think that at that point I still was naive enough to be thinking that my suggestion to Susan was underway and that there would be an educational input to us which would have said, Hang on, boys, thank you for alerting us to this, but you're completely wrong on that."
679,Atkinson,Atkinson,Individual,"Here is the words of, you know, Mr Atkinson or whoever, somebody of that stature, that would have said, you're barking up the wrong tree, you two."
683,Ms Crichton's,Ms Crichton's,Organisation,You tell us in your witness statement that you need to correct something that you heard in Ms Crichton's evidence.
685,Jenkins,Gareth Jenkins,Individual,And the thing that you need to correct is she said that you were impressed by Mr Jenkins as an expert witness.
686,Henderson,Ian Henderson,Individual,"You say that to the best of your knowledge, neither you nor Mr Henderson said that you were impressed by Mr Jenkins as an expert witness, but instead impressed by him as a computer or systems expert; is that right?"
686,Jenkins,Gareth Jenkins,Individual,"You say that to the best of your knowledge, neither you nor Mr Henderson said that you were impressed by Mr Jenkins as an expert witness, but instead impressed by him as a computer or systems expert; is that right?"
688,Henderson,Ian Henderson,Individual,Was it you or Mr Henderson that said that to Susan Crichton?
688,Susan Crichton,Susan Crichton,Individual,Was it you or Mr Henderson that said that to Susan Crichton?
689,Henderson,Ian Henderson,Individual,"Probably both, but it would have come more credibly from Mr Henderson, who had more contact with Gareth Jenkins than I did."
695,Horizon,Horizon,Technical System,We did not think from what we had seen that he could have been aware of the duties that an expert witness would owe to the court and so was partisan in his views concerning Horizon.
696,Susan,Susan Crichton,Individual,"It's possible we failed to make that distinction clear to Susan, such as she misunderstood us on the that point."
697,Jenkins,Gareth Jenkins,Individual,"The first point is you say, we did not think from what we'd seen that Mr Jenkins could have been aware of the duties that an expert would owe to the court."
699,Prescient,Prescient,Organisation,I find it difficult to think that we could have been as Prescient.
701,Ian,Ian,Individual,"But having said that, Ian is and has served as an expert witness."
705,Horizon,Horizon,Technical System,"He was just an expert in the Horizon system, and Ian and I knew enough about it to say, how on earth could the courts accept that this person who, if you like, never— we didn't know at the time he never before acted as an expert witness, but he just didn't come across as an expert witness."
705,Ian,Ian,Individual,"He was just an expert in the Horizon system, and Ian and I knew enough about it to say, how on earth could the courts accept that this person who, if you like, never— we didn't know at the time he never before acted as an expert witness, but he just didn't come across as an expert witness."
708,Susan,Susan Crichton,Individual,"We weren't prescient, but I know that we would not have described him as— to Susan— as a very good expert witness."
716,the Court of Appeal,the Court of Appeal,Organisation,"Well, actually it was— it came out with a fanfare of trumpets, didn't it, at the Court of Appeal when the Clarke advice was first in the Hamilton versus—"
716,Clarke,Clarke,Organisation,"Well, actually it was— it came out with a fanfare of trumpets, didn't it, at the Court of Appeal when the Clarke advice was first in the Hamilton versus—"
716,Hamilton,Hamilton,Individual,"Well, actually it was— it came out with a fanfare of trumpets, didn't it, at the Court of Appeal when the Clarke advice was first in the Hamilton versus—"
719,Henderson,Ian Henderson,Individual,"I had not seen it, neither, as far as I'm aware, had Mr Henderson seen it before that date."
720,the Post Office,Post Office,Organisation,Had you been made aware by the Post Office that— of the substance of the conclusions reached in relation to Mr Jenkins?
722,Post Office,Post Office,Organisation,"There's evidence that the inquiry has that in autumn 2013, specifically September, the Post Office lawyers knew that there was at least a serious issue as to whether it, the Post Office, had properly instructed Mr Jenkins as to his expert duties."
722,Mr Jenkins,Mr Jenkins,Individual,"There's evidence that the inquiry has that in autumn 2013, specifically September, the Post Office lawyers knew that there was at least a serious issue as to whether it, the Post Office, had properly instructed Mr Jenkins as to his expert duties."
723,Post Office,Post Office,Organisation,Did anyone reveal— within the Post Office ever reveal that to you?
726,Lee Carstleton,Lee Carstleton,Individual,"I think the first I knew of that, to be precise, would have been when I looked at the Seema Misra, Lee Carstleton and other cases where he had submitted written witness statements, and I think only in one case did Did he give— did he follow that up with oral evidence?"
727,Post Office,Post Office,Organisation,"Had the Post Office confirmed to you that it had relied on Mr Jenkins as an expert witness in a series of criminal cases, I think 15 in total, but that it had not instructed him as an expert witness properly or had failed to explain the duties owed by an expert, would that have added to your concerns about the conduct of criminal prosecutions by Post Office?"
730,Post Office,Post Office,Organisation,Would it have made you question still further the competency and ethics of the Post Office prosecutors?
732,the Post Office,Post Office,Organisation,"If you had had revealed to you the substance of the Simon Clarke advice of the 15th of July 2013, would that— what effect would have that had upon you as to the propriety of certain criminal proceedings conducted by the Post Office?"
734,Seema Misra,Seema Misra,Individual,You said that one of the cases you were considering was Seema Misra.
736,Seema Misra,Seema Misra,Individual,Did you read a Seema Misra file?
737,Ian,Ian,Individual,I think Ian had looked at the file.
739,Ian,Ian,Individual,So I came to that stuff after Ian had already looked at the paper documents.
740,Seema Misra,Seema Misra,Individual,"And to the best of your memory, the, the Seema Misra file, was that the disclosed documents, i.e., the documents that would have been disclosed to the defence, or was it the prosecution case file?"
744,Ian,Ian,Individual,That would be more the sort of work that Ian was doing.
752,Paula Venles,Paula Venles,Individual,"But more particularly, you say, I wish I had demanded rather than asked more frequently to see Paula Venles, but also when I was doubting whether the truth was penetrating through to her and the I should have demanded to address the Post Office's full board."
752,the Post Office's,Post Office,Organisation,"But more particularly, you say, I wish I had demanded rather than asked more frequently to see Paula Venles, but also when I was doubting whether the truth was penetrating through to her and the I should have demanded to address the Post Office's full board."
754,Parker,Parker,Individual,"No, other than, as has been mentioned earlier today, the post-firing December 2015 invitation to speak to Mr. Parker."
759,the Post Office's,Post Office,Organisation,"You say in C that you wish you had flatly refused to communicate with the Post Office's CEO and its board through the conduit of Chris Oyarb, Belinda Crowe, Patrick Baulk and Angela Vanden Bogart."
759,Chris Oyarb,Chris Oyarb,Individual,"You say in C that you wish you had flatly refused to communicate with the Post Office's CEO and its board through the conduit of Chris Oyarb, Belinda Crowe, Patrick Baulk and Angela Vanden Bogart."
759,Belinda Crowe,Belinda Crowe,Individual,"You say in C that you wish you had flatly refused to communicate with the Post Office's CEO and its board through the conduit of Chris Oyarb, Belinda Crowe, Patrick Baulk and Angela Vanden Bogart."
759,Patrick Baulk,Patrick Baulk,Individual,"You say in C that you wish you had flatly refused to communicate with the Post Office's CEO and its board through the conduit of Chris Oyarb, Belinda Crowe, Patrick Baulk and Angela Vanden Bogart."
759,Angela Vanden Bogart,Angela Vanden Bogart,Individual,"You say in C that you wish you had flatly refused to communicate with the Post Office's CEO and its board through the conduit of Chris Oyarb, Belinda Crowe, Patrick Baulk and Angela Vanden Bogart."
762,Roderick Williams,Roderick Williams,Individual,"I think Roderick Williams was in, was in that sort of central team, but those are the main ones."
763,Chris Ojard,Chris Ojard,Individual,"And of course later, after Chris Ojard left, Jane McLeod."
763,Jane McLeod,Jane McLeod,Individual,"And of course later, after Chris Ojard left, Jane McLeod."
767,Baird,Baird,Individual,"And to forgive the language, or not as you see fit, Mr. Baird, but I felt that I was— I, if you like, accepted that I should be talking to the monkeys instead of the organ grinder."
768,Wynne,Wynne,Individual,"And I felt— I now, with retrospect, with hindsight, I feel ashamed that I allowed myself to You tell us in paragraph 108, in answer to the question, any other matters that you wish to bring to Sir Wynne's attention, if you had to select one document, it would be an email that you sent on 3 March 2015, which in fact I looked at with Mr Henderson this morning."
768,Henderson,Ian Henderson,Individual,"And I felt— I now, with retrospect, with hindsight, I feel ashamed that I allowed myself to You tell us in paragraph 108, in answer to the question, any other matters that you wish to bring to Sir Wynne's attention, if you had to select one document, it would be an email that you sent on 3 March 2015, which in fact I looked at with Mr Henderson this morning."
773,Alan Jones,Alan Jones,Individual,"This is in relation to the case of Case MO18, Alan Jones."
785,Jones,Jones,Individual,"Is what you said to Mr Jones there an accurate view of your engagement with the Post Office, or does it contain hyperbole because you were speaking to a subpostmaster?"
785,the Post Office,Post Office,Organisation,"Is what you said to Mr Jones there an accurate view of your engagement with the Post Office, or does it contain hyperbole because you were speaking to a subpostmaster?"
788,Warmington,Ron Warmington,Individual,"Mr. Warmington, thank you."
793,Steele,Steele,Individual,I think it's Mr Steele.
794,Jones,Jones,Individual,"For all the questions that are asked, the date of that conversation with Mr Jones, can you give me any idea of the year we're talking about?"
805,Post Office,Post Office,Organisation,It wasn't one of the sort of covertly recorded calls that I felt pressed to make later on in the— when dealing with Post Office management.
812,Normington,Normington,Individual,"Anyway, I, I simply wanted to be clear in my mind that it was a conversation while, uh, Mr. Normington was still, um, investigating, so to speak?"
815,Steen,Steen,Individual,I think Mr. Steen.
816,Warmington,Ron Warmington,Individual,"Mr. Warmington, a few areas to just deal with briefly, or 3 I think to deal with briefly and one slightly more lengthy about suspense accounts, okay?"
818,Beer,Beer,Individual,You've answered some questions from Mr Beer regarding the possibility of the Post Office keeping a general file.
818,Post Office,Post Office,Organisation,You've answered some questions from Mr Beer regarding the possibility of the Post Office keeping a general file.
819,Ms Crichton,Ms Crichton,Individual,Did you find out from Ms Crichton whether there was anything similar to a general file that might have been kept by Fujitsu?
819,Fujitsu,Fujitsu,Organisation,Did you find out from Ms Crichton whether there was anything similar to a general file that might have been kept by Fujitsu?
822,NDA,NDA,Organisation,"Moving then on to just a couple of other small areas, there was an NDA, non-disclosure agreement, that was signed by Second Sight."
822,Second Sight,Second Sight,Organisation,"Moving then on to just a couple of other small areas, there was an NDA, non-disclosure agreement, that was signed by Second Sight."
824,Henderson,Ian Henderson,Individual,"We've heard today the evidence of Mr Henderson about how he viewed the fact that he wished there had been an agreement, essentially a whistleblowing agreement, part of the contract."
825,Henderson,Ian Henderson,Individual,"I note that you refer in your first statement at paragraph 102 to the fact that both you and Mr Henderson, you offered your assistance to Freeths to provide assistance and support for subpostmasters, presumably in the GLO process; is that right?"
825,Freeths,Freeths,Individual,"I note that you refer in your first statement at paragraph 102 to the fact that both you and Mr Henderson, you offered your assistance to Freeths to provide assistance and support for subpostmasters, presumably in the GLO process; is that right?"
825,GLO,GLO,Organisation,"I note that you refer in your first statement at paragraph 102 to the fact that both you and Mr Henderson, you offered your assistance to Freeths to provide assistance and support for subpostmasters, presumably in the GLO process; is that right?"
828,Patrick Green,Patrick Green,Individual,"Yes, with the exception of 2 meetings, one with Patrick Green very briefly, when we were essentially told there's not much you can tell us, or that, you know, I don't want you to tell us very much, we'll find things out ourselves, and more importantly, I think, with— in a much longer meeting with Jason Coyne and Dr. Warden, when we were helping them to arrive at their witness statement."
828,Jason Coyne,Jason Coyne,Individual,"Yes, with the exception of 2 meetings, one with Patrick Green very briefly, when we were essentially told there's not much you can tell us, or that, you know, I don't want you to tell us very much, we'll find things out ourselves, and more importantly, I think, with— in a much longer meeting with Jason Coyne and Dr. Warden, when we were helping them to arrive at their witness statement."
828,Warden,Warden,Individual,"Yes, with the exception of 2 meetings, one with Patrick Green very briefly, when we were essentially told there's not much you can tell us, or that, you know, I don't want you to tell us very much, we'll find things out ourselves, and more importantly, I think, with— in a much longer meeting with Jason Coyne and Dr. Warden, when we were helping them to arrive at their witness statement."
832,NDA,NDA,Organisation,"If you hadn't had the restriction of the NDA, do you feel that that would have enabled you and Mr Henderson to come forward with more information at perhaps an earlier stage?"
834,NDA,NDA,Organisation,"And learning lessons for the future in relation to anyone else that engages in work with a corporation such as Pole or any other company, do you think there should be a different way of handling those questions, an NDA that allows for an perception in relation to whistleblowing."
836,Dean,Dean,Individual,"Thank you, Mr. Dean."
838,NDA,NDA,Organisation,"To try and patch the situation by having an escape clause in the NDA circumvents the— or ignores the original problem, which we've referred to, if you make the investigator a vassal of the subject of the investigation, nobody should be surprised that there's tears before bedtime."
841,Henderson,Ian Henderson,Individual,"If it hadn't been for the courage of Mr Henderson and maybe my, you know, not telling my wife what all the risks were, I would have pulled stumps on the whole thing."
842,Kay Linnell,Kay Linnell,Individual,"Talking of courage and dedication, Kay Linnell was someone who has provided over now many, many years superb support to Sir Alan."
842,Alan,Alan,Individual,"Talking of courage and dedication, Kay Linnell was someone who has provided over now many, many years superb support to Sir Alan."
844,Kay,Kay Lynell,Individual,I hold Kay in the very highest regard.
848,Mrs Jeremiah,Mrs Jeremiah,Individual,"And over the many years, she's also provided, with her business partner, Mrs Jeremiah, hours and hours, days, weeks, months of support annually to subpostmasters with their business affairs so badly affected by the Post Office."
848,the Post Office,Post Office,Organisation,"And over the many years, she's also provided, with her business partner, Mrs Jeremiah, hours and hours, days, weeks, months of support annually to subpostmasters with their business affairs so badly affected by the Post Office."
850,Horizon,Horizon,Technical System,"I not only agree, but I think she's one of the few people that hasn't been sitting in the dining car of the Horizon gravy train."
864,Second Sight,Second Sight,Organisation,"Now, here you make the point that you've heard the inquiry many times seeking clarification in respect of concerns that were first expressed by Second Sight and repeated by others."
865,Anthony Hooper,Anthony Hooper,Individual,"So obviously we know that this was dealt with in relation to the working group, Anthony Hooper was raising this, this was a matter of clear discussion, is that correct?"
867,Ms Harding,Ms Harding,Individual,"Now paragraph 5, you set out there, and I'm just going to ask you to explain please what you're saying here, paragraph 5 you describe the different types of suspense accounts, the first one was affected by the essentially the closure off of the original suspense accounts by the impact programme that the inquiry heard from, I think if I remember right, from Ms Harding, who described her work in relation to that."
869,Horizon,Horizon,Technical System,"Well, they were simply accounts within Horizon itself at branch level which allowed shortfalls, or also theoretically surpluses, to be parked while the subpostmaster and his or her staff was investigating to find the root cause."
870,Post Office,Post Office,Organisation,"They— because the balances that had been posted by the subpostmasters, those accounts started to clock up quite seriously and cause concern in Post Office itself, the fantastic solution that was evolved to do that was to just removed the functionality."
886,TC,TC,Individual,"An incoming TC, a credit TC in that case, will sort out your problem, but never the promise as to how long it would take for that to zero out the amount that was in the suspense account."
888,Horizon,Horizon,Technical System,"Do you recognise that there was a very real issue for subpostmasters trying to, in fact, find what's gone wrong, see if they can look at the material that they had, with huge limitations of access into the Horizon system?"
889,Alan,Alan,Individual,"Well, that was the very point, of course, that Sir Alan himself raised first."
896,Anthony Hooper,Anthony Hooper,Individual,"Right, well now we're talking, of course, there's a lot been said about this, so I'll be very brief, unless you want me to be otherwise, and that is that When I first— in fact, it was Sir Anthony Hooper that said— asked the question under the umbrella heading of, where the devil did the money go?"
906,Royal Mail,Royal Mail,Organisation,"And eventually we explained that wherever there is a difference between what one of your clients, like Royal Mail or National Savings Investments or Camelot or whatever, says is due to or from them, if that is different from what your own books in Post Office shows is due from or to them, there will be entries in both parties' suspense accounts, and those would expect, as Mr Henderson has mentioned, ordinary businesses would expect to clear those very quickly indeed, otherwise they get out of hand."
906,National Savings Investments,National Savings Investments,Organisation,"And eventually we explained that wherever there is a difference between what one of your clients, like Royal Mail or National Savings Investments or Camelot or whatever, says is due to or from them, if that is different from what your own books in Post Office shows is due from or to them, there will be entries in both parties' suspense accounts, and those would expect, as Mr Henderson has mentioned, ordinary businesses would expect to clear those very quickly indeed, otherwise they get out of hand."
906,Post Office,Post Office,Organisation,"And eventually we explained that wherever there is a difference between what one of your clients, like Royal Mail or National Savings Investments or Camelot or whatever, says is due to or from them, if that is different from what your own books in Post Office shows is due from or to them, there will be entries in both parties' suspense accounts, and those would expect, as Mr Henderson has mentioned, ordinary businesses would expect to clear those very quickly indeed, otherwise they get out of hand."
906,Henderson,Ian Henderson,Individual,"And eventually we explained that wherever there is a difference between what one of your clients, like Royal Mail or National Savings Investments or Camelot or whatever, says is due to or from them, if that is different from what your own books in Post Office shows is due from or to them, there will be entries in both parties' suspense accounts, and those would expect, as Mr Henderson has mentioned, ordinary businesses would expect to clear those very quickly indeed, otherwise they get out of hand."
908,Citibank,Citibank,Organisation,"Well, in Citibank, they had to be cleared by 7:30 the following morning, and you'd expect them to be, because if Citibank does a $500 million foreign exchange deal with Bank of America and one processes it at $500 million, the other at $50 million, you'd better get to the bottom of that damn quick."
908,Bank of America,Bank of America,Organisation,"Well, in Citibank, they had to be cleared by 7:30 the following morning, and you'd expect them to be, because if Citibank does a $500 million foreign exchange deal with Bank of America and one processes it at $500 million, the other at $50 million, you'd better get to the bottom of that damn quick."
909,the Post Office,Post Office,Organisation,"Does it make any difference that the Post Office is dealing with, say, 11,000 and the size of the system in operation."
910,PDQ,PDQ,Organisation,Does that have any relationship to the getting it done PDQ?
916,Steen,Steen,Individual,"If I was auditing it, Mr. Steen, I would be fairly forgiving if it was taking a month or or maybe even 2 to clear some of those items."
920,Post Office,Post Office,Organisation,"What's— and of course, Post Office dined out on this sort of phraseology that contextually, the size and frequency of occurrence of these tiny little amounts was so small and so insignificant in their books as to be immaterial."
927,Lloyds Bank,Lloyds Bank,Organisation,"So if we look at something the size of, say, Lloyds Bank, I use as an example, what may relate to a banking business in relation to materiality concerning its turnover and operations, £10,000 may not be material."
932,Steen,Steen,Individual,"The only thing I'd add to that, Mr. Steen, is that if we're dealing with— there was a sort of uniqueness about the Post Office business model where the coalface workers, the agents, the subpostmasters were separate businesses."
932,Post Office,Post Office,Organisation,"The only thing I'd add to that, Mr. Steen, is that if we're dealing with— there was a sort of uniqueness about the Post Office business model where the coalface workers, the agents, the subpostmasters were separate businesses."
937,ATM,ATM,Organisation,"If a shortfall, whether ATM-related or else, occurs in a bank branch of Lloyds Bank and it's £12,000, it's immaterial in their books, and it's actually immaterial in the branch's books because nobody's being expected to pay it out of their own pocket."
937,Lloyds Bank,Lloyds Bank,Organisation,"If a shortfall, whether ATM-related or else, occurs in a bank branch of Lloyds Bank and it's £12,000, it's immaterial in their books, and it's actually immaterial in the branch's books because nobody's being expected to pay it out of their own pocket."
938,Post Office's,Post Office,Organisation,So the materiality issue is different in Post Office's case because of the uniqueness of the business model.
940,the Post Office,Post Office,Organisation,And should that have been considered by the accountants as being a different way to look at materiality within the Post Office?
945,Paul,Paul,Individual,"So it follows that any amounts— any amount that remains sitting as a component of the balances in any of Paul's client suspense accounts will always in truth properly be owned by, and therefore properly refundable to, only one of 4 potential owners, and those 4 are— Yes. —POL itself, POL's customers, one of POL's clients, or a subpostmaster."
945,POL,POL,Organisation,"So it follows that any amounts— any amount that remains sitting as a component of the balances in any of Paul's client suspense accounts will always in truth properly be owned by, and therefore properly refundable to, only one of 4 potential owners, and those 4 are— Yes. —POL itself, POL's customers, one of POL's clients, or a subpostmaster."
946,POL,POL,Organisation,"And then at paragraph 12, you then set out that you and your colleagues formed a hypothesis that you wished to test and hopefully disprove, that some of the unreconciled net credits that POL had every year after 3 years credited to its own profit and loss account might have included amounts that had Pole been able to establish to whom they truly belonged, ought to have been returned to subpostmasters, mistresses and the branches."
950,KPMG,KPMG,Organisation,"And the last figures that we had related to 2010/2011, and I believe later there was perhaps a KPMG report that looked into later years and the figures went up even further."
954,Royal Mail,Royal Mail,Organisation,"Similarly, we weren't concerned if Royal Mail or Camelot or National Savings Investments had been shortchanged in some way."
954,National Savings Investments,National Savings Investments,Organisation,"Similarly, we weren't concerned if Royal Mail or Camelot or National Savings Investments had been shortchanged in some way."
956,Post Office,Post Office,Organisation,"And we weren't worried if Post Office had trousered, as it were, amounts that it should have trousered."
961,Horizon,Horizon,Technical System,"In other words, to the date of your evidence given before— being given now before this inquiry, have you had a resolution to these issues in relation to the suspense accounts, what's happened to the money paid into balance shortfalls that may have been due to a Horizon system error?"
965,KPMG,KPMG,Organisation,"The slightly longer answer is I have read in material that has been supplied to me by the inquiry reports by KPMG and others that took place as late as 2020, that seemingly gives some reassurance that everything currently is okay."
966,Post Office's,Post Office,Organisation,"What they didn't do was go back and pick up the specific items that we drew to Post Office's attention that had come to the surface out of the 136 cases that we looked at, where specific examples of subpostmasters not being reimbursed with amounts that they'd had to cough out in relation to one-sided entries and so on, the specific cases that we brought to the attention of the Chief Financial Officer were not, as far as I can see, ever even looked at."
969,Warmington,Ron Warmington,Individual,"Thank you, Mr. Warmington."
974,KPMG,KPMG,Organisation,"Picking up on the last point that you've just been asked about, I actually would like to take you to that KPMG report, so we'll bring up poll 0003-0909, please."
975,Steen,Steen,Individual,Is this the document that you were referring to when you were asking Mr. Steen— answering Mr. Steen's questions?
992,Ian,Ian,Individual,"I got the sense that they weren't let off the leash, and because I mentioned in my second witness statement that the obvious lines of inquiry that Ian and I would have pursued, along with our fellow investigators, just didn't appear here."
993,Post Office,Post Office,Organisation,"They didn't even mention those sort of things, which was to look at the history of what had been cleared and find out where what Post Office had learned about who really did have to be repaid when they actually bothered to or actually found out who the true owners of items in suspense were."
1003,KPMG,KPMG,Organisation,KPMG does not provide any assurance on the appropriateness or accuracy of sources of information relied upon.
1005,KPMG,KPMG,Organisation,And KPMG does not accept any responsibility for the underlying data used in this report.
1009,KPMG,KPMG,Organisation,But I hesitate to criticise a fine firm like KPMG.
1017,the Post Office,Post Office,Organisation,"If it turns out, if it can ever be found out, that the Post Office was absorbing sums into their profit and loss which rightfully should have been returned to subpostmasters, who within Post this would or should have known that that was happening?"
1017,Post,Post,Organisation,"If it turns out, if it can ever be found out, that the Post Office was absorbing sums into their profit and loss which rightfully should have been returned to subpostmasters, who within Post this would or should have known that that was happening?"
1019,Cameron,Cameron,Individual,"Well, it would be the Chief Financial Officer, Mr Cameron."
1021,Mr Ismay,Mr Ismay,Individual,"And Mr Ismay, who was the functionary in Chesterfield whose department handled this stuff, and he was in the meeting between myself and Mr Henderson and Mr Cameron just about 2 weeks before we were chopped."
1021,Henderson,Ian Henderson,Individual,"And Mr Ismay, who was the functionary in Chesterfield whose department handled this stuff, and he was in the meeting between myself and Mr Henderson and Mr Cameron just about 2 weeks before we were chopped."
1021,Cameron,Cameron,Individual,"And Mr Ismay, who was the functionary in Chesterfield whose department handled this stuff, and he was in the meeting between myself and Mr Henderson and Mr Cameron just about 2 weeks before we were chopped."
1022,Cameron,Cameron,Individual,And do you think that there's any directors on the board apart from Mr Cameron who would or should have known about this?
1024,Horizon,Horizon,Technical System,"Can I then also just ask you This about your investigations, did you find that Horizon conducted true double-entry bookkeeping?"
1026,Horizon,Horizon,Technical System,"I harbour a suspicion, and I've mentioned it I think in my second witness statement, that the assertion that Horizon is a double-entry bookkeeping system is not safe."
1028,Joe,Joe,Individual,"If you sell £100 worth of stamps, Joe, for cash, the double entry is simple."
1032,Joe,Joe,Individual,"But if you're— if you're As in Joe's case, if you have a £2,000 shortfall that in a moment in time becomes a £4,000 shortfall, that extra £2,000 has got to come from somewhere and go to somewhere."
1035,Joe,Joe,Individual,"And when Joe pressed that button and the and her shortfall doubled, and she's not the only person that asserted that."
1036,Jo,Jo,Individual,"If that truly happened, then the system invented a one-sided entry, and what it effectively did was said to Jo, you need to have £2,000 more in the till or in the safe than you've actually got."
1039,Ford,Ford,Organisation,"I'd also raise the points about entries that were processed by other bolted-on front-end systems, like the Ford money changer."
1041,Post Office,Post Office,Organisation,"So obviously we've got the electronic point-of-sale system which managed Post Office products, like stamps and so forth, but then we've got these bolt-ons that Fed figures into Horizon, whether it be from Bank of Ireland cash points, lottery terminals, and I think you mentioned foreign exchange."
1041,Fed,Fed,Organisation,"So obviously we've got the electronic point-of-sale system which managed Post Office products, like stamps and so forth, but then we've got these bolt-ons that Fed figures into Horizon, whether it be from Bank of Ireland cash points, lottery terminals, and I think you mentioned foreign exchange."
1041,Horizon,Horizon,Technical System,"So obviously we've got the electronic point-of-sale system which managed Post Office products, like stamps and so forth, but then we've got these bolt-ons that Fed figures into Horizon, whether it be from Bank of Ireland cash points, lottery terminals, and I think you mentioned foreign exchange."
1041,Bank of Ireland,Bank of Ireland,Organisation,"So obviously we've got the electronic point-of-sale system which managed Post Office products, like stamps and so forth, but then we've got these bolt-ons that Fed figures into Horizon, whether it be from Bank of Ireland cash points, lottery terminals, and I think you mentioned foreign exchange."
1047,Post Office,Post Office,Organisation,"Well, yes, in theory, but I mean, the issue on, for example, foreign exchange transactions is when I asked Post Office for a copy of the Forward Money Changer user manual to be able to work out how the accounting was was working, they said they hadn't got one."
1047,the Forward Money Changer,the Forward Money Changer,Organisation,"Well, yes, in theory, but I mean, the issue on, for example, foreign exchange transactions is when I asked Post Office for a copy of the Forward Money Changer user manual to be able to work out how the accounting was was working, they said they hadn't got one."
1048,Post Office,Post Office,Organisation,"I had to reverse engineer the foreign exchange accounting from the 2,500 pages of documents supplied to me by one of the subpostmaster's professional advisers, as opposed to the 3 documents that Post Office supplied in that case."
1050,Thank,Thank,Individual,"Those are my questions, Mr. Thank you, sir."
1052,Warmington,Ron Warmington,Individual,"Mr. Warmington, I think I should ask you a few questions along the following lines, so please bear with me."
1053,Ms Perkins,Ms Perkins,Individual,"Some of the senior executives, and I believe Ms Perkins in particular as Chair, were asked the question, or the suggestion was put to them, I think is a better way of putting it, that the mediation scheme was a scam."
1053,Chair,Chair,Organisation,"Some of the senior executives, and I believe Ms Perkins in particular as Chair, were asked the question, or the suggestion was put to them, I think is a better way of putting it, that the mediation scheme was a scam."
1058,the Post Office,Post Office,Organisation,"First of all, is it right that the idea of the scheme came from the Post Office?"
1059,Susan Crichton,Susan Crichton,Individual,"Yes, yes, I think from Susan Crichton, my understanding."
1060,Post Office,Post Office,Organisation,"Right, and contemporaneously with your operation of the scheme, I.e., at the time, did you gain any, um, or did you have any idea about whether or not you were engaged in a scheme which was being operated by all concerned in good faith, or whether Post Office were engaged in a scam?"
1066,Alan Bates,Alan Bates,Individual,"Um, I think it was, it was Sir Alan Bates that twigged that in the vernacular, um, and realized that it was a scam, a sham, um, well before I did."
1074,Post Office,Post Office,Organisation,"And when we realised, as soon as we realised the POIRs were taking an awful long time to get to us and that when they arrived none of them gave an inch in regard to any improper conduct or poor behaviour or mistakes made by Post Office itself, we sort of twigged, we realised that this was going through a filtering process that was filtering out any, uh, any, any, um, admission by Post Office."
1079,Susan,Susan Crichton,Individual,"On the departure of Susan, It took a marked turn for the worse."
1082,Post Office,Post Office,Organisation,"One was the expectation gap, as it's called, namely that on the one side, subpostmasters who'd suffered significant losses expected to have proper compensation, whereas on the Post Office side, the expectation was that the compensation would be much lower."
1084,Mediated,Mediated,Organisation,"And thorny issue number two, as I see it— so tell me if I've got it wrong— was the very significant debate which took place as to whether or not convicted people should be Mediated with at all."
1087,Alice Perkins,Alice Perkins,Individual,"Yes, the second one, dealing with that first, it was just obvious, it was obvious to everybody that the principal driving force for calling us in and carrying out an investigation was— had resulted from a meeting between Lord Arbuthnot and Alice Perkins before, I think before she became chairman, and there was this agreement to proceed, and it's absurd to think that Lord Arbuthnot would have said, oh, and it's perfectly okay if you leave Joe Hamilton and anybody else out of this."
1087,Joe Hamilton,Joe Hamilton,Individual,"Yes, the second one, dealing with that first, it was just obvious, it was obvious to everybody that the principal driving force for calling us in and carrying out an investigation was— had resulted from a meeting between Lord Arbuthnot and Alice Perkins before, I think before she became chairman, and there was this agreement to proceed, and it's absurd to think that Lord Arbuthnot would have said, oh, and it's perfectly okay if you leave Joe Hamilton and anybody else out of this."
1089,Howe Co,Howe Co,Organisation,"But the corruption of the mediation scheme, this expectation gap, the first point that you asked, sir, when we started to see the CQRs, the case questionnaire responses, the work done by the professional advisers, including Howe Co and others, when we started to see those coming in with pretty big numbers attached, it didn't surprise Mr Henderson and myself at all."
1089,Henderson,Ian Henderson,Individual,"But the corruption of the mediation scheme, this expectation gap, the first point that you asked, sir, when we started to see the CQRs, the case questionnaire responses, the work done by the professional advisers, including Howe Co and others, when we started to see those coming in with pretty big numbers attached, it didn't surprise Mr Henderson and myself at all."
1091,Post Office,Post Office,Organisation,But we of course hadn't been told at that point that Post Office was harbouring the view that they were only expecting to make token payments.
1102,Henderson,Ian Henderson,Individual,"I harbour the suspicion, I think Mr Henderson probably shares this, that the 2 teams of investigators— I'll call them investigators, they weren't really— the people that were preparing the POIRs on a reporting line to Angela Vanna-Bogaert, I met some of those people, lovely people, and they were empathetic towards the postmasters' cases."
1102,Angela Vanna-Bogaert,Angela Vanna-Bogaert,Individual,"I harbour the suspicion, I think Mr Henderson probably shares this, that the 2 teams of investigators— I'll call them investigators, they weren't really— the people that were preparing the POIRs on a reporting line to Angela Vanna-Bogaert, I met some of those people, lovely people, and they were empathetic towards the postmasters' cases."
1103,Post Office,Post Office,Organisation,"I strongly suspect that the reports they were producing contained quite a few acknowledgements of failings by Post Office, and yet none of them that got through to us had any such concessions, and we would have to be pretty thick not to notice that."
1104,Post Office,Post Office,Organisation,"We did, and my suspicion, and I think this is probably the case, is that It just went through a filtering process to remove anything that was in any way an admission of failure, let alone guilt, by Post Office."
1105,Cartwright King,Cartwright King,Individual,"So the work, the good work that those people were doing, I think was filtered through Cartwright King and Bonn Pierce and the offices of Roderick Williams and Belinda Ojard and others into such an anodyne response."
1105,Bonn Pierce,Bonn Pierce,Organisation,"So the work, the good work that those people were doing, I think was filtered through Cartwright King and Bonn Pierce and the offices of Roderick Williams and Belinda Ojard and others into such an anodyne response."
1105,Roderick Williams,Roderick Williams,Individual,"So the work, the good work that those people were doing, I think was filtered through Cartwright King and Bonn Pierce and the offices of Roderick Williams and Belinda Ojard and others into such an anodyne response."
1105,Belinda Ojard,Belinda Ojard,Individual,"So the work, the good work that those people were doing, I think was filtered through Cartwright King and Bonn Pierce and the offices of Roderick Williams and Belinda Ojard and others into such an anodyne response."
1109,Warmington,Ron Warmington,Individual,"That's it, Mr. Warmington, I assume, since I usually have the last word if anybody is going to have the last word."
1114,Beer,Beer,Individual,Mr. Beer?
1117,Beer,Beer,Individual,"Thank you very much, Mr. Beer."
62,Second Sight,Second Sight,Organisation,"In 2009 and 2010, you became part of and then a director of Second Sight Support Services Limited?"
122,Second Sight,Second Sight,Organisation,"One of the accusations that is levied against Second Sight very frequently in the internal Post Office material, and it sometimes breaks out into things said, for example, to James Arbuthnot and then subsequently to Sir Anthony Hooper, is that one of the chief problems with your investigation was that the slow pace at which it was proceeding."
179,Second Sight,Second Sight,Organisation,"In his witness statement, Mr Henderson said, it's page 22, paragraph 71, to the credit of the Post Office, they, the Post Office, did not try to directly interfere with or influence Second Sight's reports other than by withholding potentially relevant documents."
197,Second Sight,Second Sight,Organisation,"And you say, we in Second Sight held the view that those concerns that have been so clearly expressed by the MPs and their equally clear expectation we would be investigating them had certainly not gone away, but that our interim report was to focus in the main on the narrow issue of systemic flaws in Horizon."
222,Second Sight,Second Sight,Organisation,"We in Second Sight held the view that those concerns that have been so clearly expressed by MPs... had certainly not gone away, but that our interim report was to focus in the main on the narrower issue of systemic flaws in Horizon."
235,Second Sight,Second Sight,Organisation,Why did Second Sight agree to it?
303,Second Sight,Second Sight,Organisation,of Second Sight.
321,Second Sight,Second Sight,Organisation,"Having now read that email, I'm even more shocked than I was when as early as May 2013 and thereafter Paul Venells contended that Second Sight had never been invited to look for any evidence of unsafe prosecutions."
324,Second Sight,Second Sight,Organisation,"Well, it's a matter of huge regret, and not only myself but my colleagues at Second Sight, that we had far less face-to-face contact with Paula Vannells than I would ordinarily have expected as to have, and therefore we'd been shunted down to the second level of, as I say, I think they called themselves conduits, who were, as far as we were at first aware, were conveying to us what Paula wanted and didn't want."
349,Second Sight,Second Sight,Organisation,"After the meeting with Ms Vennells, did you believe that what— did you believe what she meant, what she said, she meant what she said rather, namely what's recorded in this email, namely the Post Office's objective, primary objective was to be transparent and deal with whatever outcomes and conclusions Second Sight reaches?"
353,Second Sight,Second Sight,Organisation,"Do you know why, did you know why the Post Office appointed Second Sight over other forensic accountants?"
470,Post Office,Post Office,Organisation,"Well, Susan had said to me, as best I recall, and I recall these things pretty well, she said something along the lines of, I've been asked to take over the POID, the Post Office Investigation Department, John Scott's department."
525,CCRC,CCRC,Organisation,This is an email of much later from Amanda Peacock of the CCRC.
531,CCRC,CCRC,Organisation,I suspect this is a quote from the meeting that I had in Birmingham with the CCRC at their request.
553,Second Sight,Second Sight,Organisation,He accepted when he gave evidence that he received the report from Second Sight.
704,Second Sight,Second Sight,Organisation,"And I didn't think— and I would— I recognised as early as that, without the benefit of second sight, haha, that we would later learn that— what we have later learned in regard to his briefing and the the modifications of his witness statements and so on."
899,Second Sight,Second Sight,Organisation,"And, you know, second sight, find out."
929,Post Office,Post Office,Organisation,"Oh yes, and regarding the question of materiality, where you've got this complex mixture, so materiality to a subpostmaster or mistress may be £5,000, £10,000, maybe a few hundred, but to the overall post office business it may be— it may not be the same."
197,Horizon,Horizon,Technical System,"And you say, we in Second Sight held the view that those concerns that have been so clearly expressed by the MPs and their equally clear expectation we would be investigating them had certainly not gone away, but that our interim report was to focus in the main on the narrow issue of systemic flaws in Horizon."
211,Horizon,Horizon,Technical System,"In your witness statement, you describe things the other way round, that the narrower piece of work was Job 1, it focused in the main on the narrower issue of systemic flaws in Horizon."
212,Horizon,Horizon,Technical System,Why was the narrower issue the systemic— the issue of systemic flaws in Horizon?
222,Horizon,Horizon,Technical System,"We in Second Sight held the view that those concerns that have been so clearly expressed by MPs... had certainly not gone away, but that our interim report was to focus in the main on the narrower issue of systemic flaws in Horizon."
282,the system,the system,Technical System,Of course there are bugs in the system.
295,the system,the system,Technical System,"but had life-changing impact on those that the bugs hit, but were inconsequential in the context of the entirety of the system."
447,PinICL,PinICL,Technical System,"No. Did the Post Office provide you with any witness statements that had been prepared in past cases concerning the Post Office in criminal proceedings which set out categories of documents, including PinICL, peaks and kells, that may be relevant to your investigation?"
909,the system,the system,Technical System,"Does it make any difference that the Post Office is dealing with, say, 11,000 and the size of the system in operation."
1036,the system,the system,Technical System,"If that truly happened, then the system invented a one-sided entry, and what it effectively did was said to Jo, you need to have £2,000 more in the till or in the safe than you've actually got."
1044,Horizon,Horizon,Technical System,"processed on a Wednesday once a week, you don't— you can't assert that to be horizon double entry."
58,audit,audit,Event/Issue,"Variously as a regional head of internal audit, chairman of the audit and risk committee, CFO, Head of Investigations for Europe, the Middle East, and Africa, and then Global Head of Investigations?"
98,shortfalls,shortfall,Event/Issue,"Well, very much along the lines of what Mr Henderson said that it was very clear that Post Office knew, insofar as a corporation can know anything, the people at the top knew that they were dealing with an existential issue, that if it turned out that Horizon was generating spurious shortfalls, that they had a lousy investigation function, that they had wrongfully prosecuted people, that would be existential."
126,mediation scheme,mediation scheme,Event/Issue,"Yes, it was taking longer, particularly in the— during the mediation scheme with 150 applicants, each with a very detailed story."
138,mediation scheme,mediation scheme,Event/Issue,"You're here in the mediation scheme and you say, where we couldn't resolve a point of conflict, within a report, we'd flag it in the relevant place."
209,mediation scheme,mediation scheme,Event/Issue,"Job 1 was the broader investigation that definitely included consideration of the conduct of investigations and prosecutions, but this was narrower, and as we went into the mediation scheme, that became a more narrowly defined piece of work which we referred to as Job 2."
214,mediation scheme,mediation scheme,Event/Issue,"The narrower job was— manifested itself principally in the mediation scheme, which was underway at this point."
224,mediation scheme,mediation scheme,Event/Issue,"Well, I have expressed that the way I intended to, but I think the confusion that I've allowed to creep in here, for which I apologise, is that the Post Office's understanding of the mediation scheme was that that, in a sense, in a sense displaced, vaporised the original work that we'd been asked to carry out."
240,mediation scheme,mediation scheme,Event/Issue,"In your mind, and putting aside the events which happened, namely the development of the initial complaint and mediation scheme, what was still left after the production of the interim report?"
241,mediation scheme,mediation scheme,Event/Issue,"Well, had the mediation scheme not fired up, and diverted our attention onto the 150 applicants' cases."
246,mediation scheme,mediation scheme,Event/Issue,The Post Office determined that that should be done through the mediation scheme?
282,bugs,bug,Event/Issue,Of course there are bugs in the system.
283,errors,error,Event/Issue,"Now we were at pains, you probably are aware, in that when we released that interim report, we studiously avoided using the term that there had been systemic errors, even though there had been some disclosed to us."
285,bugs,bug,Event/Issue,"We have now— I've made it clear in emails to Cameron Freeman, the Minister herself— we are now of the view that not only did systemic bugs exist during the time of these cases arising, but that systemic bugs in all likelihood definitely still exist, and then you carry on."
286,errors,error,Event/Issue,"The point there, we studiously avoided using that term systemic errors, even though some have been disclosed to us."
287,errors,error,Event/Issue,Why did you avoid using the term systemic errors in the interim report?
288,errors,error,Event/Issue,"if, as you say here, systemic errors had been disclosed to you by that time?"
292,bugs,bug,Event/Issue,"And had there been such systemic bugs, they would have been glaringly obvious to at least some of— quite a lot of the people."
294,bugs,bug,Event/Issue,"What we found was that the— whether it was bugs or other forms of error and defect that were manifesting themselves were unusual, were rare."
294,error,error,Event/Issue,"What we found was that the— whether it was bugs or other forms of error and defect that were manifesting themselves were unusual, were rare."
294,defect,defect,Event/Issue,"What we found was that the— whether it was bugs or other forms of error and defect that were manifesting themselves were unusual, were rare."
295,bugs,bug,Event/Issue,"but had life-changing impact on those that the bugs hit, but were inconsequential in the context of the entirety of the system."
409,shortfalls,shortfall,Event/Issue,"Well, my experience as a corporate investigator meant that whenever broadly similar events occurred, whether it was ATM shortfalls or fraud by customers or whatever, the investigation team would draw those cases together and look for linkages and help— in order to help its investigators to get to grips with what systemically had gone wrong to allow that fraud or that event to occur."
432,bugs,bug,Event/Issue,"Would it include reports on any bugs, errors or defects, however they're described?"
432,errors,error,Event/Issue,"Would it include reports on any bugs, errors or defects, however they're described?"
432,defects,defect,Event/Issue,"Would it include reports on any bugs, errors or defects, however they're described?"
435,shortfall,shortfall,Event/Issue,"When you were instructed and in the absence of such a compendium of material, Were you in fact made aware that— by the Post Office— that there had been acquittals of subpostmasters in criminal trials, of subpostmasters who had alleged that Horizon was responsible for the shortfall of which they were accused of either stealing or falsely accounting?"
438,bug,bug,Event/Issue,"Did the Post Office draw to your attention right at the beginning any suites of documents held by the Post Office concerning the functioning of or deficiencies in the Horizon system, including release notes documenting bug fixes?"
442,bug,bug,Event/Issue,"No. Did they, the Post Office, present you with documentation, and I include in that phrase memoranda, reports, emails, minutes of meetings, concerning bugs of which the Post Office was already aware, in particular the Calendar Square bug and the receipts and payments mismatch bug?"
442,mismatch,mismatch,Event/Issue,"No. Did they, the Post Office, present you with documentation, and I include in that phrase memoranda, reports, emails, minutes of meetings, concerning bugs of which the Post Office was already aware, in particular the Calendar Square bug and the receipts and payments mismatch bug?"
501,shortfall,shortfall,Event/Issue,"2, Post Office investigators often appear to have paid scant attention to the interviewee's assertions of innocence or his or her reference to specific transaction anomalies, they seem to have shown little or no willingness to establish the underlying root cause of any given shortfall."
586,shortfalls,shortfall,Event/Issue,"Yes, in every case, inattention to the underlying root causes of the shortfalls that were being pursued civilly or criminally, but also, as Ian has mentioned, the failure to disclose, as far as he could detect, because I was relying on his input on this and it was entirely credible to me, not disclosing exculpatory evidence, evidence of innocence if you like, or evidence that would undermine the prosecution or a civil case."
643,defects,defect,Event/Issue,"And then 2, by using the 2 to 3 cases, you'll answer the question, have systemic defects in the Horizon system resulted in the wrongful conviction or suspension of subpostmasters?"
645,defects,defect,Event/Issue,Defects in the Horizon system which are systemic and the conviction wrongfully of subpostmasters?
663,defects,defect,Event/Issue,and I had made it clear— that we weren't going to use the term systemic defects.
664,defects,defect,Event/Issue,"It follows if we weren't going to define— say there had been any systemic defects, how on earth could there be systemic defects that had resulted in a wrongful conviction or suspension of the tiny volume of subpostmasters whose cases we'd looked at that point?"
674,defects,defect,Event/Issue,"And again, I think you may have answered this already, do you think on reflection this episode, i.e., picking up probable misconduct of prosecutions as early as August and September 2012, raising that with the Post Office, suggesting a solution, them not taking it up seemingly, but then asking you to use a 2 or 3 case sample size to A, answer the question whether there are systemic defects, and B, to say that has not resulted in the wrongful conviction of any subpostmasters, is absurd, should have been included in the interim report."
800,mediation scheme,mediation scheme,Event/Issue,"And it was in the context then, was it, of you gathering information in terms of your role in the mediation scheme?"
869,shortfalls,shortfall,Event/Issue,"Well, they were simply accounts within Horizon itself at branch level which allowed shortfalls, or also theoretically surpluses, to be parked while the subpostmaster and his or her staff was investigating to find the root cause."
872,suspense account,suspense account,Event/Issue,"And you conclude that the final part of paragraph 5, in relation to subpostmasters, the removal of the suspense account at that time, leaving many of them with no realistic alternative which faced— when faced with shortfalls that they could neither understand nor make good, but to falsify branch books in order to buy time."
872,shortfalls,shortfall,Event/Issue,"And you conclude that the final part of paragraph 5, in relation to subpostmasters, the removal of the suspense account at that time, leaving many of them with no realistic alternative which faced— when faced with shortfalls that they could neither understand nor make good, but to falsify branch books in order to buy time."
875,shortfall,shortfall,Event/Issue,"So if you had a subpostmaster on £18,000 a year and you tried to post a shortfall of £19,000 a year, it wasn't going to work."
880,shortfalls,shortfall,Event/Issue,And that meant that all the big shortfalls that we were seeing— You It mean the just couldn't be parked anywhere.
881,shortfall,shortfall,Event/Issue,It had to be dealt with immediately on the final— on the day that that shortfall manifested itself in the books.
886,suspense account,suspense account,Event/Issue,"An incoming TC, a credit TC in that case, will sort out your problem, but never the promise as to how long it would take for that to zero out the amount that was in the suspense account."
890,shortfall,shortfall,Event/Issue,There was a person who understood point-of-sale systems and there he found himself looking at this 8-centimetre-wide piece of paper that was across the room to try and find the reason for a shortfall.
892,shortfall,shortfall,Event/Issue,"If you're looking at a whole month's transactions to try and find out why you've got a shortfall of £19,000 or whatever."
897,shortfall,shortfall,Event/Issue,"He said, is it possible that a shortfall in one branch could be accounted for by a surplus in another?"
937,shortfall,shortfall,Event/Issue,"If a shortfall, whether ATM-related or else, occurs in a bank branch of Lloyds Bank and it's £12,000, it's immaterial in their books, and it's actually immaterial in the branch's books because nobody's being expected to pay it out of their own pocket."
941,audit,audit,Event/Issue,"Well, it would have if I'd been doing the audit, yes."
961,error,error,Event/Issue,"In other words, to the date of your evidence given before— being given now before this inquiry, have you had a resolution to these issues in relation to the suspense accounts, what's happened to the money paid into balance shortfalls that may have been due to a Horizon system error?"
961,shortfalls,shortfall,Event/Issue,"In other words, to the date of your evidence given before— being given now before this inquiry, have you had a resolution to these issues in relation to the suspense accounts, what's happened to the money paid into balance shortfalls that may have been due to a Horizon system error?"
1006,audit,audit,Event/Issue,"Yes, this is the sort of wording, this is the page that you put in when you're going to do what I think has also been described as a desk-based audit, that says we're just going to ask some questions and we're going to believe everything we're told."
1032,shortfall,shortfall,Event/Issue,"But if you're— if you're As in Joe's case, if you have a £2,000 shortfall that in a moment in time becomes a £4,000 shortfall, that extra £2,000 has got to come from somewhere and go to somewhere."
1035,shortfall,shortfall,Event/Issue,"And when Joe pressed that button and the and her shortfall doubled, and she's not the only person that asserted that."
1053,mediation scheme,mediation scheme,Event/Issue,"Some of the senior executives, and I believe Ms Perkins in particular as Chair, were asked the question, or the suggestion was put to them, I think is a better way of putting it, that the mediation scheme was a scam."
1055,mediation scheme,mediation scheme,Event/Issue,"And they denied that and in effect told me that so far as they were concerned, the mediation scheme was a scheme which was operated by all concerned in good faith."
1070,mediation scheme,mediation scheme,Event/Issue,"So is the answer to my question that for much of the time during which you were involved in the mediation scheme, you did think that it was being operated in good faith, but there came a point in time when you began to doubt that?"
1088,mediation scheme,mediation scheme,Event/Issue,"I mean, he'd made it completely clear that people with convictions of any sort should be entitled to benefit from the mediation scheme."
1089,mediation scheme,mediation scheme,Event/Issue,"But the corruption of the mediation scheme, this expectation gap, the first point that you asked, sir, when we started to see the CQRs, the case questionnaire responses, the work done by the professional advisers, including Howe Co and others, when we started to see those coming in with pretty big numbers attached, it didn't surprise Mr Henderson and myself at all."
