sentence_index,entity_raw,entity_normalised,category,sentence_text,session
0,Beer,Beer,Individual,"Yes, Mr. Beer.",Day143
2,Vennells,Vennells,Individual,"Good morning, Ms. Vennells.",Day143
3,Beer,Beer,Individual,"Good morning, Mr. Beer.",Day143
8,Deloitte,Deloitte,Organisation,I'd like first to look at the process by which Second Sight were chosen and Deloitte were not to conduct an investigation.,Day143
10,Simon Baker,Simon Baker,Individual,"And if we look at the foot of the page, there's an email from Simon Baker— you're not on this chain— to Susan Crichton and Lesley Sewell of 6 June 2012.",Day143
10,Susan Crichton,Susan Crichton,Individual,"And if we look at the foot of the page, there's an email from Simon Baker— you're not on this chain— to Susan Crichton and Lesley Sewell of 6 June 2012.",Day143
10,Lesley Sewell,Lesley Sewell,Individual,"And if we look at the foot of the page, there's an email from Simon Baker— you're not on this chain— to Susan Crichton and Lesley Sewell of 6 June 2012.",Day143
11,Susan,Susan Crichton,Individual,"And he says, Susan, Lesley, attached is Ron's proposal.",Day143
11,Lesley,Lesley Sewell,Individual,"And he says, Susan, Lesley, attached is Ron's proposal.",Day143
11,Ron,Ron,Individual,"And he says, Susan, Lesley, attached is Ron's proposal.",Day143
12,Alice,Alice,Individual,"My view is that we make it clear to Alice and Paula the distinction between the work Ron is proposing, brackets, an independent review of past cases, and the Horizon forensic audit, the Deloitte proposal, and put it on the agenda to discuss tomorrow, which would be the 7th of June.",Day143
12,Paula,Vennells,Individual,"My view is that we make it clear to Alice and Paula the distinction between the work Ron is proposing, brackets, an independent review of past cases, and the Horizon forensic audit, the Deloitte proposal, and put it on the agenda to discuss tomorrow, which would be the 7th of June.",Day143
12,Ron,Ron,Individual,"My view is that we make it clear to Alice and Paula the distinction between the work Ron is proposing, brackets, an independent review of past cases, and the Horizon forensic audit, the Deloitte proposal, and put it on the agenda to discuss tomorrow, which would be the 7th of June.",Day143
12,Deloitte,Deloitte,Organisation,"My view is that we make it clear to Alice and Paula the distinction between the work Ron is proposing, brackets, an independent review of past cases, and the Horizon forensic audit, the Deloitte proposal, and put it on the agenda to discuss tomorrow, which would be the 7th of June.",Day143
15,Deloitte,Deloitte,Organisation,"I couldn't recall it at the time, and I think I say in my statement that The Deloitte work, which was named Project Spire, was not something that I remembered, but I can see that there were those 2 alternatives being discussed.",Day143
15,Project Spire,Project Spire,Organisation,"I couldn't recall it at the time, and I think I say in my statement that The Deloitte work, which was named Project Spire, was not something that I remembered, but I can see that there were those 2 alternatives being discussed.",Day143
16,Second Sight,Second Sight,Organisation,"Can you remember the distinction between them, i.e., what was proposed to be done by Second Sight and what was to be done by Deloitte?",Day143
16,Deloitte,Deloitte,Organisation,"Can you remember the distinction between them, i.e., what was proposed to be done by Second Sight and what was to be done by Deloitte?",Day143
20,Project Spy,Project Spy,Organisation,The Project Spy document is a forensic investigation of the Horizon system.,Day143
20,Horizon,Horizon,Technical System,The Project Spy document is a forensic investigation of the Horizon system.,Day143
21,Horizon,Horizon,Technical System,"Sorry to interrupt, by a forensic investigation of the Horizon system, is that captured by these words here, a forensic audit?",Day143
23,Horizon,Horizon,Technical System,I would have said a detailed investigation of the Horizon system.,Day143
33,Alice Perkins,Alice Perkins,Individual,"And do you see in the box that's at the bottom of the screen there, it's recorded that on the 7th of June 2012, a meeting is held between you, Alice Perkins, Susan Crichton, Alwen Lyons and Simon Baker, where the Deloitte and Second Sight proposals are discussed?",Day143
33,Susan Crichton,Susan Crichton,Individual,"And do you see in the box that's at the bottom of the screen there, it's recorded that on the 7th of June 2012, a meeting is held between you, Alice Perkins, Susan Crichton, Alwen Lyons and Simon Baker, where the Deloitte and Second Sight proposals are discussed?",Day143
33,Alwen Lyons,Alwen Lyons,Individual,"And do you see in the box that's at the bottom of the screen there, it's recorded that on the 7th of June 2012, a meeting is held between you, Alice Perkins, Susan Crichton, Alwen Lyons and Simon Baker, where the Deloitte and Second Sight proposals are discussed?",Day143
33,Simon Baker,Simon Baker,Individual,"And do you see in the box that's at the bottom of the screen there, it's recorded that on the 7th of June 2012, a meeting is held between you, Alice Perkins, Susan Crichton, Alwen Lyons and Simon Baker, where the Deloitte and Second Sight proposals are discussed?",Day143
33,Deloitte,Deloitte,Organisation,"And do you see in the box that's at the bottom of the screen there, it's recorded that on the 7th of June 2012, a meeting is held between you, Alice Perkins, Susan Crichton, Alwen Lyons and Simon Baker, where the Deloitte and Second Sight proposals are discussed?",Day143
35,Second Sight,Second Sight,Organisation,And Second Sight was chosen as the preferred supplier?,Day143
37,Deloitte,Deloitte,Organisation,Why was Second Sight proposal preferred to that of Deloitte?,Day143
39,Deloitte,Deloitte,Organisation,"I was concerned that any one of the Big Four, Deloitte being one of them, may have come across too corporate and wouldn't necessarily have had the understanding of running a post office for small retail businesses.",Day143
45,Project Spire,Project Spire,Organisation,"And the reason I feel sure about that recollection is that when, in preparing for today, I looked at what was called the Project Spire document, I was quite surprised about the detail in it, and one of my reflections now is that actually that would have been a very good piece of work to have done, because it may have brought more data to the fore than we knew.",Day143
49,Horizon,Horizon,Technical System,Rather than auditing the Horizon system as a whole?,Day143
53,Horizon,Horizon,Technical System,"What would you say to the suggestion that a deliberate choice was made to pick a proposal that was much narrower in scope, that only looked at a sample of past cases rather than auditing the Horizon system as a whole?",Day143
56,Deloitte,Deloitte,Organisation,"You agree, I think, cutting to the chase, that it would have been preferable looking back now had Deloitte been chosen, because their proposal may or even would have brought to the surface, if carried through to its conclusion, many of the issues that were subsequently discovered?",Day143
59,Deloitte,Deloitte,Organisation,"Whether Deloitte would in fact have surfaced some of the other important areas that Second Sight did, I don't know, because I think one of the other outcomes of this has been the right decision, was looking at the contract, and that may not have surfaced through the Deloitte work, which was particularly focused on the system itself.",Day143
59,Sight,Second Sight,Organisation,"Whether Deloitte would in fact have surfaced some of the other important areas that Second Sight did, I don't know, because I think one of the other outcomes of this has been the right decision, was looking at the contract, and that may not have surfaced through the Deloitte work, which was particularly focused on the system itself.",Day143
61,Second Sight,Second Sight,Organisation,"reference, or at least an early copy of the terms of reference that were settled for Second Sight, poll 3096576.",Day143
68,Horizon,Horizon,Technical System,"The sample needs to cover cases where defendants claim they didn't take any cash, where assertions have been made that the system, i.e., Horizon, caused the shortage, including old and new versions of Horizon if possible, and which have been taken up by MPs.",Day143
69,Horizon,Horizon,Technical System,"And then if you look at the last— the second-to-last bullet point, study and selectively test the Horizon system in order to find any black hole, programme bug, etcetera, that might have caused mysterious shortages.",Day143
70,Horizon,Horizon,Technical System,"What's described there, selecting a representative sample of cases that led to prosecutions or court-appointed restitutions, systems and then study and selectively test the Horizon system in order to find bugs, for shorthand, that may have caused mysterious shortages, was exactly what was needed, wasn't it?",Day143
73,the Post Office,Post Office,Organisation,"The work that Second Sight— well, the Post Office and Second Sight did over this quite a long period of time, didn't come to a final conclusion, no.",Day143
73,Second Sight,Second Sight,Organisation,"The work that Second Sight— well, the Post Office and Second Sight did over this quite a long period of time, didn't come to a final conclusion, no.",Day143
83,the Post Office,Post Office,Organisation,We'll see how things got changed by the Post Office.,Day143
86,the Court of Appeal,the Court of Appeal,Organisation,"Would you agree that if what is described here in those 2 bullet points that I have identified had in fact been undertaken, again there is, to use the may word, a possibility that the decade that followed until faults in Horizon and the miscarriages of justice identified by the Court of Appeal may have been discovered earlier?",Day143
88,Susan Crichton,Susan Crichton,Individual,"I saw in the inquiry documentation that there is a piece of advice that Susan Crichton sought from Richard Morgan QC, where he said that he thought that the advice was that the Post Office really shouldn't get into this at all because it would be a no-win situation.",Day143
88,Richard Morgan QC,Richard Morgan QC,Individual,"I saw in the inquiry documentation that there is a piece of advice that Susan Crichton sought from Richard Morgan QC, where he said that he thought that the advice was that the Post Office really shouldn't get into this at all because it would be a no-win situation.",Day143
88,the Post Office,Post Office,Organisation,"I saw in the inquiry documentation that there is a piece of advice that Susan Crichton sought from Richard Morgan QC, where he said that he thought that the advice was that the Post Office really shouldn't get into this at all because it would be a no-win situation.",Day143
96,Richard Morgan's,Richard Morgan's,Individual,"I.e., had you— and I think you mean the executive and the board— known about Richard Morgan's advice, you may have approached things differently in what way?",Day143
99,the Post Office,Post Office,Organisation,"Let's look at what the Post Office did in relation, in particular, to Criminal cases.",Day143
99,Criminal,Criminal,Organisation,"Let's look at what the Post Office did in relation, in particular, to Criminal cases.",Day143
104,Alice Perkins,Alice Perkins,Individual,"There is an email from Alice Perkins of 9 June, 9:36, to you.",Day143
108,MPs,MPs,Organisation,"I am clear that we should include all, in capital letters, the MPs' cases, irrespective of whether they have been decided in court.",Day143
116,Olwen,Olwen,Organisation,"And then if we go a little bit further up, Olwen replies to you, and I think to you alone, Paula, in case Susan doesn't pick up— pick this up as she's in Berlin and before you speak to Alice.",Day143
116,Paula,Vennells,Individual,"And then if we go a little bit further up, Olwen replies to you, and I think to you alone, Paula, in case Susan doesn't pick up— pick this up as she's in Berlin and before you speak to Alice.",Day143
116,Susan,Susan Crichton,Individual,"And then if we go a little bit further up, Olwen replies to you, and I think to you alone, Paula, in case Susan doesn't pick up— pick this up as she's in Berlin and before you speak to Alice.",Day143
116,Alice,Alice,Individual,"And then if we go a little bit further up, Olwen replies to you, and I think to you alone, Paula, in case Susan doesn't pick up— pick this up as she's in Berlin and before you speak to Alice.",Day143
117,Mishra,Mishra,Individual,The issue that came to light with the list of MP cases was that they included the Mishra— I think that's Seema Misra.,Day143
117,Seema Misra,Seema Misra,Individual,The issue that came to light with the list of MP cases was that they included the Mishra— I think that's Seema Misra.,Day143
122,Susan,Susan Crichton,Individual,"Susan's anxiety, and she raised this at the meeting with Alice before you joined, was whether now contacting her to tell her we review the case would be a red rag to a bull.",Day143
122,Alice,Alice,Individual,"Susan's anxiety, and she raised this at the meeting with Alice before you joined, was whether now contacting her to tell her we review the case would be a red rag to a bull.",Day143
123,Alice,Alice,Individual,"Alice feels this is the business pushing back unnecessarily, and she feels this happened throughout the process, and she is having to keep pushing us.",Day143
124,Susan,Susan Crichton,Individual,Susan's getting a external advice on the effect that this would have on cases which have been brought through the courts.,Day143
126,Alice Perkins,Alice Perkins,Individual,"Did you agree with Alice Perkins that all cases should be included in the independent review, even if they involved criminal convictions?",Day143
128,Alice Perkins,Alice Perkins,Individual,Did you agree with Alice Perkins that the business was pushing back unnecessarily against that?,Day143
129,Alice,Alice,Organisation,"I don't think I knew that, and I think this was— so the bit of admin that we skipped over is I say that I'll call Alice, which I did, and I think she explained to me the conversation that she had had.",Day143
131,Chair,Chair,Individual,Who would be the business that was pushing back unnecessarily against the Chair?,Day143
132,Susan,Susan Crichton,Individual,"Well, the only thing that I can think is relating back to this piece of advice that Susan sought from Richard Morgan, which was very clear advice to her, and one assumes that she would have— she was in a meeting, she discussed it in a meeting, and one assumes that that must have alerted her to maybe needing to take different approaches with cases like Mrs Misra's, for instance, but I wasn't involved in those conversations.",Day143
132,Richard Morgan,Richard Morgan,Individual,"Well, the only thing that I can think is relating back to this piece of advice that Susan sought from Richard Morgan, which was very clear advice to her, and one assumes that she would have— she was in a meeting, she discussed it in a meeting, and one assumes that that must have alerted her to maybe needing to take different approaches with cases like Mrs Misra's, for instance, but I wasn't involved in those conversations.",Day143
132,Mrs Misra's,Mrs Misra's,Organisation,"Well, the only thing that I can think is relating back to this piece of advice that Susan sought from Richard Morgan, which was very clear advice to her, and one assumes that she would have— she was in a meeting, she discussed it in a meeting, and one assumes that that must have alerted her to maybe needing to take different approaches with cases like Mrs Misra's, for instance, but I wasn't involved in those conversations.",Day143
133,Susan,Susan Crichton,Individual,"I'm not sure, there is a further pushback, I can't remember if it's before this or after, where the terms of reference which are prepared by, again I think Susan, refer to defence documents and Alice comes back and says no, it should be all of the documentation.",Day143
133,Alice,Alice,Individual,"I'm not sure, there is a further pushback, I can't remember if it's before this or after, where the terms of reference which are prepared by, again I think Susan, refer to defence documents and Alice comes back and says no, it should be all of the documentation.",Day143
134,Susan Crichton,Susan Crichton,Individual,So the business here you take— pushing back unnecessarily— you take to mean shorthand for Susan Crichton?,Day143
136,Susan Crichton,Susan Crichton,Individual,"team, yes, I think it was Susan Crichton and Hugh Flemington who were at the meeting.",Day143
136,Hugh Flemington,Hugh Flemington,Individual,"team, yes, I think it was Susan Crichton and Hugh Flemington who were at the meeting.",Day143
137,Alice,Alice,Individual,"It says that this has happened, or it's Alice's view that this has happened throughout the process.",Day143
139,Alice,Alice,Organisation,"Not until I spoke to Alice, which I did I think on the Saturday morning.",Day143
141,Mrs Misra's,Mrs Misra's,Organisation,Did you think that Mrs Misra's case should be included in an independent review?,Day143
144,Ms Crichton's,Ms Crichton's,Individual,Did you share Ms Crichton's concerns recorded here that even contacting Ms Misra would be a red rag to a bull?,Day143
144,Ms Misra,Ms Misra,Organisation,Did you share Ms Crichton's concerns recorded here that even contacting Ms Misra would be a red rag to a bull?,Day143
145,Post Office,Post Office,Organisation,No. Did you know that Post Office was getting external advice on the effect that bringing such cases within the review would have?,Day143
146,Alwyn,Alwen Lyons,Individual,"Well, clearly I did, in the sense that Alwyn mentions it in the final line on this email.",Day143
148,Susan,Susan Crichton,Individual,"If Susan was seeking advice on something of a legal nature, A, I would expect her to do that, and then I would listen to whatever that advice was.",Day143
149,Post Office,Post Office,Organisation,Do you know what external advice the Post Office did take regarding the effect of including cases like Seema Misra's in the independent review?,Day143
149,Seema Misra's,Seema Misra,Individual,Do you know what external advice the Post Office did take regarding the effect of including cases like Seema Misra's in the independent review?,Day143
151,Richard Morgan,Richard Morgan,Individual,I certainly didn't see the Richard Morgan advice.,Day143
155,Beer,Beer,Individual,"date readily to hand to remind me of when that was, Mr. Beer?",Day143
162,Board,Board,Organisation,"Did you and therefore the Board take the— not take the advice given, as you now know, by Richard Morgan and Casey into account in deciding the scope of Second Sight's review?",Day143
162,Richard Morgan,Richard Morgan,Individual,"Did you and therefore the Board take the— not take the advice given, as you now know, by Richard Morgan and Casey into account in deciding the scope of Second Sight's review?",Day143
162,Casey,Casey,Individual,"Did you and therefore the Board take the— not take the advice given, as you now know, by Richard Morgan and Casey into account in deciding the scope of Second Sight's review?",Day143
162,Sight,Second Sight,Organisation,"Did you and therefore the Board take the— not take the advice given, as you now know, by Richard Morgan and Casey into account in deciding the scope of Second Sight's review?",Day143
163,Alice Perkins,Alice Perkins,Individual,"No, I don't believe— you would have to ask Alice Perkins, but I don't believe that Alice Perkins or the Board knew of that advice.",Day143
163,Board,Board,Organisation,"No, I don't believe— you would have to ask Alice Perkins, but I don't believe that Alice Perkins or the Board knew of that advice.",Day143
164,Susan,Susan Crichton,Individual,"But Susan had had a conversation with Alice that I was not involved in, so it's possible it was shared in that meeting, but my understanding is not.",Day143
164,Alice,Alice,Individual,"But Susan had had a conversation with Alice that I was not involved in, so it's possible it was shared in that meeting, but my understanding is not.",Day143
168,David Oliver,David Oliver,Individual,"This is a minute, I think, from, as we can see, David Oliver to you, copied to others, of 5 February 2013.",Day143
169,David Oliver,David Oliver,Individual,Could you explain who David Oliver was?,Day143
170,David Oliver,David Oliver,Individual,"David Oliver, I believe, was on a short-term contract, maybe a year or two.",Day143
171,PA Consulting,PA Consulting,Organisation,He was either a consultant with PA Consulting or had left them and came to the Post Office and was working on the Project Sparrow work.,Day143
171,the Post Office,Post Office,Organisation,He was either a consultant with PA Consulting or had left them and came to the Post Office and was working on the Project Sparrow work.,Day143
177,the Post Office,Post Office,Organisation,He sends this minute to you and others regarding essentially options that the Post Office could take to deliver the scheme in a timely fashion.,Day143
181,Post Office,Post Office,Organisation,We identified 3 broad courses of action that might be taken to improve the ability of Post Office successfully to deliver the mediation scheme in a timely fashion.,Day143
182,Second Sight,Second Sight,Organisation,"Can we look at page 2, please, and scroll down to what was the 3rd option, Plan C, a contingency plan to replace Second Sight if they refuse to work on the scheme under terms which the Post Office find acceptable.",Day143
182,Post Office,Post Office,Organisation,"Can we look at page 2, please, and scroll down to what was the 3rd option, Plan C, a contingency plan to replace Second Sight if they refuse to work on the scheme under terms which the Post Office find acceptable.",Day143
183,Grant Thornton,Grant Thornton,Individual,Engagement of a professional accountancy firm such as Grant Thornton to replace Second Sight entirely.,Day143
183,Second Sight,Second Sight,Organisation,Engagement of a professional accountancy firm such as Grant Thornton to replace Second Sight entirely.,Day143
184,Sight,Second Sight,Organisation,It's possible that Second Sight will refuse to work under the proposed terms of engagement from the Post Office.,Day143
184,the Post Office,Post Office,Organisation,It's possible that Second Sight will refuse to work under the proposed terms of engagement from the Post Office.,Day143
185,Post,Post,Organisation,"Office, and that they may attempt to insist terms that neither you or the Post— or the Board can accept.",Day143
185,Board,Board,Organisation,"Office, and that they may attempt to insist terms that neither you or the Post— or the Board can accept.",Day143
186,Post Office,Post Office,Organisation,"In this scenario, they may either walk away from the scheme or Post Office may have to end their engagement.",Day143
192,Sight,Second Sight,Organisation,"By this time, was it anticipated that Second Sight would refuse to work under the terms of engagement that the Post Office required?",Day143
192,Post Office,Post Office,Organisation,"By this time, was it anticipated that Second Sight would refuse to work under the terms of engagement that the Post Office required?",Day143
197,Sight,Second Sight,Organisation,A was clarification of Second Sight's engagement.,Day143
207,Bates,Alan Bates,Individual,"If we just look at the foot of page 1, we'll see an email from Mr Bates to you of 21 May 2013.",Day143
208,Paula,Vennells,Individual,"And he says, hello, Paula, it's been a while since we met at James R. Buttnott's office, but at that time you did say that if I had any concerns I should contact you directly, hence the reason for this email.",Day143
208,James R. Buttnott's,James R. Buttnott's,Individual,"And he says, hello, Paula, it's been a while since we met at James R. Buttnott's office, but at that time you did say that if I had any concerns I should contact you directly, hence the reason for this email.",Day143
209,Kay Lynell,Kay Lynell,Individual,Would it be possible for Kay Lynell and I to meet you?,Day143
210,Kay,Kay Lynell,Individual,"You'll recall that Kay is an independent forensic accountant who, on behalf of JFSA, has been monitoring the work Second Sight has been undertaking.",Day143
210,Second Sight,Second Sight,Organisation,"You'll recall that Kay is an independent forensic accountant who, on behalf of JFSA, has been monitoring the work Second Sight has been undertaking.",Day143
214,the Post Office,Post Office,Organisation,I've little doubt it's now feasible to show that many of the prosecutions that the Post Office has pressed home should never have taken place.,Day143
215,Kay,Kay Lynell,Individual,I believe this is a view shared by Kay.,Day143
217,Bates,Alan Bates,Individual,But why Mr Bates was saying that it was feasible that many prosecutions that the Post Office had undertaken should never have taken place?,Day143
217,the Post Office,Post Office,Organisation,But why Mr Bates was saying that it was feasible that many prosecutions that the Post Office had undertaken should never have taken place?,Day143
223,Post Office,Post Office,Organisation,"Maybe not too long after this, but as we were approaching the production of the interim I remember being surprised about some of the conclusions that were being reached, because the criticisms from Post Office were that their work hadn't been taken into account.",Day143
224,Post Office's,Post Office,Organisation,"So I think at this stage, possibly not, other than feedback that the work was going too slowly and Post Office's input either hadn't taken place or Second Sight— there were concerns being raised perhaps that Second Sight were not taking account of it.",Day143
225,the Post Office,Post Office,Organisation,"Would you have been very concerned reading an email like this, that the person representing a key stakeholder, JFSA, was saying that the prosecutions, and many of them, that the Post Office had brought ought never to have taken place?",Day143
226,Alan,Alan,Individual,"I was concerned to get the email from Alan, certainly.",Day143
228,Bates,Alan Bates,Individual,"Is that how you would have thought of it, that this is just Mr Bates saying something that he's always said?",Day143
230,Bates,Alan Bates,Individual,"I think that I went back to my team and said— because I had said to Mr Bates that if he needed to, he should get in touch.",Day143
232,Bates,Alan Bates,Individual,"You know, I've offered to meet Mr Bates.",Day143
244,Susan Crichton,Susan Crichton,Individual,"At this stage I would have talked to whoever was leading the work on this, so Susan Crichton, Alwen Lyons, I can't remember who else, Simon Baker, presumably David Oliver whose name we've seen.",Day143
244,Alwen Lyons,Alwen Lyons,Individual,"At this stage I would have talked to whoever was leading the work on this, so Susan Crichton, Alwen Lyons, I can't remember who else, Simon Baker, presumably David Oliver whose name we've seen.",Day143
244,Simon Baker,Simon Baker,Individual,"At this stage I would have talked to whoever was leading the work on this, so Susan Crichton, Alwen Lyons, I can't remember who else, Simon Baker, presumably David Oliver whose name we've seen.",Day143
244,David Oliver,David Oliver,Individual,"At this stage I would have talked to whoever was leading the work on this, so Susan Crichton, Alwen Lyons, I can't remember who else, Simon Baker, presumably David Oliver whose name we've seen.",Day143
245,Bates,Alan Bates,Individual,"Were you then getting feedback on the state of the investigation by Second Sight in order to be able to say essentially, Mr Bates, you're jumping the gun?",Day143
246,Alan,Alan,Individual,"I'm almost certain that when I got Alan's note that I went to the team and said, I've had this note, what's the current status?",Day143
247,Bates,Alan Bates,Individual,"And as I say here, I would like to meet with Mr Bates.",Day143
250,Deloitte,Deloitte,Organisation,"Do you know how it came about that what started as a debate between the choice of Deloitte conducting a full forensic audit of Horizon, Second Sight conducting a review of past cases that would be a representative sample, but include some testing of the integrity of the Horizon system.",Day143
250,Horizon,Horizon,Technical System,"Do you know how it came about that what started as a debate between the choice of Deloitte conducting a full forensic audit of Horizon, Second Sight conducting a review of past cases that would be a representative sample, but include some testing of the integrity of the Horizon system.",Day143
253,Sight,Second Sight,Organisation,"My recollection is that the team— what I can recall is frustration from the team that the work Second Sight was doing had moved away from focusing on individual cases to development of themes, and what they were trying to do at this stage, and Second Sight as well, to be fair, was to try and corral this back into a piece of work which could have a report which could be fed back to the MPs before we got to recess in just a number of— small number of weeks after this.",Day143
254,Second Sight,Second Sight,Organisation,"That's my recollection, and that, that was a— to misuse a word in this context, but that was the theme that ran through, which was Second Sight will focusing on themes rather than on individual cases.",Day143
256,the Post Office,Post Office,Organisation,"And so was it the Post Office, in your view, or Second Sight that narrowed focus down to a very small number of cases?",Day143
257,Second Sight,Second Sight,Organisation,"My view is it was both, because both Second Sight and the Post Office had a commitment to Lord Arbuthnot and the MPs to get some work out for people to look at, and we were now very— not quite a year, but sort of 10 months into this.",Day143
257,the Post Office,Post Office,Organisation,"My view is it was both, because both Second Sight and the Post Office had a commitment to Lord Arbuthnot and the MPs to get some work out for people to look at, and we were now very— not quite a year, but sort of 10 months into this.",Day143
259,Susan Crichton,Susan Crichton,Individual,"Were you aware of a view amongst the lawyers in In particular Susan Crichton, that if we review a large number of cases, that might open the floodgates to damages claims by subpostmasters?",Day143
263,Richard Morgan Casey,Richard Morgan Casey,Individual,"Can we go to the— this is slightly out of order, but it's in order to answer the Chairman's question from earlier, the Richard Morgan Casey advice.",Day143
267,Board,Board,Organisation,"And to the best of your knowledge, the Board was not aware?",Day143
269,Alice Perkins,Alice Perkins,Individual,"The only possible— the only person who could possibly be aware, it might have been Alice Perkins in that conversation Susan had had, but actually looking at the date of this, I think this comes afterwards, doesn't it?",Day143
269,Susan,Susan Crichton,Individual,"The only possible— the only person who could possibly be aware, it might have been Alice Perkins in that conversation Susan had had, but actually looking at the date of this, I think this comes afterwards, doesn't it?",Day143
273,Horizon,Horizon,Technical System,"In fact, a decision had been made, it seems, already at the meeting of 7 June 2012, not to instruct an expert to prepare a report, a forensic audit of the Horizon system, hadn't it?",Day143
276,Morgan,Morgan,Individual,"And I'm not going to attribute any of these words to anyone, because when he gave evidence, Mr Morgan took the point that it's not clear that it's him speaking here.",Day143
279,Horizon,Horizon,Technical System,It will not be able to address any of the civil or criminal cases dealt with under old Horizon.,Day143
280,Horizon,Horizon,Technical System,"Was that advice communicated back to you, that an independent report couldn't look at civil or criminal cases dealt with under old Horizon?",Day143
285,The Post Office,Post Office,Organisation,The Post Office will be damned if they do and damned if they don't.,Day143
286,Horizon,Horizon,Technical System,"If the findings are that there are no issues with Horizon, people will see that as a whitewash.",Day143
288,Access Legal,Access Legal,Organisation,"Whereas if the findings are negative, that will open the floodgates to damages claims by subpostmasters who were imprisoned for false accounting, and Access Legal— that's part of Shoesmiths— will start to pursue the civil cases they're currently sitting on.",Day143
288,Shoesmiths,Shoesmiths,Organisation,"Whereas if the findings are negative, that will open the floodgates to damages claims by subpostmasters who were imprisoned for false accounting, and Access Legal— that's part of Shoesmiths— will start to pursue the civil cases they're currently sitting on.",Day143
294,Deloitte,Deloitte,Organisation,We best not ask for the Deloitte report because if it discovers too much we may face damages claims.,Day143
298,Second Sight,Second Sight,Organisation,"And as I say, in the meeting where we took the decision to go with Second Sight, I don't remember looking at 2 separate sets of documents and comparing and contrasting.",Day143
303,Alwen Lyons,Alwen Lyons,Individual,"And if we scroll down and look at the text, the message from Alwen Lyons, it's dated the 28th of June 2013.",Day143
304,the Second Sight Interim Report,the Second Sight Interim Report,Organisation,"We're getting quite close here to the date of the production of the Second Sight Interim Report, aren't we?",Day143
308,Ms Lyons,Ms Lyons,Organisation,"But if you look at the 4th bullet point, Ms Lyons says to you that she is going to spend time with Janet.",Day143
308,Janet,Janet,Individual,"But if you look at the 4th bullet point, Ms Lyons says to you that she is going to spend time with Janet.",Day143
309,Janet Walker,Janet Walker,Individual,Is that Janet Walker?,Day143
311,Janet Walker,Janet Walker,Individual,Remind us who Janet Walker was.,Day143
312,Janet Walker,Janet Walker,Individual,Janet Walker was the executive assistant for Lord Arbuthnot.,Day143
314,Arbuthnot,James Arbuthnot,Individual,"My approach will be to try and get— sorry, to try to get to understand the status of the review and the risk to Lord Arbuthnot and us of an incomplete interim report.",Day143
316,Rod/Leslie,Rod/Leslie,Organisation,"I do think this is the right place to share the bugs we found and how we have dealt with them, which is why the report from Rod/Leslie, checked by legal and Mark, is important.",Day143
316,Mark,Mark,Individual,"I do think this is the right place to share the bugs we found and how we have dealt with them, which is why the report from Rod/Leslie, checked by legal and Mark, is important.",Day143
317,Janet,Janet,Individual,My objective is to get Janet to a place where she also wants the meeting to be cancelled.,Day143
318,Alice Perkins,Alice Perkins,Individual,"And then if we scroll up, please, we'll see your reply sending on to Alice Perkins.",Day143
319,Alice,Alice,Individual,"The second paragraph, you'll see below Alice's— Olwen's proposed next steps covers all the ground.",Day143
319,Olwen,Olwen,Individual,"The second paragraph, you'll see below Alice's— Olwen's proposed next steps covers all the ground.",Day143
321,the Post Office,Post Office,Organisation,On what basis did you understand the Post Office had determined that Second Sight were not using all of the evidence that the Post Office had given them?,Day143
327,the Post Office's,Post Office,Organisation,"What I was told is that they hadn't, because this had run on too long, they hadn't yet had time to take account of the Post Office's view in the investigations they were doing.",Day143
329,the Post Office,Post Office,Organisation,"Was there any— sorry, I beg your pardon, they may have been getting it wrong because they hadn't yet taken account of the input from the Post Office.",Day143
332,Post Office,Post Office,Organisation,"My very clear recollection is this was simply— to describe it more colloquially, the team felt it was unfair because Post Office hadn't had the opportunity to contribute yet.",Day143
333,Second Sight,Second Sight,Organisation,"Whether that was true or not, I didn't check that with Second Sight, but what I was told is that the work was so far behind that Second Sight had yet to take account of the Post Office's input.",Day143
333,the Post Office's,Post Office,Organisation,"Whether that was true or not, I didn't check that with Second Sight, but what I was told is that the work was so far behind that Second Sight had yet to take account of the Post Office's input.",Day143
338,Susan,Susan Crichton,Individual,"Susan, And I think David Oliver, but that's only— I only remember by having seen his name today.",Day143
338,David Oliver,David Oliver,Individual,"Susan, And I think David Oliver, but that's only— I only remember by having seen his name today.",Day143
339,the Post Office,Post Office,Organisation,What evidence were you told that the Post Office had provided to Second Sight that they were not using or taking account of?,Day143
341,Post Office,Post Office,Organisation,"They were looking at a number of— they were looking at a number of cases, is my understanding, and these cases raised different issues, so it would have been whatever data the Post Office needed to present about the issue that was being investigated.",Day143
343,Kay Lynell,Kay Lynell,Individual,"I was told that, and I knew, I think, because we had agreed to fund Kay Lynell to support to the JFSA, I was told that they— I think, if I remember the timing correctly, that they had been asked by Lord Arbuthnot to keep the JFSA happy.",Day143
344,Post Office,Post Office,Organisation,"And I don't think we had any problem with that until the team began to raise these questions that perhaps because of that second sight were not looking at the Post Office work, but I'm probably now speculating too much, to be fair.",Day143
345,Second Sight,Second Sight,Organisation,Did you tell Second Sight that they were being unfair on the Post Office by not taking account of the evidence that the Post Office was giving to them?,Day143
345,the Post Office,Post Office,Organisation,Did you tell Second Sight that they were being unfair on the Post Office by not taking account of the evidence that the Post Office was giving to them?,Day143
350,Second Sight,Second Sight,Organisation,"Did you tell Second Sight about the Post Office's concerns about its approach, or alleged approach, of keeping the JFSA happy?",Day143
350,the Post Office's,Post Office,Organisation,"Did you tell Second Sight about the Post Office's concerns about its approach, or alleged approach, of keeping the JFSA happy?",Day143
353,Post Office,Post Office,Organisation,"I would hope that the Post Office team— sorry, first of all, I don't think the Post Office team would have said you're trying to keep the subpostmasters happy.",Day143
356,Second Sight,Second Sight,Organisation,"But I think the team would undoubtedly have said to Second Sight, there is more information here to be taken account of.",Day143
361,Simon Baker,Simon Baker,Individual,An email between Simon Baker and Second Sight with Alwen Lyons copied in.,Day143
361,Second Sight,Second Sight,Organisation,An email between Simon Baker and Second Sight with Alwen Lyons copied in.,Day143
361,Alwen Lyons,Alwen Lyons,Individual,An email between Simon Baker and Second Sight with Alwen Lyons copied in.,Day143
363,Post Office,Post Office,Organisation,I think this is the meeting that we've just seen Post Office was going to try and get cancelled.,Day143
364,Ron,Ron,Individual,"Ron, just to ensure that we're on the same page, Paula would like to say we've agreed the following with Second Sight.",Day143
364,Paula,Vennells,Individual,"Ron, just to ensure that we're on the same page, Paula would like to say we've agreed the following with Second Sight.",Day143
367,Horizon,Horizon,Technical System,"By using the 2 to 3 cases, you'll answer the question: have systemic defects in the Horizon system resulted in the wrongful conviction or suspension of subpostmasters?",Day143
371,the Post Office,Post Office,Organisation,"that the— by late May, the Post Office was proposing that by looking at 2 to 3 cases, Second Sight could answer the very big question: have systemic defects in Horizon resulted in the wrongful conviction or suspension of subpostmasters?",Day143
371,Second Sight,Second Sight,Organisation,"that the— by late May, the Post Office was proposing that by looking at 2 to 3 cases, Second Sight could answer the very big question: have systemic defects in Horizon resulted in the wrongful conviction or suspension of subpostmasters?",Day143
371,Horizon,Horizon,Technical System,"that the— by late May, the Post Office was proposing that by looking at 2 to 3 cases, Second Sight could answer the very big question: have systemic defects in Horizon resulted in the wrongful conviction or suspension of subpostmasters?",Day143
374,Horizon,Horizon,Technical System,"Yes, when the Second Sight interim report was published, One of its initial conclusions was that so far no systemic issues had been found with the Horizon system.",Day143
380,Sight,Second Sight,Organisation,Second Sight had been working on this for 10 months now.,Day143
382,Horizon,Horizon,Technical System,Why was the proposal to limit the report to determining whether systemic defects in Horizon had resulted in wrongful convictions on the basis of 2 or 3 cases?,Day143
385,the Post Office,Post Office,Organisation,"I believe from other documentation I've seen that the recommendation was to choose 2 of the 3— I don't think this was a word, but hardest cases, so not cases that would have presented the Post Office in the best light, but cases which could have been used to challenge the Horizon system and then do that work through.",Day143
385,Horizon,Horizon,Technical System,"I believe from other documentation I've seen that the recommendation was to choose 2 of the 3— I don't think this was a word, but hardest cases, so not cases that would have presented the Post Office in the best light, but cases which could have been used to challenge the Horizon system and then do that work through.",Day143
387,Horizon,Horizon,Technical System,"How could 2 or 3 cases possibly answer the question, have systemic defects in Horizon generally resulted in the wrongful conviction.",Day143
393,Paula,Vennells,Individual,Paula would like to say the following.,Day143
400,Ms Venals,Ms Venals,Organisation,"That's exactly what happened, Ms Venals, that the Second Sight report addressed a very small number of cases, it contained the sentence about no systemic defects, and then forever after the Post Office paraded that conclusion.",Day143
400,the Post Office,Post Office,Organisation,"That's exactly what happened, Ms Venals, that the Second Sight report addressed a very small number of cases, it contained the sentence about no systemic defects, and then forever after the Post Office paraded that conclusion.",Day143
402,the Post Office,Post Office,Organisation,"There is no way the Post Office— first of all, there is no way that I would have wanted to persuade Second Sight on something that they were not prepared to say, and I don't believe Second Sight would ever have agreed to that.",Day143
402,Second Sight,Second Sight,Organisation,"There is no way the Post Office— first of all, there is no way that I would have wanted to persuade Second Sight on something that they were not prepared to say, and I don't believe Second Sight would ever have agreed to that.",Day143
404,the Post Office,Post Office,Organisation,Isn't that what the Post Office wanted to drive them to?,Day143
406,Post Office,Post Office,Organisation,The Post Office most certainly wanted the reassurance that the Horizon system could be relied upon.,Day143
406,Horizon,Horizon,Technical System,The Post Office most certainly wanted the reassurance that the Horizon system could be relied upon.,Day143
408,the Post Office,Post Office,Organisation,At no stage did I get the sense that anybody in the Post Office was going to be able to influence Second Sight.,Day143
411,Second Sight,Second Sight,Organisation,"Did you receive, or the board receive, any advice as to the appropriate scope of an investigation by Second Sight, as to the nature and extent of any investigation that would be required in order to determine whether there were systemic The only information I and the Board had was contained in the terms of reference of the work the second type were doing, which is what we looked at earlier.",Day143
411,Board,Board,Organisation,"Did you receive, or the board receive, any advice as to the appropriate scope of an investigation by Second Sight, as to the nature and extent of any investigation that would be required in order to determine whether there were systemic The only information I and the Board had was contained in the terms of reference of the work the second type were doing, which is what we looked at earlier.",Day143
412,the Post Office,Post Office,Organisation,"I.e., we, the Post Office, need to engage somebody to produce a report whose conclusions are respectable and truly provide us with the answer?",Day143
416,Second Sight,Second Sight,Organisation,Second Sight didn't produce the report that Project Spire under Deloitte could have produced.,Day143
416,Project Spire,Project Spire,Organisation,Second Sight didn't produce the report that Project Spire under Deloitte could have produced.,Day143
416,Deloitte,Deloitte,Organisation,Second Sight didn't produce the report that Project Spire under Deloitte could have produced.,Day143
417,Sight,Second Sight,Organisation,Second Sight responded to the terms of reference which were agreed with them.,Day143
420,Arbuthnot,James Arbuthnot,Individual,That was the initial conversation with Lord Arbuthnot and Alice Perkins.,Day143
420,Alice Perkins,Alice Perkins,Individual,That was the initial conversation with Lord Arbuthnot and Alice Perkins.,Day143
422,Beer,Beer,Individual,"Before we do, Mr. Beer, can I just be clear about what you are saying about this email?",Day143
423,Vennells,Vennells,Individual,"Ms. Vennells, as I read it, it is a request by Mr. Baker to Mr. Warmington that 4 matters are agreed, and it reads as if he is making that request on your behalf.",Day143
423,Baker,Baker,Individual,"Ms. Vennells, as I read it, it is a request by Mr. Baker to Mr. Warmington that 4 matters are agreed, and it reads as if he is making that request on your behalf.",Day143
423,Warmington,Ron Warmington,Individual,"Ms. Vennells, as I read it, it is a request by Mr. Baker to Mr. Warmington that 4 matters are agreed, and it reads as if he is making that request on your behalf.",Day143
426,Baker,Baker,Individual,So what is your evidence to me about whether Mr Baker was accurately representing what you had told him in this email?,Day143
427,Wynne,Wynne,Individual,"Firstly, Sir Wynne, I don't recall the conversation with Simon Baker.",Day143
427,Simon Baker,Simon Baker,Individual,"Firstly, Sir Wynne, I don't recall the conversation with Simon Baker.",Day143
429,Simon,Simon,Individual,I rarely met with Simon.,Day143
430,Susan,Susan Crichton,Individual,"If I did, it was usually with Susan or Alwyn.",Day143
430,Alwyn,Alwen Lyons,Individual,"If I did, it was usually with Susan or Alwyn.",Day143
433,Horizon,Horizon,Technical System,"I could have said, this is what I want, or he could have said to me, this is where we're at, we think that actually we will get 2 to 3 MP cases done, and I may well have said, will that help us to answer the question about are there systemic defects in the Horizon system?",Day143
435,Simon Baker,Simon Baker,Individual,So I can only assume that has come from a conversation with Simon Baker and/or somebody else.,Day143
438,James Arbuthnot,James Arbuthnot,Individual,This is a briefing for you for the meeting that was proposed to be held between you and James Arbuthnot on the 23rd of May.,Day143
441,the Post Office,Post Office,Organisation,"And it says under key messages, we're concerned that the investigation is overrunning, the findings will not be definitive and there will be no satisfactory outcome to the horizon question for MPs or the Post Office.",Day143
443,Post Office,Post Office,Organisation,"And then under the heading Background, 2.1, when the Post Office commissioned Second Sight, the expectation was that the investigation would review a small number of MP cases, 6 to 12 cases.",Day143
443,Second Sight,Second Sight,Organisation,"And then under the heading Background, 2.1, when the Post Office commissioned Second Sight, the expectation was that the investigation would review a small number of MP cases, 6 to 12 cases.",Day143
445,the Post Office's,Post Office,Organisation,of the Post Office's expectation when Second Sight were being instructed?,Day143
445,Second Sight,Second Sight,Organisation,of the Post Office's expectation when Second Sight were being instructed?,Day143
446,Arbuthnot,James Arbuthnot,Individual,"I don't remember today, but we were talking to Lord Arbuthnot and I think 2 or 3 other MPs, so that's entirely possible.",Day143
447,the Post Office's,Post Office,Organisation,"Do you know why it was the Post Office's expectation that a smallish number of cases, 6 to 12, 12 would be the limit of Second Sight's review?",Day143
447,Sight,Second Sight,Organisation,"Do you know why it was the Post Office's expectation that a smallish number of cases, 6 to 12, 12 would be the limit of Second Sight's review?",Day143
450,James Arbuthnot,James Arbuthnot,Individual,With James Arbuthnot and the team working on it.,Day143
456,the Post Office's,Post Office,Organisation,"Was that the Post Office's understanding when it was commissioning Second Sight, that that's the work that it would be undertaking?",Day143
456,Second Sight,Second Sight,Organisation,"Was that the Post Office's understanding when it was commissioning Second Sight, that that's the work that it would be undertaking?",Day143
470,the Post Office,Post Office,Organisation,"No, I don't think that was my understanding at all at any time throughout this, and the inquiry will see there is further documentation where I have— I'm exhorting the Post Office and Second Sight to move through the cases because I wanted the cases looked at.",Day143
470,Second Sight,Second Sight,Organisation,"No, I don't think that was my understanding at all at any time throughout this, and the inquiry will see there is further documentation where I have— I'm exhorting the Post Office and Second Sight to move through the cases because I wanted the cases looked at.",Day143
472,Second Sight's,Second Sight,Organisation,"A number of cases had come through, I think from MPs, and there was some debate about whether there was sufficient information and quality of information to be able to do any work on them at all, and that was Second Sight's view.",Day143
474,Post Office,Post Office,Organisation,Did the Post Office subsequently present Second Sight's interim report as a definitive view that there were no systemic errors or failures in Horizon?,Day143
474,Sight,Second Sight,Organisation,Did the Post Office subsequently present Second Sight's interim report as a definitive view that there were no systemic errors or failures in Horizon?,Day143
475,The Post Office,Post Office,Organisation,"The Post Office presented it sometimes definitively and sometimes less so, yes.",Day143
477,Horizon,Horizon,Technical System,"No, I think what happened is that when the interim report was published and it said it was an interim report and so far it had found no systemic issues with Horizon, that was reported sometimes in communications saying so far they had found none, and there is documentation where I'm asked about, or maybe I offered the view that actually the qualification was so far, and there are other communications which may simply be inconsistency of communication, I don't know, which simply says they had found nothing systemic.",Day143
479,James Arbuthnot,James Arbuthnot,Individual,"Proposal, James Arbuthnot to request Second Sight to complete the investigations on 2 to 3 MPs' cases, selecting the ones they feel best indicate systemic problems.",Day143
479,Second Sight,Second Sight,Organisation,"Proposal, James Arbuthnot to request Second Sight to complete the investigations on 2 to 3 MPs' cases, selecting the ones they feel best indicate systemic problems.",Day143
485,James Arbuthnot,James Arbuthnot,Individual,This was a briefing to you of what you should say and seek to achieve in a meeting with James Arbuthnot?,Day143
489,James Arbuthnot,James Arbuthnot,Individual,"that James Arbuthnot should be asked to persuade Second Sight to wind their investigation up on 2 to 3 cases, and those 2 to 3 cases would answer the question, have systemic defects resulted in the wrongful conviction of subpostmasters?",Day143
489,Second Sight,Second Sight,Organisation,"that James Arbuthnot should be asked to persuade Second Sight to wind their investigation up on 2 to 3 cases, and those 2 to 3 cases would answer the question, have systemic defects resulted in the wrongful conviction of subpostmasters?",Day143
492,James Arbuthnot,James Arbuthnot,Individual,"Had by this stage, in readiness for the meeting with James Arbuthnot on 23 May 2013, you signed up to the idea that he would be asked to persuade Second Sight or request Second Sight to wind their investigation up?",Day143
492,Second Sight,Second Sight,Organisation,"Had by this stage, in readiness for the meeting with James Arbuthnot on 23 May 2013, you signed up to the idea that he would be asked to persuade Second Sight or request Second Sight to wind their investigation up?",Day143
493,Horizon,Horizon,Technical System,"on the basis of 2 to 3 MP cases answering the question, have systemic defects in Horizon resulted in the wrongful conviction of some postmasters?",Day143
497,MPs,MPs,Organisation,My understanding was that this— we had made a commitment to the MPs and all the way through this I wanted all of the cases looked at.,Day143
498,James Arbuthnot,James Arbuthnot,Individual,We've seen now an email that attributes to you suggestion that you wanted to agree this with James Arbuthnot and a speaking note or a briefing note saying the same thing?,Day143
501,Horizon,Horizon,Technical System,"focus on answering the question, have systemic defects in Horizon resulted in the wrongful conviction of subpostmasters, by reference to 2 to 3 cases?",Day143
510,Martin Edwards,Martin Edwards,Individual,An email from Martin Edwards.,Day143
511,Edwards,Edwards,Individual,"Can you explain who Mr Edwards was at this time, July 13th?",Day143
512,Martin Edwards,Martin Edwards,Individual,Martin Edwards was my Chief of Staff.,Day143
523,Horizon,Horizon,Technical System,"In line with our discussion on Monday's Board call, we understand they've not found any evidence yet of systemic issues with the Horizon system, and it should be noted that this is based on a detailed review of their 4 best cases in terms of compelling evidence.",Day143
524,Horizon,Horizon,Technical System,"So by this time I think you had drawn a link between a review of a small number of cases, it's got up to 4, and whether there were systemic issues with Horizon?",Day143
526,Second Sight,Second Sight,Organisation,Second Sight were prepared to say that there were no systemic issues with Horizon generally on the basis of looking at 4 cases?,Day143
526,Horizon,Horizon,Technical System,Second Sight were prepared to say that there were no systemic issues with Horizon generally on the basis of looking at 4 cases?,Day143
530,the Post Office,Post Office,Organisation,"Second Sight themselves, I think, refer to it as something that might have a broad impact across the Post Office or across the system, I can't remember, but you will have the reference.",Day143
535,the Post Office Board,the Post Office Board,Organisation,Was there a shared understanding between you and the Post Office Board as to what systemic issues meant?,Day143
537,Post Office,Post Office,Organisation,Was there a shared understanding between you and the Post Office team that were leading on the work with Second Sight as to what systemic issues meant?,Day143
537,Second Sight,Second Sight,Organisation,Was there a shared understanding between you and the Post Office team that were leading on the work with Second Sight as to what systemic issues meant?,Day143
543,Vennells,Vennells,Individual,"Ms. Vennells, can we turn, please, Can we look please to some documents that may provide some insight into your approach and decision-making in relation to the Post Office's decision not to review all past convictions in the light of what was emerging from Second Sight?",Day143
543,the Post Office's,Post Office,Organisation,"Ms. Vennells, can we turn, please, Can we look please to some documents that may provide some insight into your approach and decision-making in relation to the Post Office's decision not to review all past convictions in the light of what was emerging from Second Sight?",Day143
547,Lesley,Lesley Sewell,Individual,"Lesley, Sue, Martin Edwards, Mark Davies, Alwyn Lyon, Susan Crichton.",Day143
547,Sue,Sue,Individual,"Lesley, Sue, Martin Edwards, Mark Davies, Alwyn Lyon, Susan Crichton.",Day143
547,Martin Edwards,Martin Edwards,Individual,"Lesley, Sue, Martin Edwards, Mark Davies, Alwyn Lyon, Susan Crichton.",Day143
547,Mark Davies,Mark Davies,Individual,"Lesley, Sue, Martin Edwards, Mark Davies, Alwyn Lyon, Susan Crichton.",Day143
547,Alwyn Lyon,Alwyn Lyon,Individual,"Lesley, Sue, Martin Edwards, Mark Davies, Alwyn Lyon, Susan Crichton.",Day143
547,Susan Crichton,Susan Crichton,Individual,"Lesley, Sue, Martin Edwards, Mark Davies, Alwyn Lyon, Susan Crichton.",Day143
551,Susan,Susan Crichton,Individual,"Susan, I need your thoughts on the note below, especially 1 and 2, please, and the questions at the end of the mail.",Day143
554,Post Office,Post Office,Organisation,This comprises the Post Office working collaborators collaboratively with the JFSA and does 3 things.,Day143
559,the Post Office,Post Office,Organisation,"And then this, thirdly, our external lawyers review all prosecutions in the past 12 to 18 months since the Post Office has been independent of Royal Mail in the light of the Second Sight findings?",Day143
559,Royal Mail,Royal Mail,Organisation,"And then this, thirdly, our external lawyers review all prosecutions in the past 12 to 18 months since the Post Office has been independent of Royal Mail in the light of the Second Sight findings?",Day143
560,Working Group,Working Group,Organisation,"The JFSA Post Office Working Group reviews the findings, and then in square brackets, why would they not review all cases of false accounting, e.g., over the last 5 to 10 years, especially where amounts have been small?",Day143
562,James Arbuthnot,James Arbuthnot,Individual,It's the false accounting charge that James Arbuthnot was most concerned about.,Day143
567,James R. Bothnaut,James R. Bothnaut,Individual,—to the JFSA and James R. Bothnaut for highlighting the issues.,Day143
568,Post Office,Post Office,Organisation,"Many are historic and already improved, but we're always open to new ways to improve how we do business, to ensure the Post Office stays as trusted and effective in its communities as it ever was.",Day143
569,Alan Bates,Alan Bates,Individual,"So going back— and sorry, you say, can we draft this into something I could send to Alan Bates?",Day143
574,Susan,Susan Crichton,Individual,"Susan, would we ever ask the lawyers to consider reviewing past prosecutions?",Day143
584,Bates,Alan Bates,Individual,"I don't remember, and if I might just add, in case there's any confusion, the description muddle-headed was one that Mr Bates had used, that wasn't a word I had picked that up, but in terms of answering your question specifically, I can't recall why 12 to 18 months.",Day143
585,Board,Board,Organisation,There was a question raised by the Board at some stage as to— These are your proposals though?,Day143
589,Alan Bates,Alan Bates,Individual,"And said we've got the following, which is a variant, and you've said can this be drawn up into a document that can be sent to Alan Bates?",Day143
595,Susan,Susan Crichton,Individual,It could only have been Susan.,Day143
598,Board,Board,Organisation,"What I was just trying to say is that the Board had asked at some stage, but I'm not sure if it was at this point, whether the company— and this is also in the Isaac Perkins statement— had conducted any prosecutions which had relied solely on Horizon, because there was a concern clearly because of the issues that were being raised by Lord Arbuthnot that the Board didn't want to be taking prosecutions until the various investigations had been seen through, but I don't know whether that was anything to do with this particular point.",Day143
598,Isaac Perkins,Isaac Perkins,Individual,"What I was just trying to say is that the Board had asked at some stage, but I'm not sure if it was at this point, whether the company— and this is also in the Isaac Perkins statement— had conducted any prosecutions which had relied solely on Horizon, because there was a concern clearly because of the issues that were being raised by Lord Arbuthnot that the Board didn't want to be taking prosecutions until the various investigations had been seen through, but I don't know whether that was anything to do with this particular point.",Day143
598,Horizon,Horizon,Technical System,"What I was just trying to say is that the Board had asked at some stage, but I'm not sure if it was at this point, whether the company— and this is also in the Isaac Perkins statement— had conducted any prosecutions which had relied solely on Horizon, because there was a concern clearly because of the issues that were being raised by Lord Arbuthnot that the Board didn't want to be taking prosecutions until the various investigations had been seen through, but I don't know whether that was anything to do with this particular point.",Day143
600,Susan,Susan Crichton,Individual,"If I have collated this from information from colleagues, that could only have come from Susan, I think.",Day143
607,the Post Office,Post Office,Organisation,It says review all prosecutions in the past 12 to 18 months since the Post Office has been independent of Royal Mail.,Day143
607,Royal Mail,Royal Mail,Organisation,It says review all prosecutions in the past 12 to 18 months since the Post Office has been independent of Royal Mail.,Day143
609,Board,Board,Organisation,"No, I think that is my point about the question that was raised in the Board, because the Board had only been in place post— since the Post Office had been independent of Royal Mail.",Day143
609,the Post Office,Post Office,Organisation,"No, I think that is my point about the question that was raised in the Board, because the Board had only been in place post— since the Post Office had been independent of Royal Mail.",Day143
609,Royal Mail,Royal Mail,Organisation,"No, I think that is my point about the question that was raised in the Board, because the Board had only been in place post— since the Post Office had been independent of Royal Mail.",Day143
619,the Post Office,Post Office,Organisation,The scheme was opened to 150 cases that came forwards and the Post Office advertised across the network for any postmasters who wanted to come into the scheme and put their— and have their cases reviewed.,Day143
620,Post Office,Post Office,Organisation,"So my understanding at the time is that we were open to however many postmasters came forwards, but in terms of specifically the Post Office legal team and its lawyers going back and looking at all the cases, that wasn't the work that was in place.",Day143
623,the Post Office,Post Office,Organisation,"Here you're suggesting that the Post Office itself, through external lawyers, proactively review all cases of false accounting going back up to a decade.",Day143
628,Mark Davis,Mark Davis,Individual,"We're going to come to the answers, the narrow answers, and essentially we're going to find out that Mark Davis, the PR guy, said it's very dangerous.",Day143
630,MPs,MPs,Organisation,"I was asking the question to do this work the right way, and my understanding and acceptance of what was proposed, which was accepted by the MPs and everybody else involved, was that the mediation scheme was the right way through.",Day143
631,CCRC,CCRC,Organisation,I think we see other documentation that sees cases go to the CCRC.,Day143
632,the Court of Appeal,the Court of Appeal,Organisation,There is documentation that says cases can't be resolved through mediation in the scheme and they would need to go through the Court of Appeal.,Day143
638,Board,Board,Organisation,"At the time, I and the Board and everybody else involved in what succeeded after this particular point— sorry, wrong word— what took place after this particular point felt that that was completely the right way to do this.",Day143
655,Paula,Vennells,Individual,"Hi, Paula, could we have a word at some point today to discuss this, and specifically how far we go in terms of the wording below?",Day143
664,James Arbuthnot,James Arbuthnot,Individual,"It would also give James Arbuthnot, a very strong case for asking for a parliamentary statement from BIS.",Day143
664,BIS,BIS,Organisation,"It would also give James Arbuthnot, a very strong case for asking for a parliamentary statement from BIS.",Day143
666,AB,AB,Organisation,It would have the ballistic impact which AB fears.,Day143
667,Horizon,Horizon,Technical System,"It would lead to a very public narrative about the very nature of the business, raising questions about Horizon, the reality of what Second Sight has town would be misunderstood and having an impact on public views about the Post Office and really widening the issue to the whole network.",Day143
667,the Post Office,Post Office,Organisation,"It would lead to a very public narrative about the very nature of the business, raising questions about Horizon, the reality of what Second Sight has town would be misunderstood and having an impact on public views about the Post Office and really widening the issue to the whole network.",Day143
668,Davis,Davis,Individual,Do you agree that Mr Davis is here giving you personal advice on the extent to which past convictions are reviewed on the basis of the extent of the media coverage that each decision might generate?,Day143
669,Post Office,Post Office,Organisation,"My understanding at the time was that he, and I think the Post Office generally, and we've seen similar comments from the Chairman as well, believed we were dealing with a small number of cases, and the numbers that were coming forward seemed to, at that stage— clearly more came later— seemed to indicate that was the case.",Day143
670,Mark Davies,Mark Davies,Organisation,"And the inquiry heard from Mark Davies last week, I think, where he explained— and that was my understanding at the time— that what he was trying to do was to minimise misinterpretation.",Day143
672,the Post Office,Post Office,Organisation,"But at the time, that wasn't what the Post Office thought, and I think what he was trying to do here was to, as I say, to minimise misinterpretation and exaggeration in the media.",Day143
682,Ms Vennells,Vennells,Individual,"Isn't he directly saying— Yes, I can see that that's what he's saying, but my My mindset at the time when I received this is that we were working on specific cases that were coming forwards and we opened up— No, no, no, hold on, Ms Vennells.",Day143
694,Davis,Davis,Individual,Did you remain in contact with Mr Davis after you left Post Office?,Day143
694,Post Office,Post Office,Organisation,Did you remain in contact with Mr Davis after you left Post Office?,Day143
699,Davis,Davis,Individual,"I had kept in touch with Mr Davis for reasons that, um, were very personal to him and I think he offered that advice at the time.",Day143
700,Davis,Davis,Individual,To what extent did what Mr Davis advised here affect your decision-making?,Day143
705,Mark,Mark,Individual,"Mark, thanks for this.",Day143
718,James Arbuthnot,James Arbuthnot,Individual,"The second is to make sure we do address the concerns of James Arbuthnot and Alan Bates, mainly looking forwards, but we should be aware of Alan Bates' driver is really justice for the past, otherwise they will call for reopening cases.",Day143
718,Alan Bates,Alan Bates,Individual,"The second is to make sure we do address the concerns of James Arbuthnot and Alan Bates, mainly looking forwards, but we should be aware of Alan Bates' driver is really justice for the past, otherwise they will call for reopening cases.",Day143
718,Alan Bates',Alan Bates',Individual,"The second is to make sure we do address the concerns of James Arbuthnot and Alan Bates, mainly looking forwards, but we should be aware of Alan Bates' driver is really justice for the past, otherwise they will call for reopening cases.",Day143
720,Alan Bates,Alan Bates,Individual,"It may be that we get to manage Alan Bates and James Arbuthnot by playing on the go-ballistic view, i.e., I'll meet him privately to hear his views about these cases, but we cannot refer to anything in relation to past convictions, any challenge must be— must go via normal legal routes.",Day143
720,James Arbuthnot,James Arbuthnot,Individual,"It may be that we get to manage Alan Bates and James Arbuthnot by playing on the go-ballistic view, i.e., I'll meet him privately to hear his views about these cases, but we cannot refer to anything in relation to past convictions, any challenge must be— must go via normal legal routes.",Day143
722,the Second Sight Interim Report,the Second Sight Interim Report,Organisation,"The media issue related to, I believe, Because we were right on the day or the day before the release of the Second Sight Interim Report, and that's my recollection that that is the media conversation that we were having.",Day143
726,Post Office,Post Office,Organisation,"I'm pretty sure that was in relation to the interim report which was due out any time, which as the inquiry has seen and heard from other people, there were issues in that report which the Post Office disagreed with and the team felt Second Sight hadn't taken account of.",Day143
728,Mark,Mark,Individual,"No, no, what you're saying here is you're right, Mark, we will put the past behind us, we won't look at past cases, we'll focus on the future?",Day143
735,the Court of Appeal,the Court of Appeal,Organisation,"There were other conversations going on at the same time as this exchange with colleagues, and it was very clear that any cases that included criminal convictions would need to go through the Court of Appeal and the normal legal routes.",Day143
738,the Post Office,Post Office,Organisation,"Do you accept that this exchange of emails files shows that in making decisions as to the substance, as to what the Post Office should do, i.e., whether it itself should seek to review whether there had been past miscarriages of justice, you took into account the views of your media adviser as to the extent to which your decision would meet with front-page news.",Day143
746,the Post Office,Post Office,Organisation,"What I was trying to do at this stage was to find a way forwards through the cases that had come into the Post Office and to encourage more to come forwards, which would have enabled any case to go through normal legal routes if the Post Office couldn't help it.",Day143
754,Second Sight,Second Sight,Organisation,"Well, as I see it in simple terms, Second Sight began by investigating in the context of a number of cases.",Day143
757,Second Sight,Second Sight,Organisation,"And I'm not sure, as of this date, i.e., at or about the time when Second Sight was to produce its interim report, whether the discussions of how to deal with past cases was in the context simply of Second Sight moving forward with their investigations, or by that stage, in the Post Office's mind, that was at an end and something new was emerging?",Day143
757,the Post Office's,Post Office,Organisation,"And I'm not sure, as of this date, i.e., at or about the time when Second Sight was to produce its interim report, whether the discussions of how to deal with past cases was in the context simply of Second Sight moving forward with their investigations, or by that stage, in the Post Office's mind, that was at an end and something new was emerging?",Day143
764,Post Office,Post Office,Organisation,I had been disappointed about the way the Post Office team hadn't worked as well or been able to contribute to the work Second Sight had done.,Day143
769,Susan,Susan Crichton,Individual,I had a conversation with Susan.,Day143
772,Susan,Susan Crichton,Individual,"Susan suggested that a way of bringing The trouble is I now know what didn't happen, but some of these cases, or these cases to a conclusion, would be to introduce mediation.",Day143
773,Post Office,Post Office,Organisation,"What she said was that, and again this is in documentation somewhere, is that mediation, that sometimes what was needed in cases is for people to hear the Post Office apologise and say that it was sorry that it got things wrong, or for the Post Office to explain to a subpostmaster that perhaps they had done something wrong, and that once the cases had been reviewed through this working party process, that might then be a way to reach some finality on those cases.",Day143
774,The Post Office,Post Office,Organisation,"What was also talked about at the same time was that if this was a good thing to do, which clearly it was, The Post Office then needed an ongoing process, possibly an adjudication process, an external ombudsman, on a permanent basis, so that if this type of challenge arose again, there was an external appeal process, if you like, for the postmasters to go to.",Day143
775,Wynne,Wynne,Individual,"And the thing that I'm missing, Sir Wynne, in telling you all of that is If Susan knew, which of course she did and I wouldn't have known so well, that criminal cases couldn't be resolved through mediation, did— and this is simply a question— did she know that there would need to have been a further review, or was her understanding at that time, which is a fact that was later described, that any criminal cases going through the mediation scheme would be open to all of the investigation work that was done by Post Office and Second Sight and Fujitsu, which may then give them information to take forward to— through the normal legal routes, through the Court of Appeal or the CCRC.",Day143
775,Susan,Susan Crichton,Individual,"And the thing that I'm missing, Sir Wynne, in telling you all of that is If Susan knew, which of course she did and I wouldn't have known so well, that criminal cases couldn't be resolved through mediation, did— and this is simply a question— did she know that there would need to have been a further review, or was her understanding at that time, which is a fact that was later described, that any criminal cases going through the mediation scheme would be open to all of the investigation work that was done by Post Office and Second Sight and Fujitsu, which may then give them information to take forward to— through the normal legal routes, through the Court of Appeal or the CCRC.",Day143
775,Post Office,Post Office,Organisation,"And the thing that I'm missing, Sir Wynne, in telling you all of that is If Susan knew, which of course she did and I wouldn't have known so well, that criminal cases couldn't be resolved through mediation, did— and this is simply a question— did she know that there would need to have been a further review, or was her understanding at that time, which is a fact that was later described, that any criminal cases going through the mediation scheme would be open to all of the investigation work that was done by Post Office and Second Sight and Fujitsu, which may then give them information to take forward to— through the normal legal routes, through the Court of Appeal or the CCRC.",Day143
775,Second Sight,Second Sight,Organisation,"And the thing that I'm missing, Sir Wynne, in telling you all of that is If Susan knew, which of course she did and I wouldn't have known so well, that criminal cases couldn't be resolved through mediation, did— and this is simply a question— did she know that there would need to have been a further review, or was her understanding at that time, which is a fact that was later described, that any criminal cases going through the mediation scheme would be open to all of the investigation work that was done by Post Office and Second Sight and Fujitsu, which may then give them information to take forward to— through the normal legal routes, through the Court of Appeal or the CCRC.",Day143
775,Fujitsu,Fujitsu,Organisation,"And the thing that I'm missing, Sir Wynne, in telling you all of that is If Susan knew, which of course she did and I wouldn't have known so well, that criminal cases couldn't be resolved through mediation, did— and this is simply a question— did she know that there would need to have been a further review, or was her understanding at that time, which is a fact that was later described, that any criminal cases going through the mediation scheme would be open to all of the investigation work that was done by Post Office and Second Sight and Fujitsu, which may then give them information to take forward to— through the normal legal routes, through the Court of Appeal or the CCRC.",Day143
775,the Court of Appeal,the Court of Appeal,Organisation,"And the thing that I'm missing, Sir Wynne, in telling you all of that is If Susan knew, which of course she did and I wouldn't have known so well, that criminal cases couldn't be resolved through mediation, did— and this is simply a question— did she know that there would need to have been a further review, or was her understanding at that time, which is a fact that was later described, that any criminal cases going through the mediation scheme would be open to all of the investigation work that was done by Post Office and Second Sight and Fujitsu, which may then give them information to take forward to— through the normal legal routes, through the Court of Appeal or the CCRC.",Day143
775,CCRC,CCRC,Organisation,"And the thing that I'm missing, Sir Wynne, in telling you all of that is If Susan knew, which of course she did and I wouldn't have known so well, that criminal cases couldn't be resolved through mediation, did— and this is simply a question— did she know that there would need to have been a further review, or was her understanding at that time, which is a fact that was later described, that any criminal cases going through the mediation scheme would be open to all of the investigation work that was done by Post Office and Second Sight and Fujitsu, which may then give them information to take forward to— through the normal legal routes, through the Court of Appeal or the CCRC.",Day143
776,Vennells,Vennells,Individual,"Ms. Vennells, can you look at page 2 of this document and scroll down?",Day143
780,Sight,Second Sight,Organisation,"There were conversations about whether Second Sight should or shouldn't, because there were concerns about the fact that this had run on too long and was way over budget.",Day143
792,James Arbuthnot,James Arbuthnot,Individual,"And I'm being frank with you that there were conversations about whether— there was criticism of the work that Second Sight had done, but there was equal understanding that they had the support of MPs, notably James Arbuthnot, and that we had committed to do that work.",Day143
795,the Post Office,Post Office,Organisation,Do you agree that this email chain reads as if the PR has influenced you conclusively as to a decision as to whether or not the Post Office would itself review whether and to what extent there had been past miscarriages of justice?,Day143
796,Mark Davies,Mark Davies,Organisation,I wouldn't take that steer on a legal matter from Mark Davies.,Day143
798,Mark Davies,Mark Davies,Organisation,But I wouldn't have taken a decision on anything at all to do with legal matters from Mark Davies.,Day143
803,Mark Davies,Mark Davies,Organisation,"This is a separate chain, remembering that Mark Davies had just replied to you.",Day143
804,Lesley Sewell's,Lesley Sewell,Individual,This is Lesley Sewell's reply to your email setting out your proposals.,Day143
807,Paula,Vennells,Individual,"Paula, just a couple of thoughts, if we state we will review the cases since separation, that implies that there are material findings in the Second Sight Review and leaves us open to challenge against all cases.",Day143
807,the Second Sight Review,the Second Sight Review,Organisation,"Paula, just a couple of thoughts, if we state we will review the cases since separation, that implies that there are material findings in the Second Sight Review and leaves us open to challenge against all cases.",Day143
810,Susan,Susan Crichton,Individual,"And from memory, Susan quoted more than 500 cases in the last 10 years.",Day143
814,the Post Office,Post Office,Organisation,Did you bring into account in your decision-making the views that the head of IT was giving you on the extent to which the Post Office should itself ask independent lawyers to review past convictions?,Day143
815,Lesley Sewell's,Lesley Sewell,Individual,I would have read Lesley Sewell's email sent to me.,Day143
816,the General Counsel,the General Counsel,Organisation,"I wouldn't take any decision on legal matters personally without the advice of the General Counsel, and on something this significant as the Board.",Day143
819,Simon Clarke's,Simon Clarke's,Individual,"I think your position is that you did not see Simon Clarke's advices, which address looking at past convictions, until after the Court of Appeal Criminal Division disclosures in late 2020, early 2021?",Day143
819,the Court of Appeal Criminal Division,the Court of Appeal Criminal Division,Organisation,"I think your position is that you did not see Simon Clarke's advices, which address looking at past convictions, until after the Court of Appeal Criminal Division disclosures in late 2020, early 2021?",Day143
825,Susan Crichton,Susan Crichton,Individual,"It's paragraph 562, no need to turn it up, that you recall that you were told by Susan Crichton that due to advice from external lawyers, there was a need for a review to ensure that proper disclosure had been given in previous criminal cases?",Day143
827,Lesley Sewell,Lesley Sewell,Individual,"You say that you had a conversation with Lesley Sewell, in which she told you that the Post Office had been advised that the expert witness that the Post Office had used in criminal cases to give evidence about Horizon had failed to mention there were bugs in Horizon, including in the Seema Misra case.",Day143
827,the Post Office,Post Office,Organisation,"You say that you had a conversation with Lesley Sewell, in which she told you that the Post Office had been advised that the expert witness that the Post Office had used in criminal cases to give evidence about Horizon had failed to mention there were bugs in Horizon, including in the Seema Misra case.",Day143
827,Horizon,Horizon,Technical System,"You say that you had a conversation with Lesley Sewell, in which she told you that the Post Office had been advised that the expert witness that the Post Office had used in criminal cases to give evidence about Horizon had failed to mention there were bugs in Horizon, including in the Seema Misra case.",Day143
831,the Post Office's,Post Office,Organisation,Can we please try to pin down the date on which you had knowledge of a problem with the Post Office's expert evidence?,Day143
834,Lesley Sewell,Lesley Sewell,Individual,"I remember that I— so I learned of it first from Lesley Sewell, not from Susan Crichton.",Day143
834,Susan Crichton,Susan Crichton,Individual,"I remember that I— so I learned of it first from Lesley Sewell, not from Susan Crichton.",Day143
835,Lesley,Lesley Sewell,Individual,What had happened is I passed Lesley in the corridor.,Day143
836,Susan,Susan Crichton,Individual,"She was looking particularly concerned or grumpy about something, and I asked her what was the matter, and she said that she had just heard that— so I don't know that she said this, but I'm assuming from Susan— that the Post Office expert from Fujitsu whom we had used in past cases now had to be stood down because he had not revealed— The Post Office?",Day143
836,Post Office,Post Office,Organisation,"She was looking particularly concerned or grumpy about something, and I asked her what was the matter, and she said that she had just heard that— so I don't know that she said this, but I'm assuming from Susan— that the Post Office expert from Fujitsu whom we had used in past cases now had to be stood down because he had not revealed— The Post Office?",Day143
836,Fujitsu,Fujitsu,Organisation,"She was looking particularly concerned or grumpy about something, and I asked her what was the matter, and she said that she had just heard that— so I don't know that she said this, but I'm assuming from Susan— that the Post Office expert from Fujitsu whom we had used in past cases now had to be stood down because he had not revealed— The Post Office?",Day143
837,Mrs Misra's,Mrs Misra's,Organisation,"And as I said yesterday, I think one or two bugs that he knew about in a case, and that's right, I think it was Mrs Misra's, and the reason that Lesley explained he hadn't revealed those bugs in that case is that they hadn't been— Mrs Misra's was a Horizon Online case and",Day143
837,Lesley,Lesley Sewell,Individual,"And as I said yesterday, I think one or two bugs that he knew about in a case, and that's right, I think it was Mrs Misra's, and the reason that Lesley explained he hadn't revealed those bugs in that case is that they hadn't been— Mrs Misra's was a Horizon Online case and",Day143
839,Horizon,Horizon,Technical System,Mrs Misra's case was on legacy Horizon and these bugs hadn't come into effect until Horizon Online.,Day143
839,Horizon Online,Horizon Online,Technical System,Mrs Misra's case was on legacy Horizon and these bugs hadn't come into effect until Horizon Online.,Day143
840,Ms Meadows,Ms Meadows,Individual,"Ms Meadows, the way you've described it there is that Ms Sewell was telling you that the expert had failed to mention bugs in one case and that was Seema Misra.",Day143
840,Ms Sewell,Ms Sewell,Individual,"Ms Meadows, the way you've described it there is that Ms Sewell was telling you that the expert had failed to mention bugs in one case and that was Seema Misra.",Day143
840,Seema Misra,Seema Misra,Individual,"Ms Meadows, the way you've described it there is that Ms Sewell was telling you that the expert had failed to mention bugs in one case and that was Seema Misra.",Day143
841,Seema Misra,Seema Misra,Individual,"In your witness statement you say that she told you that he had failed to give disclosure in criminal cases, including Seema Misra.",Day143
844,Susan,Susan Crichton,Individual,"Well, I then spoke to Susan, I think within a day or so of that conversation.",Day143
845,Susan,Susan Crichton,Individual,Susan explained more about it.,Day143
846,Susan,Susan Crichton,Individual,"So if you can date when Susan found out, it would have been just before that, because Lesley could only have found out from Susan.",Day143
846,Lesley,Lesley Sewell,Individual,"So if you can date when Susan found out, it would have been just before that, because Lesley could only have found out from Susan.",Day143
847,Horizon,Horizon,Technical System,"By this time, and I'll call it mid-2013, you had been engaged on the issues of Horizon integrity for some time, hadn't you?",Day143
849,Horizon,Horizon,Technical System,You knew that there had been prosecutions and that those prosecutions had been founded on evidence from Horizon?,Day143
851,Lesley Sewell,Lesley Sewell,Individual,"When told by Lesley Sewell and then Susan Crichton that there was an issue with the Post Office's expert evidence that had been relied on, to convict subpostmasters, including Mrs Misra, were you concerned?",Day143
851,Susan Crichton,Susan Crichton,Individual,"When told by Lesley Sewell and then Susan Crichton that there was an issue with the Post Office's expert evidence that had been relied on, to convict subpostmasters, including Mrs Misra, were you concerned?",Day143
851,the Post Office's,Post Office,Organisation,"When told by Lesley Sewell and then Susan Crichton that there was an issue with the Post Office's expert evidence that had been relied on, to convict subpostmasters, including Mrs Misra, were you concerned?",Day143
851,Mrs Misra,Mrs Misra,Organisation,"When told by Lesley Sewell and then Susan Crichton that there was an issue with the Post Office's expert evidence that had been relied on, to convict subpostmasters, including Mrs Misra, were you concerned?",Day143
852,Susan,Susan Crichton,Individual,"Yes, and I think Susan had— and I think the documentation says this— Susan had told— at the time I spoke to Susan about it, she said, I think, that she had already put in chain a review by the external lawyers.",Day143
853,Simon Clarke,Simon Clarke,Individual,And I think the documentation shows that she had done that before the written advice from Simon Clarke came in on the 15th.,Day143
854,Davis,Davis,Individual,"Did you at the time join the dots between the debates that we've seen you have in emails here with Mr Davis and Ms Sewell about the extent to which the Post Office should announce that it was going to review past convictions and the information that you were being given, quite separately, that the Post Office's expert witness had failed to mention bugs of which he had knowledge in criminal cases?",Day143
854,Ms Sewell,Ms Sewell,Individual,"Did you at the time join the dots between the debates that we've seen you have in emails here with Mr Davis and Ms Sewell about the extent to which the Post Office should announce that it was going to review past convictions and the information that you were being given, quite separately, that the Post Office's expert witness had failed to mention bugs of which he had knowledge in criminal cases?",Day143
854,the Post Office,Post Office,Organisation,"Did you at the time join the dots between the debates that we've seen you have in emails here with Mr Davis and Ms Sewell about the extent to which the Post Office should announce that it was going to review past convictions and the information that you were being given, quite separately, that the Post Office's expert witness had failed to mention bugs of which he had knowledge in criminal cases?",Day143
857,Mark Davies,Mark Davies,Organisation,I think because my— the The emails from Mark Davies and Lesley Sewell are part of an iterative process as to how we took this important ongoing piece of work forwards.,Day143
857,Lesley Sewell,Lesley Sewell,Individual,I think because my— the The emails from Mark Davies and Lesley Sewell are part of an iterative process as to how we took this important ongoing piece of work forwards.,Day143
858,Susan Crichton,Susan Crichton,Individual,"The conversation with Susan Crichton about the work that became known as the Carl Lightking SIFT review— I'm sorry, I think I took as a piece of reassurance that the lawyers were doing what they needed to do in terms of what I— and I think this is at the stage where I learnt about disclosure— of what they needed to do in respect to disclosure.",Day143
858,Carl Lightking,Carl Lightking,Individual,"The conversation with Susan Crichton about the work that became known as the Carl Lightking SIFT review— I'm sorry, I think I took as a piece of reassurance that the lawyers were doing what they needed to do in terms of what I— and I think this is at the stage where I learnt about disclosure— of what they needed to do in respect to disclosure.",Day143
859,Gareth Jenkins,Gareth Jenkins,Individual,"What I didn't know at this stage, to be very clear, was that by dint of what had happened with Gareth Jenkins, the Post Office had breached its duties as a prosecutor.",Day143
859,the Post Office,Post Office,Organisation,"What I didn't know at this stage, to be very clear, was that by dint of what had happened with Gareth Jenkins, the Post Office had breached its duties as a prosecutor.",Day143
861,Horizon,Horizon,Technical System,Did you never at any time connect the long-running criticism of Horizon's integrity that had been forced upon the Post Office by subpostmasters for years and years being informed that there was a problem with the expert evidence on which the Post Office had relied about bugs?,Day143
861,Post Office,Post Office,Organisation,Did you never at any time connect the long-running criticism of Horizon's integrity that had been forced upon the Post Office by subpostmasters for years and years being informed that there was a problem with the expert evidence on which the Post Office had relied about bugs?,Day143
863,Horizon Online,Horizon Online,Technical System,"The information I was told was very specific, which was that these 2 bugs were related to Horizon Online.",Day143
866,Lesley,Lesley Sewell,Individual,"So this was Lesley's frustration, which was that these were 2 isolated incidents, I accept now that is incorrect, but that was what I was told.",Day143
868,Susan,Susan Crichton,Individual,"There is even documentation which refers to them as a red herring, and the fact that Susan was going through this SIFT review to me seemed to be reassuring rather than concerning.",Day143
870,Jenkins,Gareth Jenkins,Individual,"I don't believe I knew Mr. Jenkins' name because there is— I'm asking, did you ask who was this witness?",Day143
871,Fujitsu,Fujitsu,Organisation,I think I was told that it was a Fujitsu— someone who worked for Fujitsu who was very competent on the system.,Day143
873,the Post Office,Post Office,Organisation,No. Did you ask what was being done in relation to the evidence that the Post Office was concerned about?,Day143
875,the Post Office,Post Office,Organisation,Did you ask what the Post Office was doing as a result of its concern that he had failed to mention in cases knowledge of bugs?,Day143
881,Alice Perkins,Alice Perkins,Individual,"An email from you to Alice Perkins, signing out.",Day143
882,Alice,Alice,Individual,"Hi Alice, don't worry about the lateness of the note, I'm clearing the tray before I'm signing out.",Day143
884,Anthony Hooper,Anthony Hooper,Individual,"Sir Anthony Hooper, Sparrow, very positive phone call on Friday PM, no issue at all, Hillsborough, he's going to send a file note.",Day143
884,Hillsborough,Hillsborough,Individual,"Sir Anthony Hooper, Sparrow, very positive phone call on Friday PM, no issue at all, Hillsborough, he's going to send a file note.",Day143
885,Sparrow,Sparrow,Individual,And then my concern re Sparrow is currently our obligations of disclosure re an unsafe witness.,Day143
886,Fujitsu,Fujitsu,Organisation,The representative from Fujitsu made statements about no bugs which later could be seen to have been undermined by the Second Sight report.,Day143
886,Sight,Second Sight,Organisation,The representative from Fujitsu made statements about no bugs which later could be seen to have been undermined by the Second Sight report.,Day143
888,Lesley Sewell,Lesley Sewell,Individual,Is the unsafe witness that you're referring to there the same person that Lesley Sewell and Susan Crichton had referred to earlier?,Day143
888,Susan Crichton,Susan Crichton,Individual,Is the unsafe witness that you're referring to there the same person that Lesley Sewell and Susan Crichton had referred to earlier?,Day143
897,Mr Altman,Mr Altman,Organisation,"It's 6 days after Mr Altman did his general review document, which I think you say you weren't told about or didn't see.",Day143
903,Fujitsu,Fujitsu,Organisation,"So you understood by this time that there was an issue about the reliability of the Fujitsu expert evidence about there being bugs, i.e., the absence of them.",Day143
905,Sight,Second Sight,Organisation,And not merely about the presence of bugs that had been revealed by the Second Sight report.,Day143
909,Martin Edwards,Martin Edwards,Individual,"I suspect this is the media aspect again, which is the worry that something that that could be taken out of context, I'm not entirely sure, because I don't— whether I was given this information very quickly, because I'm clearly going somewhere and Martin Edwards is briefed to give Alice more detail, I don't— I just have no recall of this at all.",Day143
909,Alice,Alice,Organisation,"I suspect this is the media aspect again, which is the worry that something that that could be taken out of context, I'm not entirely sure, because I don't— whether I was given this information very quickly, because I'm clearly going somewhere and Martin Edwards is briefed to give Alice more detail, I don't— I just have no recall of this at all.",Day143
911,Susan Crichton,Susan Crichton,Individual,"I can only imagine that this has come from— well, it would— yes, possibly Susan Crichton, the legal team.",Day143
916,Paige,Paige,Individual,"There existed at this time the Simon Clarke advice of 15 July 2013, which addressed Paige on page this very issue, the materiality— I'm sorry, I think I've just remembered.",Day143
922,the Simon Clarke Review,the Simon Clarke Review,Organisation,"As I was saying, there existed at this time the Simon Clarke Review of 15 July 2013 on this very issue, the materiality of what Simon— what Gareth Jenkins had said in witness statements and to a court in oral evidence, but you hadn't been given it?",Day143
922,Simon,Simon,Individual,"As I was saying, there existed at this time the Simon Clarke Review of 15 July 2013 on this very issue, the materiality of what Simon— what Gareth Jenkins had said in witness statements and to a court in oral evidence, but you hadn't been given it?",Day143
922,Gareth Jenkins,Gareth Jenkins,Individual,"As I was saying, there existed at this time the Simon Clarke Review of 15 July 2013 on this very issue, the materiality of what Simon— what Gareth Jenkins had said in witness statements and to a court in oral evidence, but you hadn't been given it?",Day143
927,Mr Jenkins,Mr Jenkins,Individual,"No, the materiality of what Mr Jenkins had said or had failed to say.",Day143
932,Martin,Martin,Organisation,"I wasn't working with the external lawyers doing the review, so I couldn't have known what they did or didn't think, and therefore it can only have come through the legal team, or possibly Martin.",Day143
933,Martin,Martin,Individual,"I mean, it is possible that Martin was briefed by— but again, he would have had it through the legal team.",Day143
938,Cartwright King,Cartwright King,Individual,And there is certainly something in documentation somewhere that makes the statement that the lawyers Cartwright King did not think that there would be a large number of cases where the disclosure needed to be made.,Day143
942,Ms Vennells,Vennells,Individual,"Thank you, Ms Vennells.",Day143
945,CCRC,CCRC,Organisation,This is a letter from the CCRC directly to you of 12 July 2013.,Day143
946,Horizon Computer Systems,Horizon Computer Systems,Organisation,"If we just look at it, Horizon Computer Systems, the CCRC is an independent body.",Day143
946,CCRC,CCRC,Organisation,"If we just look at it, Horizon Computer Systems, the CCRC is an independent body.",Day143
948,Post Office,Post Office,Organisation,"For obvious reasons, we've read the recent media coverage concerning the Post Office Horizon computer system with interest.",Day143
949,the Post Office,Post Office,Organisation,"Clearly, it would be very useful for us to have more information directly from the Post Office, especially accurate information as to the number of criminal convictions that might be impacted by the issue and what action is proposed or being taken in that respect.",Day143
950,AG,AG,Organisation,We see that the AG was called upon on Tuesday to set up an inquiry.,Day143
952,Commission,Commission,Organisation,"In essence, the Commission's role in this is likely to relate to anyone who is convicted of a criminal offence in England, Wales or Northern Ireland where evidence from the Horizon computer system is relevant, where one, they've already tried to appeal that conviction, or 2, they were convicted at a Magistrates' Court following a guilty plea.",Day143
952,Horizon,Horizon,Technical System,"In essence, the Commission's role in this is likely to relate to anyone who is convicted of a criminal offence in England, Wales or Northern Ireland where evidence from the Horizon computer system is relevant, where one, they've already tried to appeal that conviction, or 2, they were convicted at a Magistrates' Court following a guilty plea.",Day143
952,Magistrates' Court,Magistrates' Court,Organisation,"In essence, the Commission's role in this is likely to relate to anyone who is convicted of a criminal offence in England, Wales or Northern Ireland where evidence from the Horizon computer system is relevant, where one, they've already tried to appeal that conviction, or 2, they were convicted at a Magistrates' Court following a guilty plea.",Day143
955,CCRC,CCRC,Organisation,I remember receiving the letter from the CCRC.,Day143
957,Susan Crichton,Susan Crichton,Individual,"It arrived at a time at which you would have been told, is this right, by Susan Crichton about the need to review past convictions?",Day143
959,Susan Crichton,Susan Crichton,Individual,"And it would have arrived at a time when you'd been told by Susan Crichton and Lesley Sewell about the concern about the Fujitsu expert witnesses' evidence to the courts, including in the Seema Misra case?",Day143
959,Lesley Sewell,Lesley Sewell,Individual,"And it would have arrived at a time when you'd been told by Susan Crichton and Lesley Sewell about the concern about the Fujitsu expert witnesses' evidence to the courts, including in the Seema Misra case?",Day143
959,Fujitsu,Fujitsu,Organisation,"And it would have arrived at a time when you'd been told by Susan Crichton and Lesley Sewell about the concern about the Fujitsu expert witnesses' evidence to the courts, including in the Seema Misra case?",Day143
961,CCRC,CCRC,Organisation,No. Would you agree that the right and honest thing to do would have been to let the CCRC know about the Post Office's concerns over Gareth Jenkins?,Day143
961,the Post Office's,Post Office,Organisation,No. Would you agree that the right and honest thing to do would have been to let the CCRC know about the Post Office's concerns over Gareth Jenkins?,Day143
962,Susan,Susan Crichton,Individual,What I did with this letter was to ask Susan to reply as the legal expert in the organisation.,Day143
965,the Post Office,Post Office,Organisation,"The right and honest thing for the Post Office to have done would be to have let the CCRC know, and know promptly, over its concerns about the truthfulness and reliability of the evidence that Gareth Jenkins had given to court, wouldn't it?",Day143
965,CCRC,CCRC,Organisation,"The right and honest thing for the Post Office to have done would be to have let the CCRC know, and know promptly, over its concerns about the truthfulness and reliability of the evidence that Gareth Jenkins had given to court, wouldn't it?",Day143
965,Gareth Jenkins,Gareth Jenkins,Individual,"The right and honest thing for the Post Office to have done would be to have let the CCRC know, and know promptly, over its concerns about the truthfulness and reliability of the evidence that Gareth Jenkins had given to court, wouldn't it?",Day143
969,Alice Perkins,Alice Perkins,Individual,"Given what was on your mind, what you'd said to Alice Perkins a couple of days before this in the email that we saw?",Day143
970,CCRC,CCRC,Organisation,Did you think we need to say to the CCRC what we know about Gareth Jenkins?,Day143
972,Alice Perkins,Alice Perkins,Individual,"The email that I sent to Alice Perkins was in October, this is July.",Day143
973,Lesley Sewell,Lesley Sewell,Individual,"I'm talking about the I'm sorry, the exchange with Lesley Sewell and Mark Davis.",Day143
973,Mark Davis,Mark Davis,Individual,"I'm talking about the I'm sorry, the exchange with Lesley Sewell and Mark Davis.",Day143
976,Mark Davis,Mark Davis,Individual,"Yes, in the light of the exchanges you had with Mark Davis and Lesley Sewell about the extent to which we have to go back and look at past previous convictions, up to 500 of them, for false accounting, do you think the— and the conversations that you'd had with Lesley Sewell and Susan Crichton about the person you now know to be Gareth Jenkins, do you think the right thing to have said in response to the CCRC was, we have got concerns about a key witness in a number of our cases?",Day143
976,Lesley Sewell,Lesley Sewell,Individual,"Yes, in the light of the exchanges you had with Mark Davis and Lesley Sewell about the extent to which we have to go back and look at past previous convictions, up to 500 of them, for false accounting, do you think the— and the conversations that you'd had with Lesley Sewell and Susan Crichton about the person you now know to be Gareth Jenkins, do you think the right thing to have said in response to the CCRC was, we have got concerns about a key witness in a number of our cases?",Day143
976,Susan Crichton,Susan Crichton,Individual,"Yes, in the light of the exchanges you had with Mark Davis and Lesley Sewell about the extent to which we have to go back and look at past previous convictions, up to 500 of them, for false accounting, do you think the— and the conversations that you'd had with Lesley Sewell and Susan Crichton about the person you now know to be Gareth Jenkins, do you think the right thing to have said in response to the CCRC was, we have got concerns about a key witness in a number of our cases?",Day143
976,CCRC,CCRC,Organisation,"Yes, in the light of the exchanges you had with Mark Davis and Lesley Sewell about the extent to which we have to go back and look at past previous convictions, up to 500 of them, for false accounting, do you think the— and the conversations that you'd had with Lesley Sewell and Susan Crichton about the person you now know to be Gareth Jenkins, do you think the right thing to have said in response to the CCRC was, we have got concerns about a key witness in a number of our cases?",Day143
978,the Post Office,Post Office,Organisation,"My understanding and expectation is that when the Post Office receives something like this from the CCRC, that it should respond in the fullest way possible to be transparent about whatever it was that needed to be shared with the CCRC.",Day143
978,CCRC,CCRC,Organisation,"My understanding and expectation is that when the Post Office receives something like this from the CCRC, that it should respond in the fullest way possible to be transparent about whatever it was that needed to be shared with the CCRC.",Day143
982,Susan Crichton,Susan Crichton,Individual,"It seems to be between Susan Crichton, Hugh Flemington and Simon Richardson.",Day143
982,Hugh Flemington,Hugh Flemington,Individual,"It seems to be between Susan Crichton, Hugh Flemington and Simon Richardson.",Day143
982,Simon Richardson,Simon Richardson,Individual,"It seems to be between Susan Crichton, Hugh Flemington and Simon Richardson.",Day143
983,Simon Richardson,Simon Richardson,Individual,Can you recall who Simon Richardson was?,Day143
984,Bond Dickinson,Bond Dickinson,Organisation,"Yes, he was one of the partners from Bond Dickinson.",Day143
985,Post Office,Post Office,Organisation,who had worked on Post Office work for quite some time.,Day143
990,Fujitsu,Fujitsu,Organisation,"And then 6, the real worry was around the Fujitsu expert who appeared to have known of some of the problems but not referred to them in his report or statement, even though they could be dismissed.",Day143
993,Board,Board,Organisation,"And then 7, there was generally an overall defensive air and the Board are also feeling bruised.",Day143
994,Board,Board,Organisation,"Stopping there, by this time was it the case that the Board was feeling bruised?",Day143
996,Simon,Simon,Individual,"These are Simon's words, I don't— I certainly don't recall— well, he's reflecting a conversation he's had with 2 colleagues at the Post Office.",Day143
996,the Post Office,Post Office,Organisation,"These are Simon's words, I don't— I certainly don't recall— well, he's reflecting a conversation he's had with 2 colleagues at the Post Office.",Day143
1001,the Post Office's,Post Office,Organisation,"That the Second Sight interim report had not, according to colleagues, had not taken account of the Post Office's factual evidence against issues that were raised and criticisms made of the Post Office, and secondly that it had taken too long and was continuing to run up budgets to levels that had not been expected.",Day143
1003,Board,Board,Organisation,"I can't think what else it would be a reference to, the Board were very frustrated by the criticisms in the Second Sight interim report, which at that stage they were told were, at least in some cases according to the team, unfounded, because Second Sight hadn't had sufficient time in preparing it to take on board the Post Office's evidence.",Day143
1003,the Post Office's,Post Office,Organisation,"I can't think what else it would be a reference to, the Board were very frustrated by the criticisms in the Second Sight interim report, which at that stage they were told were, at least in some cases according to the team, unfounded, because Second Sight hadn't had sufficient time in preparing it to take on board the Post Office's evidence.",Day143
1004,Susan Crichton,Susan Crichton,Individual,continues seemingly on the basis of what your 2 colleagues Susan Crichton and Hugh Flemington said.,Day143
1004,Hugh Flemington,Hugh Flemington,Individual,continues seemingly on the basis of what your 2 colleagues Susan Crichton and Hugh Flemington said.,Day143
1005,Alice Perkins,Alice Perkins,Individual,"There are tensions between people and that includes Alice Perkins, the Chair, Paula Venles and Susan Crichton.",Day143
1005,Chair,Chair,Individual,"There are tensions between people and that includes Alice Perkins, the Chair, Paula Venles and Susan Crichton.",Day143
1005,Paula Venles,Paula Venles,Individual,"There are tensions between people and that includes Alice Perkins, the Chair, Paula Venles and Susan Crichton.",Day143
1005,Susan Crichton,Susan Crichton,Individual,"There are tensions between people and that includes Alice Perkins, the Chair, Paula Venles and Susan Crichton.",Day143
1006,Alice Perkins,Alice Perkins,Individual,"At this time, were there tensions between Alice Perkins, you and Susan Crichton?",Day143
1006,Susan Crichton,Susan Crichton,Individual,"At this time, were there tensions between Alice Perkins, you and Susan Crichton?",Day143
1011,Post Office's,Post Office,Organisation,"she could not understand, and again there's documentation on this, as to why we had ended up in the— why the business, as she put it, had ended up in the position that it had, with a report that hadn't taken account of Post Office's input and conclusions seemingly reached or suggested.",Day143
1012,Second Sight,Second Sight,Organisation,"To be fair to Second Sight, they'd said it was an interim report.",Day143
1013,Board,Board,Organisation,"I had been challenged over that, and there was going to be more challenge to come a couple of days after this in a Board meeting.",Day143
1014,Alice,Alice,Individual,"And I don't know what— at this stage, I don't know what conversations had taken place between Alice and Susan.",Day143
1014,Susan,Susan Crichton,Individual,"And I don't know what— at this stage, I don't know what conversations had taken place between Alice and Susan.",Day143
1015,Susan,Susan Crichton,Individual,"Certainly Susan and I had discussed about how we were going to We'd had conversations about the first draft of a Second Sight report, which I think she went back to talk to them about and some changes were made, but nothing substantive.",Day143
1015,Sight,Second Sight,Organisation,"Certainly Susan and I had discussed about how we were going to We'd had conversations about the first draft of a Second Sight report, which I think she went back to talk to them about and some changes were made, but nothing substantive.",Day143
1017,Alice Perkins,Alice Perkins,Individual,Were there tensions between you and Alice Perkins?,Day143
1019,Alice,Alice,Individual,"Alice was a very straightforward Chair, and I generally took feedback pretty well, and again, forgive me for repeating the phrase, but there is documentation on that as well.",Day143
1019,Chair,Chair,Individual,"Alice was a very straightforward Chair, and I generally took feedback pretty well, and again, forgive me for repeating the phrase, but there is documentation on that as well.",Day143
1020,Post Office,Post Office,Organisation,"I'm sure she gave me some fairly straightforward feedback about why this had taken so long, why it was over budget, why the report contained things that the Post Office felt were inaccurate.",Day143
1021,Simon Richardson,Simon Richardson,Individual,"The minute continues, I said, that's Simon Richardson, that I thought the Minister had dealt with the questions extremely well and looked in control of the brief.",Day143
1022,the Post Office,Post Office,Organisation,Evidently she had the Post Office in to tear them off a strip for not putting someone up earlier in the day for interviews on radio and TV.,Day143
1026,Susan Crichton,Susan Crichton,Individual,Susan Crichton said she would pass my comments on to the Comms Director.,Day143
1026,Comms,Comms,Organisation,Susan Crichton said she would pass my comments on to the Comms Director.,Day143
1030,Chair,Chair,Organisation,"The Chair, that's Alice Perkins, seems to have been taken by surprise by the reaction and the noise generated.",Day143
1030,Alice Perkins,Alice Perkins,Individual,"The Chair, that's Alice Perkins, seems to have been taken by surprise by the reaction and the noise generated.",Day143
1031,Paula Vennells,Paula Vennells,Individual,Paula Vennells may be sensitive around some of these issues happening on her watch as the network director.,Day143
1033,Paula Venles,Paula Venles,Individual,She said that Paula Venles had asked about what I knew and she might pass on my comments to her.,Day143
1034,Paula Venles,Paula Venles,Individual,"I said I was happy to talk to Paula Venles since we knew each other from another difficult project in the days when they were a subsidiary of the Royal Mail Group, etcetera.",Day143
1034,the Royal Mail Group,the Royal Mail Group,Organisation,"I said I was happy to talk to Paula Venles since we knew each other from another difficult project in the days when they were a subsidiary of the Royal Mail Group, etcetera.",Day143
1035,Network,Network,Organisation,"In your approach to the reaction to the Second Sight report, were you sensitive that some of the issues it addressed happened on your watch as Network Director?",Day143
1037,Fujitsu,Fujitsu,Organisation,"The note says that the real issue here, the real worry, was around the Fujitsu expert who appeared to have known some of the problems and not refer to them in his report or statement.",Day143
1041,Gareth Jenkins,Gareth Jenkins,Individual,"Would you be surprised that members of your team were having this in-depth and frank conversation about Gareth Jenkins being the real worry that was facing the Post Office after the interim report, and yet this information not being fed back to you, nor indeed to the board?",Day143
1041,the Post Office,Post Office,Organisation,"Would you be surprised that members of your team were having this in-depth and frank conversation about Gareth Jenkins being the real worry that was facing the Post Office after the interim report, and yet this information not being fed back to you, nor indeed to the board?",Day143
1043,Simon Richardson,Simon Richardson,Individual,"How has it come about that they're having this very frank conversation with somebody with whom you have a history, as is referred to here, Simon Richardson, and you never get to know about it?",Day143
1044,Simon Richardson,Simon Richardson,Individual,"My history with Simon Richardson was one case that we sat on at Royal Mail Group where we were on an appeal panel, and working with him a long time ago on Post Office closures, but I hardly met with Simon.",Day143
1044,Royal Mail Group,Royal Mail Group,Organisation,"My history with Simon Richardson was one case that we sat on at Royal Mail Group where we were on an appeal panel, and working with him a long time ago on Post Office closures, but I hardly met with Simon.",Day143
1044,Post Office,Post Office,Organisation,"My history with Simon Richardson was one case that we sat on at Royal Mail Group where we were on an appeal panel, and working with him a long time ago on Post Office closures, but I hardly met with Simon.",Day143
1044,Simon,Simon,Individual,"My history with Simon Richardson was one case that we sat on at Royal Mail Group where we were on an appeal panel, and working with him a long time ago on Post Office closures, but I hardly met with Simon.",Day143
1045,Paula Vennells,Paula Vennells,Individual,"It's recorded here that she said that Paula Vennells had asked about what I, that Simon Richardson, knew.",Day143
1045,Simon Richardson,Simon Richardson,Individual,"It's recorded here that she said that Paula Vennells had asked about what I, that Simon Richardson, knew.",Day143
1050,Simon,Simon,Individual,"It may simply be that I was asking for what Simon's view was on the work that was underway, because he was the partner for the Post Office, or had been a partner for the Post Office.",Day143
1050,the Post Office,Post Office,Organisation,"It may simply be that I was asking for what Simon's view was on the work that was underway, because he was the partner for the Post Office, or had been a partner for the Post Office.",Day143
1051,Susan Crichton,Susan Crichton,Individual,"Again, asking the general question, how is it that 2 relatively senior members of your team, Susan Crichton, the General Counsel no less, were having this frank conversation with a solicitor and the outcome of it never reached you or the Board, if your evidence is correct?",Day143
1051,the General Counsel,the General Counsel,Organisation,"Again, asking the general question, how is it that 2 relatively senior members of your team, Susan Crichton, the General Counsel no less, were having this frank conversation with a solicitor and the outcome of it never reached you or the Board, if your evidence is correct?",Day143
1051,Board,Board,Organisation,"Again, asking the general question, how is it that 2 relatively senior members of your team, Susan Crichton, the General Counsel no less, were having this frank conversation with a solicitor and the outcome of it never reached you or the Board, if your evidence is correct?",Day143
1052,Susan,Susan Crichton,Individual,"To be honest, I don't know whether Susan— as you've heard previously, it was not a process in the Post Office, which was wrong, for advisers if this is considered advice, which in a sense it is, to be fed back.",Day143
1052,the Post Office,Post Office,Organisation,"To be honest, I don't know whether Susan— as you've heard previously, it was not a process in the Post Office, which was wrong, for advisers if this is considered advice, which in a sense it is, to be fed back.",Day143
1054,the Post Office,Post Office,Organisation,"Is it every day of the week though in the Post Office that it is told that the safety of its convictions, its criminal convictions, may be called into question by unreliable evidence given by an external lawyer?",Day143
1055,Beer,Beer,Individual,"No, Mr. Beer, I agree, it should have been shared.",Day143
1062,Cartwright King,Cartwright King,Individual,"You've got Cartwright King through Simon King advising on the one hand, you've got Bon Dickinson advising here that the real worry is Gareth Jenkins on the other.",Day143
1062,Simon King,Simon King,Individual,"You've got Cartwright King through Simon King advising on the one hand, you've got Bon Dickinson advising here that the real worry is Gareth Jenkins on the other.",Day143
1062,Bon Dickinson,Bon Dickinson,Individual,"You've got Cartwright King through Simon King advising on the one hand, you've got Bon Dickinson advising here that the real worry is Gareth Jenkins on the other.",Day143
1062,Gareth Jenkins,Gareth Jenkins,Individual,"You've got Cartwright King through Simon King advising on the one hand, you've got Bon Dickinson advising here that the real worry is Gareth Jenkins on the other.",Day143
1069,Horizon,Horizon,Technical System,"The reference, we needn't show it at the moment, is POL3029744, and it referred to 3 bugs in Horizon, the receipts and payments mismatch bug, the suspense account bug, and although it didn't name it, the calendar square or Falkirk bug.",Day143
1069,Falkirk,Falkirk,Organisation,"The reference, we needn't show it at the moment, is POL3029744, and it referred to 3 bugs in Horizon, the receipts and payments mismatch bug, the suspense account bug, and although it didn't name it, the calendar square or Falkirk bug.",Day143
1074,the Post Office,Post Office,Organisation,"You say, I was not made aware between been joining the Post Office in 2007 and early 2012 that any bugs, errors or defects had been identified in legacy Horizon or Horizon Online.",Day143
1074,Horizon,Horizon,Technical System,"You say, I was not made aware between been joining the Post Office in 2007 and early 2012 that any bugs, errors or defects had been identified in legacy Horizon or Horizon Online.",Day143
1074,Horizon Online,Horizon Online,Technical System,"You say, I was not made aware between been joining the Post Office in 2007 and early 2012 that any bugs, errors or defects had been identified in legacy Horizon or Horizon Online.",Day143
1075,Horizon,Horizon,Technical System,"And then you say, the first that I knew that any bugs, errors or defects had been discovered was in mid-2013, when I was made aware for the first time that the bug known as the calendar square problem in legacy Horizon, and 2 bugs in Horizon Online, receipts and payments mismatch and local suspense account problem.",Day143
1085,the Post Office's,Post Office,Organisation,"I don't know, because the only thing I can think as an explanation is that the local suspense bug was, I think, drawn to the Post Office's attention in 2012, but nobody knew about that because it had been referred to the NBSC, and I suspect this is just a mistake.",Day143
1085,NBSC,NBSC,Organisation,"I don't know, because the only thing I can think as an explanation is that the local suspense bug was, I think, drawn to the Post Office's attention in 2012, but nobody knew about that because it had been referred to the NBSC, and I suspect this is just a mistake.",Day143
1091,Sight,Second Sight,Organisation,Can we turn to what was said in the run-up to the Second Sight report about the Post Office's position on the 3 bugs?,Day143
1091,the Post Office's,Post Office,Organisation,Can we turn to what was said in the run-up to the Second Sight report about the Post Office's position on the 3 bugs?,Day143
1094,Alwen Lyons,Alwen Lyons,Individual,Can you see this is an email to you and others from Alwen Lyons?,Day143
1095,James,James,Individual,Read the James brief.,Day143
1096,Paula,Vennells,Individual,"And she says, Paula, the only thing that's not in the brief for teams is our move away from, there are no bugs in Horizon, to, there are known bugs in every computer system this size, but they're found and put right and no subpostmaster is disadvantaged by them.",Day143
1098,Alwen Lyons,Alwen Lyons,Individual,"Did this represent a move, a shift in position preemptively before the Second Sight report from there are no bugs in Horizon to the then altered position that's set out by Alwen Lyons?",Day143
1099,Alwyn,Alwen Lyons,Individual,"It was— so firstly, I don't recall, and I think Alwyn said this on Tuesday as well, that there had been a line, as it were, that there were no bugs in Horizon.",Day143
1100,the post- Office,the post- Office,Organisation,"I don't remember and I haven't seen it anywhere as being used, but it would be completely right for the post- Office, if that was a line that it had used, to correct it.",Day143
1102,the Post Office,Post Office,Organisation,"If that's right, that there hadn't been a position adopted by the Post Office of there are no bugs in Horizon, this email makes no sense?",Day143
1105,Mark Davies,Mark Davies,Organisation,I can only assume that this came from Mark Davies and the communications team.,Day143
1109,the Post Office's,Post Office,Organisation,"That was your position and the Post Office's position up until at least May 2013, that no bugs had been found in the system.",Day143
1119,Alwen Lyons,Alwen Lyons,Individual,"At that stage it doesn't make any difference, but there were only 2 that I knew of, and what was very important to me, and the inquiry can see this from emails that I sent and work that I did, was that— and I can remember saying to Alwen Lyons actually that I wanted to demonstrate leadership in this case, this was around the local suspense bug, that it was— that I wanted reassurance that Fujitsu had done as it said, which is that all affected post offices had been identified, that we had looked at whatever the shortfalls were, that post offices had not been held accountable for any of those or that they were held accountable for any losses, that they were all written to, which they were, and so my priority was to make sure that it was dealt with.",Day143
1119,Fujitsu,Fujitsu,Organisation,"At that stage it doesn't make any difference, but there were only 2 that I knew of, and what was very important to me, and the inquiry can see this from emails that I sent and work that I did, was that— and I can remember saying to Alwen Lyons actually that I wanted to demonstrate leadership in this case, this was around the local suspense bug, that it was— that I wanted reassurance that Fujitsu had done as it said, which is that all affected post offices had been identified, that we had looked at whatever the shortfalls were, that post offices had not been held accountable for any of those or that they were held accountable for any losses, that they were all written to, which they were, and so my priority was to make sure that it was dealt with.",Day143
1121,Ms Vennells,Vennells,Individual,"Ms Vennells, you tell us time and time again in your witness statement that up until May 2013 you had been told time and time again that there were no bugs in Horizon.",Day143
1126,the Post Office,Post Office,Organisation,"The way that I was told about those 2 bugs was that they were— and I'm not referring to previous exchanges elsewhere, but they were incidents that had been dealt with, they were bugs that had been resolved, and that they were red herrings to the work, and they didn't affect any of the branches that Second Sight were looking at, and the branches that had been affected had been properly supported by the Post Office and the cases had been dealt with.",Day143
1128,Post Office,Post Office,Organisation,Post Office that there were no bugs in Horizon?,Day143
1132,Horizon,Horizon,Technical System,"I think to be really clear on this, because it's important, I was told that— what I was told was about Horizon and I'm not splitting hairs on this, I was told that Horizon, that where cases had gone to court, the courts had found in favour of Horizon, that where issues had been raised.",Day143
1136,the Post Office,Post Office,Organisation,"F. You say, I was not made aware between joining the Post Office in 2007 and— you've told us this should read mid-2013.",Day143
1138,Horizon,Horizon,Technical System,that any bugs had been identified in legacy Horizon or Horizon Online.,Day143
1138,Horizon Online,Horizon Online,Technical System,that any bugs had been identified in legacy Horizon or Horizon Online.,Day143
1145,Post Office,Post Office,Organisation,"In the Second Sight interim report, both of them are detailed and it explains I think pretty much what I said in more detail, but that Post Office— that the— this I now know was wrong— that the system had identified the issues, that they had been fixed, the Post Office had been informed and nobody had been held accountable for any losses and where surpluses— and surpluses were left within the hands of the postmasters.",Day143
1146,Fujitsu,Fujitsu,Organisation,"Given that you'd been told before— you'd not been told before mid-2013 2013 about any bugs in the system and you were operating on the basis that there were none, on being told that in fact the system did have bugs, would you not have wanted a watertight assurance from Fujitsu that there were no more bugs?",Day143
1150,Fujitsu,Fujitsu,Organisation,"I had a— at roughly about the same time, or maybe a month before, I'd had a conversation with the Chief Executive of Fujitsu.",Day143
1152,Rudkin,Rudkin,Individual,"Yes, which had been based around the allegations around what Mr Rudkin had raised.",Day143
1154,Horizon,Horizon,Technical System,"It is a separate issue, but I'm not a technical expert and I'm dealing with challenges to the Horizon system and I'm working within a context where I'm taking numbers of inputs, I took these seriously and I accepted the explanations that I had been given, and I knew that those explanations had been based on— but again, now this sounds very hollow in hindsight— on work that had been done by Fujitsu.",Day143
1154,Fujitsu,Fujitsu,Organisation,"It is a separate issue, but I'm not a technical expert and I'm dealing with challenges to the Horizon system and I'm working within a context where I'm taking numbers of inputs, I took these seriously and I accepted the explanations that I had been given, and I knew that those explanations had been based on— but again, now this sounds very hollow in hindsight— on work that had been done by Fujitsu.",Day143
1156,the Post Office,Post Office,Organisation,"This is the press statement that the Post Office put out On the publication of the interim report, if we scroll out a little bit please, you'll see in the 3rd paragraph and following it says Chief Executive, you said as follows, yes?",Day143
1163,the Post Office,Post Office,Organisation,We know that the Post Office had been informed of the receipts and payments mismatch bug in September or October 2010.,Day143
1164,the Post Office's,Post Office,Organisation,"We know that the suspense account bug had been drawn to the Post Office's attention as an operative problem by at least February 2013, and we know that the calendar Square or Falkirk bug had been drawn to the Post Office's attention in 2006.",Day143
1164,Falkirk,Falkirk,Organisation,"We know that the suspense account bug had been drawn to the Post Office's attention as an operative problem by at least February 2013, and we know that the calendar Square or Falkirk bug had been drawn to the Post Office's attention in 2006.",Day143
1165,the Post Office,Post Office,Organisation,Do you know why this press statement did not acknowledge that the Post Office had known about each of the 3 bugs referred to in the Second Sight report for many years?,Day143
1165,Sight,Second Sight,Organisation,Do you know why this press statement did not acknowledge that the Post Office had known about each of the 3 bugs referred to in the Second Sight report for many years?,Day143
1169,the Post Office,Post Office,Organisation,Was that the mantra that the Post Office had used for many years to defend allegations against Horizon?,Day143
1169,Horizon,Horizon,Technical System,Was that the mantra that the Post Office had used for many years to defend allegations against Horizon?,Day143
6,Second Sight,Second Sight,Organisation,"Can I turn to my 3rd topic of substance then, which is the Second Sight investigation and the complaint and mediation scheme?",Day143
8,Second Sight,Second Sight,Organisation,I'd like first to look at the process by which Second Sight were chosen and Deloitte were not to conduct an investigation.,Day143
25,Second Sight,Second Sight,Organisation,"As it's described here, the work that Second Sight were proposing, by contrast, was a review of past cases?",Day143
33,Second Sight,Second Sight,Organisation,"And do you see in the box that's at the bottom of the screen there, it's recorded that on the 7th of June 2012, a meeting is held between you, Alice Perkins, Susan Crichton, Alwen Lyons and Simon Baker, where the Deloitte and Second Sight proposals are discussed?",Day143
37,Second Sight,Second Sight,Organisation,Why was Second Sight proposal preferred to that of Deloitte?,Day143
39,Post Office,Post Office,Organisation,"I was concerned that any one of the Big Four, Deloitte being one of them, may have come across too corporate and wouldn't necessarily have had the understanding of running a post office for small retail businesses.",Day143
47,Second Sight,Second Sight,Organisation,"And is the short point that the Second Sight review was much narrower in scope, in that it was proposed That the system should be reviewed by looking at a sample of past cases?",Day143
62,Second Sight,Second Sight,Organisation,"And if we just blow that up, please, you'll see that this is a Second Sight document",Day143
187,Second Sight,Second Sight,Organisation,"Was it the case that despite their appointment in mid-2012, no terms of reference or terms of engagement had been settled by February 2013 for Second Sight?",Day143
202,Second Sight,Second Sight,Organisation,"I don't— I'm sorry, I don't remember the discussion, but my sense is that it was, we want a Second Sight see this work through, it would have been difficult to stand somebody else up, I think.",Day143
211,Second Sight,Second Sight,Organisation,The main purpose of the meeting is to ensure that you have been receiving the full details of what has been occurring with the Second Sight investigation.,Day143
224,Second Sight,Second Sight,Organisation,"So I think at this stage, possibly not, other than feedback that the work was going too slowly and Post Office's input either hadn't taken place or Second Sight— there were concerns being raised perhaps that Second Sight were not taking account of it.",Day143
245,Second Sight,Second Sight,Organisation,"Were you then getting feedback on the state of the investigation by Second Sight in order to be able to say essentially, Mr Bates, you're jumping the gun?",Day143
249,Second Sight,Second Sight,Organisation,"You say in the last paragraph, I've been advised that Second Sight have now agreed that the focus over the next few weeks will be on 3 specific cases, and the meeting might be a more productive one when that work has been completed.",Day143
250,Second Sight,Second Sight,Organisation,"Do you know how it came about that what started as a debate between the choice of Deloitte conducting a full forensic audit of Horizon, Second Sight conducting a review of past cases that would be a representative sample, but include some testing of the integrity of the Horizon system.",Day143
256,Second Sight,Second Sight,Organisation,"And so was it the Post Office, in your view, or Second Sight that narrowed focus down to a very small number of cases?",Day143
274,Second Sight,Second Sight,Organisation,"The decision had been made to go, in my head, to go with Second Sight for the right reasons.",Day143
304,Second Sight,Second Sight,Organisation,"We're getting quite close here to the date of the production of the Second Sight Interim Report, aren't we?",Day143
315,Second Sight,Second Sight,Organisation,I'll share the fact that Second Sight are not using all the evidence they've been given and our concern is that their approach to try and keep everyone happy is not how we would expect a forensic accountant to behave.,Day143
321,Second Sight,Second Sight,Organisation,On what basis did you understand the Post Office had determined that Second Sight were not using all of the evidence that the Post Office had given them?,Day143
330,Second Sight,Second Sight,Organisation,Was there a suggestion in what you were told that Second Sight were biased in their approach?,Day143
339,Second Sight,Second Sight,Organisation,What evidence were you told that the Post Office had provided to Second Sight that they were not using or taking account of?,Day143
342,Second Sight,Second Sight,Organisation,"Were you told that Second Sight were trying to, in the words of the email, keep everyone happy?",Day143
344,Second Sight,Second Sight,Organisation,"And I don't think we had any problem with that until the team began to raise these questions that perhaps because of that second sight were not looking at the Post Office work, but I'm probably now speculating too much, to be fair.",Day143
346,Second Sight,Second Sight,Organisation,I didn't have regular conversations with Second Sight.,Day143
351,Second Sight,Second Sight,Organisation,I don't believe I spoke to Second Sight.,Day143
364,Second Sight,Second Sight,Organisation,"Ron, just to ensure that we're on the same page, Paula would like to say we've agreed the following with Second Sight.",Day143
373,Second Sight,Second Sight,Organisation,"So whether as a result of the broader work— so Second Sight had been working— Sorry, can you repeat that answer please?",Day143
374,Second Sight,Second Sight,Organisation,"Yes, when the Second Sight interim report was published, One of its initial conclusions was that so far no systemic issues had been found with the Horizon system.",Day143
396,Second Sight,Second Sight,Organisation,"absolutely not, to be completely clear, trying to drive a conclusion from Second Sight that they would not have given.",Day143
400,Second Sight,Second Sight,Organisation,"That's exactly what happened, Ms Venals, that the Second Sight report addressed a very small number of cases, it contained the sentence about no systemic defects, and then forever after the Post Office paraded that conclusion.",Day143
408,Second Sight,Second Sight,Organisation,At no stage did I get the sense that anybody in the Post Office was going to be able to influence Second Sight.,Day143
434,Second Sight,Second Sight,Organisation,"I wouldn't have known personally, from any of the— because I wasn't involved in the work or conversations at Second Sight, point 4 about whether they could have said no or not at this stage.",Day143
452,Second Sight,Second Sight,Organisation,"You remember the Second Sight proposal that we looked at, its suggested scope of work?",Day143
506,Second Sight,Second Sight,Organisation,"It is, and as I mentioned earlier, before the document came up, my understanding was that from the work Second Sight had done, presumably around the thematic work where they had been looking at a number of cases, and they're now being asked to take 2 or 3 cases which may or may not show whether subpostmasters had been wrongfully convicted.",Day143
521,Second Sight,Second Sight,Organisation,I wanted to send you a brief email to update you on where we are with the Second Sight investigation.,Day143
522,Second Sight,Second Sight,Organisation,We've been engaging closely with Second Sight throughout the week to understand the position they intend to take in the interim report and emphasising our concern that their findings must be even-handed and grounded in the facts.,Day143
525,Second Sight,Second Sight,Organisation,"Yes, but I hadn't drawn that link, I think the way I read this is that is what team had understood from Second Sight?",Day143
530,Second Sight,Second Sight,Organisation,"Second Sight themselves, I think, refer to it as something that might have a broad impact across the Post Office or across the system, I can't remember, but you will have the reference.",Day143
535,Post Office,Post Office,Organisation,Was there a shared understanding between you and the Post Office Board as to what systemic issues meant?,Day143
543,Second Sight,Second Sight,Organisation,"Ms. Vennells, can we turn, please, Can we look please to some documents that may provide some insight into your approach and decision-making in relation to the Post Office's decision not to review all past convictions in the light of what was emerging from Second Sight?",Day143
557,Second Sight,Second Sight,Organisation,"The working party firstly explores The Second Sight, 8 themes for improvement, can we get less than 8, and agrees how they can be implemented.",Day143
559,Second Sight,Second Sight,Organisation,"And then this, thirdly, our external lawyers review all prosecutions in the past 12 to 18 months since the Post Office has been independent of Royal Mail in the light of the Second Sight findings?",Day143
560,Post Office,Post Office,Organisation,"The JFSA Post Office Working Group reviews the findings, and then in square brackets, why would they not review all cases of false accounting, e.g., over the last 5 to 10 years, especially where amounts have been small?",Day143
667,Second Sight,Second Sight,Organisation,"It would lead to a very public narrative about the very nature of the business, raising questions about Horizon, the reality of what Second Sight has town would be misunderstood and having an impact on public views about the Post Office and really widening the issue to the whole network.",Day143
722,Second Sight,Second Sight,Organisation,"The media issue related to, I believe, Because we were right on the day or the day before the release of the Second Sight Interim Report, and that's my recollection that that is the media conversation that we were having.",Day143
726,Second Sight,Second Sight,Organisation,"I'm pretty sure that was in relation to the interim report which was due out any time, which as the inquiry has seen and heard from other people, there were issues in that report which the Post Office disagreed with and the team felt Second Sight hadn't taken account of.",Day143
751,Second Sight,Second Sight,Organisation,"But I'm not clear that as of the 6th of July or the 7th of July or this period of time, this discussion of how to approach the issue of past cases is taking place in the context of Second Sight continuing its investigative work beyond the interim report or in the context of the idea of a mediation scheme.",Day143
762,Second Sight,Second Sight,Organisation,Second Sight had done the work it had done up to the publication of the interim report.,Day143
764,Second Sight,Second Sight,Organisation,I had been disappointed about the way the Post Office team hadn't worked as well or been able to contribute to the work Second Sight had done.,Day143
779,Second Sight,Second Sight,Organisation,"In direct answer to the Chairman's question, isn't it the case that Second Sight were to play no part going forwards?",Day143
782,Second Sight,Second Sight,Organisation,"Your proposal didn't involve any role for Second Sight, did it?",Day143
787,Second Sight,Second Sight,Organisation,"did not contain any role for Second Sight, did it?",Day143
789,Second Sight,Second Sight,Organisation,"Say that Second Sight— This process of evolution, it doesn't involve any role for Second Sight?",Day143
792,Second Sight,Second Sight,Organisation,"And I'm being frank with you that there were conversations about whether— there was criticism of the work that Second Sight had done, but there was equal understanding that they had the support of MPs, notably James Arbuthnot, and that we had committed to do that work.",Day143
807,Second Sight,Second Sight,Organisation,"Paula, just a couple of thoughts, if we state we will review the cases since separation, that implies that there are material findings in the Second Sight Review and leaves us open to challenge against all cases.",Day143
1001,Second Sight,Second Sight,Organisation,"That the Second Sight interim report had not, according to colleagues, had not taken account of the Post Office's factual evidence against issues that were raised and criticisms made of the Post Office, and secondly that it had taken too long and was continuing to run up budgets to levels that had not been expected.",Day143
1003,Second Sight,Second Sight,Organisation,"I can't think what else it would be a reference to, the Board were very frustrated by the criticisms in the Second Sight interim report, which at that stage they were told were, at least in some cases according to the team, unfounded, because Second Sight hadn't had sufficient time in preparing it to take on board the Post Office's evidence.",Day143
1035,Second Sight,Second Sight,Organisation,"In your approach to the reaction to the Second Sight report, were you sensitive that some of the issues it addressed happened on your watch as Network Director?",Day143
1068,Second Sight,Second Sight,Organisation,"If we move on, the Second Sight interim report was in fact published on the 8th of July.",Day143
1098,Second Sight,Second Sight,Organisation,"Did this represent a move, a shift in position preemptively before the Second Sight report from there are no bugs in Horizon to the then altered position that's set out by Alwen Lyons?",Day143
1101,Second Sight,Second Sight,Organisation,"It wouldn't have been done preemptively because of the Second Sight report, it would just have been done because it was the right thing to do.",Day143
1126,Second Sight,Second Sight,Organisation,"The way that I was told about those 2 bugs was that they were— and I'm not referring to previous exchanges elsewhere, but they were incidents that had been dealt with, they were bugs that had been resolved, and that they were red herrings to the work, and they didn't affect any of the branches that Second Sight were looking at, and the branches that had been affected had been properly supported by the Post Office and the cases had been dealt with.",Day143
1145,Second Sight,Second Sight,Organisation,"In the Second Sight interim report, both of them are detailed and it explains I think pretty much what I said in more detail, but that Post Office— that the— this I now know was wrong— that the system had identified the issues, that they had been fixed, the Post Office had been informed and nobody had been held accountable for any losses and where surpluses— and surpluses were left within the hands of the postmasters.",Day143
12,Horizon,Horizon,Technical System,"My view is that we make it clear to Alice and Paula the distinction between the work Ron is proposing, brackets, an independent review of past cases, and the Horizon forensic audit, the Deloitte proposal, and put it on the agenda to discuss tomorrow, which would be the 7th of June.",Day143
47,the system,the system,Technical System,"And is the short point that the Second Sight review was much narrower in scope, in that it was proposed That the system should be reviewed by looking at a sample of past cases?",Day143
59,the system,the system,Technical System,"Whether Deloitte would in fact have surfaced some of the other important areas that Second Sight did, I don't know, because I think one of the other outcomes of this has been the right decision, was looking at the contract, and that may not have surfaced through the Deloitte work, which was particularly focused on the system itself.",Day143
68,the system,the system,Technical System,"The sample needs to cover cases where defendants claim they didn't take any cash, where assertions have been made that the system, i.e., Horizon, caused the shortage, including old and new versions of Horizon if possible, and which have been taken up by MPs.",Day143
86,Horizon,Horizon,Technical System,"Would you agree that if what is described here in those 2 bullet points that I have identified had in fact been undertaken, again there is, to use the may word, a possibility that the decade that followed until faults in Horizon and the miscarriages of justice identified by the Court of Appeal may have been discovered earlier?",Day143
240,the system,the system,Technical System,"And then the third paragraph, my understanding is we're too early in the investigation to suggest that things have been discovered which call into question the integrity of the system or the validity of the prosecutions, and to suggest that at this stage would be wrong.",Day143
241,the system,the system,Technical System,"In order to say that, you must have been told— would this be right— —the stage at which the investigation had reached and whether it was possible to say that the integrity of the system or the validity of prosecutions had even at that stage been called into question?",Day143
270,the system,the system,Technical System,"Yes, if we look at the second bullet point, the proposal to instruct an independent expert to prepare a report on the system is the highest risk response to the issue.",Day143
413,Horizon,Horizon,Technical System,as to whether or not there are systemic defects in Horizon?,Day143
441,Horizon,Horizon,Technical System,"And it says under key messages, we're concerned that the investigation is overrunning, the findings will not be definitive and there will be no satisfactory outcome to the horizon question for MPs or the Post Office.",Day143
474,Horizon,Horizon,Technical System,Did the Post Office subsequently present Second Sight's interim report as a definitive view that there were no systemic errors or failures in Horizon?,Day143
503,the system,the system,Technical System,"No, at no stage did I make the link that you have just led me to make between these 2 to 3 cases and being able to reach a view on the system and being able to complete the whole piece of work.",Day143
530,the system,the system,Technical System,"Second Sight themselves, I think, refer to it as something that might have a broad impact across the Post Office or across the system, I can't remember, but you will have the reference.",Day143
565,the system,the system,Technical System,"Issuing a statement that although the system has been proved to have had— to have no systemic issues and our training support processes and helplines have worked for most of the 50,000 to 60,000 colleagues over the past decade, we're nonetheless genuinely sorry that some of our subpostmasters who were struggling did not feel we offered them sufficient help and support when they needed it.",Day143
837,Horizon,Horizon,Technical System,"And as I said yesterday, I think one or two bugs that he knew about in a case, and that's right, I think it was Mrs Misra's, and the reason that Lesley explained he hadn't revealed those bugs in that case is that they hadn't been— Mrs Misra's was a Horizon Online case and",Day143
837,Horizon Online,Horizon Online,Technical System,"And as I said yesterday, I think one or two bugs that he knew about in a case, and that's right, I think it was Mrs Misra's, and the reason that Lesley explained he hadn't revealed those bugs in that case is that they hadn't been— Mrs Misra's was a Horizon Online case and",Day143
839,Legacy Horizon,Legacy Horizon,Technical System,Mrs Misra's case was on legacy Horizon and these bugs hadn't come into effect until Horizon Online.,Day143
863,Horizon,Horizon,Technical System,"The information I was told was very specific, which was that these 2 bugs were related to Horizon Online.",Day143
871,the system,the system,Technical System,I think I was told that it was a Fujitsu— someone who worked for Fujitsu who was very competent on the system.,Day143
901,Horizon,Horizon,Technical System,And that related to him making statements about there not being bugs in Horizon?,Day143
929,Horizon,Horizon,Technical System,"Do you know where you got the idea that we do not think it, i.e., the expert witness making statements about there being no bugs in Horizon, from?",Day143
946,Horizon,Horizon,Technical System,"If we just look at it, Horizon Computer Systems, the CCRC is an independent body.",Day143
948,Horizon,Horizon,Technical System,"For obvious reasons, we've read the recent media coverage concerning the Post Office Horizon computer system with interest.",Day143
1074,Legacy Horizon,Legacy Horizon,Technical System,"You say, I was not made aware between been joining the Post Office in 2007 and early 2012 that any bugs, errors or defects had been identified in legacy Horizon or Horizon Online.",Day143
1075,Horizon Online,Horizon Online,Technical System,"And then you say, the first that I knew that any bugs, errors or defects had been discovered was in mid-2013, when I was made aware for the first time that the bug known as the calendar square problem in legacy Horizon, and 2 bugs in Horizon Online, receipts and payments mismatch and local suspense account problem.",Day143
1075,Legacy Horizon,Legacy Horizon,Technical System,"And then you say, the first that I knew that any bugs, errors or defects had been discovered was in mid-2013, when I was made aware for the first time that the bug known as the calendar square problem in legacy Horizon, and 2 bugs in Horizon Online, receipts and payments mismatch and local suspense account problem.",Day143
1084,Horizon,Horizon,Technical System,"that you were made aware that bugs, errors and defects had been identified in Horizon?",Day143
1096,Horizon,Horizon,Technical System,"And she says, Paula, the only thing that's not in the brief for teams is our move away from, there are no bugs in Horizon, to, there are known bugs in every computer system this size, but they're found and put right and no subpostmaster is disadvantaged by them.",Day143
1098,Horizon,Horizon,Technical System,"Did this represent a move, a shift in position preemptively before the Second Sight report from there are no bugs in Horizon to the then altered position that's set out by Alwen Lyons?",Day143
1099,Horizon,Horizon,Technical System,"It was— so firstly, I don't recall, and I think Alwyn said this on Tuesday as well, that there had been a line, as it were, that there were no bugs in Horizon.",Day143
1102,Horizon,Horizon,Technical System,"If that's right, that there hadn't been a position adopted by the Post Office of there are no bugs in Horizon, this email makes no sense?",Day143
1107,the system,the system,Technical System,"You tell us in your witness statement that— it's paragraph 389 on page 183, no need to turn it up— that after the receipts and payments mismatch bug and the local spend— suspense account bug came to light, as you put it, in May '23, we no longer lived in a world where no bugs had been found in the system.",Day143
1109,the system,the system,Technical System,"That was your position and the Post Office's position up until at least May 2013, that no bugs had been found in the system.",Day143
1113,the system,the system,Technical System,in May 2013 you no longer lived in a world where no bugs had been found in the system?,Day143
1116,the system,the system,Technical System,We've got 3 bugs or had 3 bugs in the system.,Day143
1121,Horizon,Horizon,Technical System,"Ms Vennells, you tell us time and time again in your witness statement that up until May 2013 you had been told time and time again that there were no bugs in Horizon.",Day143
1128,Horizon,Horizon,Technical System,Post Office that there were no bugs in Horizon?,Day143
1130,the system,the system,Technical System,"It was the consistent message message from the business and then you're told, no, in fact there are bugs in the system and you're telling us they don't matter, they're just red herring bugs.",Day143
1133,the system,the system,Technical System,"I knew, and I say in my statement, that there were always glitches and issues with the system.",Day143
1138,Legacy Horizon,Legacy Horizon,Technical System,that any bugs had been identified in legacy Horizon or Horizon Online.,Day143
1145,the system,the system,Technical System,"In the Second Sight interim report, both of them are detailed and it explains I think pretty much what I said in more detail, but that Post Office— that the— this I now know was wrong— that the system had identified the issues, that they had been fixed, the Post Office had been informed and nobody had been held accountable for any losses and where surpluses— and surpluses were left within the hands of the postmasters.",Day143
1146,the system,the system,Technical System,"Given that you'd been told before— you'd not been told before mid-2013 2013 about any bugs in the system and you were operating on the basis that there were none, on being told that in fact the system did have bugs, would you not have wanted a watertight assurance from Fujitsu that there were no more bugs?",Day143
1167,the system,the system,Technical System,"You will see that it instead concentrates upon the number of people using the system, the number of branches, the number of transactions.",Day143
5,bugs,bug,Event/Issue,"One was the complaints made by subpostmasters and others about bugs, errors and defects, and then secondly we looked at remote access in the afternoon.",Day143
5,errors,error,Event/Issue,"One was the complaints made by subpostmasters and others about bugs, errors and defects, and then secondly we looked at remote access in the afternoon.",Day143
5,defects,defect,Event/Issue,"One was the complaints made by subpostmasters and others about bugs, errors and defects, and then secondly we looked at remote access in the afternoon.",Day143
6,mediation scheme,mediation scheme,Event/Issue,"Can I turn to my 3rd topic of substance then, which is the Second Sight investigation and the complaint and mediation scheme?",Day143
12,audit,audit,Event/Issue,"My view is that we make it clear to Alice and Paula the distinction between the work Ron is proposing, brackets, an independent review of past cases, and the Horizon forensic audit, the Deloitte proposal, and put it on the agenda to discuss tomorrow, which would be the 7th of June.",Day143
13,audit,audit,Event/Issue,"At this stage, were you aware that there were 2 contenders for the undertaking of some form of investigation, review or audit?",Day143
21,audit,audit,Event/Issue,"Sorry to interrupt, by a forensic investigation of the Horizon system, is that captured by these words here, a forensic audit?",Day143
29,mediation scheme,mediation scheme,Event/Issue,a timeline that has been prepared after the event of the events which led to and happened in the course of the mediation scheme.,Day143
69,bug,bug,Event/Issue,"And then if you look at the last— the second-to-last bullet point, study and selectively test the Horizon system in order to find any black hole, programme bug, etcetera, that might have caused mysterious shortages.",Day143
70,bugs,bug,Event/Issue,"What's described there, selecting a representative sample of cases that led to prosecutions or court-appointed restitutions, systems and then study and selectively test the Horizon system in order to find bugs, for shorthand, that may have caused mysterious shortages, was exactly what was needed, wasn't it?",Day143
74,mediation scheme,mediation scheme,Event/Issue,"Well, it didn't, and we're not talking about the mediation scheme yet, because that was a second piece of work essentially.",Day143
181,mediation scheme,mediation scheme,Event/Issue,We identified 3 broad courses of action that might be taken to improve the ability of Post Office successfully to deliver the mediation scheme in a timely fashion.,Day143
204,mediation scheme,mediation scheme,Event/Issue,"But I do think we brought in or changed the way they worked in some way to help them, but I may be confusing that with the mediation scheme, because this issue of time and cost overrun was a fairly frequent topic of conversation.",Day143
250,audit,audit,Event/Issue,"Do you know how it came about that what started as a debate between the choice of Deloitte conducting a full forensic audit of Horizon, Second Sight conducting a review of past cases that would be a representative sample, but include some testing of the integrity of the Horizon system.",Day143
273,audit,audit,Event/Issue,"In fact, a decision had been made, it seems, already at the meeting of 7 June 2012, not to instruct an expert to prepare a report, a forensic audit of the Horizon system, hadn't it?",Day143
316,bugs,bug,Event/Issue,"I do think this is the right place to share the bugs we found and how we have dealt with them, which is why the report from Rod/Leslie, checked by legal and Mark, is important.",Day143
367,defects,defect,Event/Issue,"By using the 2 to 3 cases, you'll answer the question: have systemic defects in the Horizon system resulted in the wrongful conviction or suspension of subpostmasters?",Day143
371,defects,defect,Event/Issue,"that the— by late May, the Post Office was proposing that by looking at 2 to 3 cases, Second Sight could answer the very big question: have systemic defects in Horizon resulted in the wrongful conviction or suspension of subpostmasters?",Day143
372,defects,defect,Event/Issue,"I'm not sure, but when the report was produced, as the inquiry knows, one of the conclusions was that so far no systemic defects had been found.",Day143
382,defects,defect,Event/Issue,Why was the proposal to limit the report to determining whether systemic defects in Horizon had resulted in wrongful convictions on the basis of 2 or 3 cases?,Day143
387,defects,defect,Event/Issue,"How could 2 or 3 cases possibly answer the question, have systemic defects in Horizon generally resulted in the wrongful conviction.",Day143
395,defects,defect,Event/Issue,Did you want to say that by looking at 2 or 3 cases we can answer the entire question of whether systemic defects had resulted in the wrongful conviction of subpostmasters?,Day143
399,defects,defect,Event/Issue,"So I didn't write this email, I wasn't copied in this email, I don't recall a conversation where I consciously said it would be possible— because it wouldn't be possible to come to a conclusion on systemic defects as a result of 2 to 3 cases.",Day143
400,defects,defect,Event/Issue,"That's exactly what happened, Ms Venals, that the Second Sight report addressed a very small number of cases, it contained the sentence about no systemic defects, and then forever after the Post Office paraded that conclusion.",Day143
413,defects,defect,Event/Issue,as to whether or not there are systemic defects in Horizon?,Day143
433,defects,defect,Event/Issue,"I could have said, this is what I want, or he could have said to me, this is where we're at, we think that actually we will get 2 to 3 MP cases done, and I may well have said, will that help us to answer the question about are there systemic defects in the Horizon system?",Day143
474,errors,error,Event/Issue,Did the Post Office subsequently present Second Sight's interim report as a definitive view that there were no systemic errors or failures in Horizon?,Day143
489,defects,defect,Event/Issue,"that James Arbuthnot should be asked to persuade Second Sight to wind their investigation up on 2 to 3 cases, and those 2 to 3 cases would answer the question, have systemic defects resulted in the wrongful conviction of subpostmasters?",Day143
493,defects,defect,Event/Issue,"on the basis of 2 to 3 MP cases answering the question, have systemic defects in Horizon resulted in the wrongful conviction of some postmasters?",Day143
501,defects,defect,Event/Issue,"focus on answering the question, have systemic defects in Horizon resulted in the wrongful conviction of subpostmasters, by reference to 2 to 3 cases?",Day143
630,mediation scheme,mediation scheme,Event/Issue,"I was asking the question to do this work the right way, and my understanding and acceptance of what was proposed, which was accepted by the MPs and everybody else involved, was that the mediation scheme was the right way through.",Day143
751,mediation scheme,mediation scheme,Event/Issue,"But I'm not clear that as of the 6th of July or the 7th of July or this period of time, this discussion of how to approach the issue of past cases is taking place in the context of Second Sight continuing its investigative work beyond the interim report or in the context of the idea of a mediation scheme.",Day143
756,mediation scheme,mediation scheme,Event/Issue,"And after their interim report, somehow a transition took place so that what I'll call a mediation scheme emerged.",Day143
775,mediation scheme,mediation scheme,Event/Issue,"And the thing that I'm missing, Sir Wynne, in telling you all of that is If Susan knew, which of course she did and I wouldn't have known so well, that criminal cases couldn't be resolved through mediation, did— and this is simply a question— did she know that there would need to have been a further review, or was her understanding at that time, which is a fact that was later described, that any criminal cases going through the mediation scheme would be open to all of the investigation work that was done by Post Office and Second Sight and Fujitsu, which may then give them information to take forward to— through the normal legal routes, through the Court of Appeal or the CCRC.",Day143
827,bugs,bug,Event/Issue,"You say that you had a conversation with Lesley Sewell, in which she told you that the Post Office had been advised that the expert witness that the Post Office had used in criminal cases to give evidence about Horizon had failed to mention there were bugs in Horizon, including in the Seema Misra case.",Day143
837,bugs,bug,Event/Issue,"And as I said yesterday, I think one or two bugs that he knew about in a case, and that's right, I think it was Mrs Misra's, and the reason that Lesley explained he hadn't revealed those bugs in that case is that they hadn't been— Mrs Misra's was a Horizon Online case and",Day143
839,bugs,bug,Event/Issue,Mrs Misra's case was on legacy Horizon and these bugs hadn't come into effect until Horizon Online.,Day143
840,bugs,bug,Event/Issue,"Ms Meadows, the way you've described it there is that Ms Sewell was telling you that the expert had failed to mention bugs in one case and that was Seema Misra.",Day143
854,bugs,bug,Event/Issue,"Did you at the time join the dots between the debates that we've seen you have in emails here with Mr Davis and Ms Sewell about the extent to which the Post Office should announce that it was going to review past convictions and the information that you were being given, quite separately, that the Post Office's expert witness had failed to mention bugs of which he had knowledge in criminal cases?",Day143
861,bugs,bug,Event/Issue,Did you never at any time connect the long-running criticism of Horizon's integrity that had been forced upon the Post Office by subpostmasters for years and years being informed that there was a problem with the expert evidence on which the Post Office had relied about bugs?,Day143
863,bugs,bug,Event/Issue,"The information I was told was very specific, which was that these 2 bugs were related to Horizon Online.",Day143
865,bugs,bug,Event/Issue,And the bugs had been fixed and the postmasters had not lost any money as a result of that.,Day143
875,bugs,bug,Event/Issue,Did you ask what the Post Office was doing as a result of its concern that he had failed to mention in cases knowledge of bugs?,Day143
878,bugs,bug,Event/Issue,"I understood because that was the obligation that one had to do, was that any case that he had given evidence in needed to be given this evidence around these 2 bugs, even if it didn't Were you told that he was an unsafe witness?",Day143
886,bugs,bug,Event/Issue,The representative from Fujitsu made statements about no bugs which later could be seen to have been undermined by the Second Sight report.,Day143
901,bugs,bug,Event/Issue,And that related to him making statements about there not being bugs in Horizon?,Day143
903,bugs,bug,Event/Issue,"So you understood by this time that there was an issue about the reliability of the Fujitsu expert evidence about there being bugs, i.e., the absence of them.",Day143
905,bugs,bug,Event/Issue,And not merely about the presence of bugs that had been revealed by the Second Sight report.,Day143
929,bugs,bug,Event/Issue,"Do you know where you got the idea that we do not think it, i.e., the expert witness making statements about there being no bugs in Horizon, from?",Day143
1069,bug,bug,Event/Issue,"The reference, we needn't show it at the moment, is POL3029744, and it referred to 3 bugs in Horizon, the receipts and payments mismatch bug, the suspense account bug, and although it didn't name it, the calendar square or Falkirk bug.",Day143
1069,mismatch,mismatch,Event/Issue,"The reference, we needn't show it at the moment, is POL3029744, and it referred to 3 bugs in Horizon, the receipts and payments mismatch bug, the suspense account bug, and although it didn't name it, the calendar square or Falkirk bug.",Day143
1069,suspense account,suspense account,Event/Issue,"The reference, we needn't show it at the moment, is POL3029744, and it referred to 3 bugs in Horizon, the receipts and payments mismatch bug, the suspense account bug, and although it didn't name it, the calendar square or Falkirk bug.",Day143
1074,bugs,bug,Event/Issue,"You say, I was not made aware between been joining the Post Office in 2007 and early 2012 that any bugs, errors or defects had been identified in legacy Horizon or Horizon Online.",Day143
1074,errors,error,Event/Issue,"You say, I was not made aware between been joining the Post Office in 2007 and early 2012 that any bugs, errors or defects had been identified in legacy Horizon or Horizon Online.",Day143
1074,defects,defect,Event/Issue,"You say, I was not made aware between been joining the Post Office in 2007 and early 2012 that any bugs, errors or defects had been identified in legacy Horizon or Horizon Online.",Day143
1075,bug,bug,Event/Issue,"And then you say, the first that I knew that any bugs, errors or defects had been discovered was in mid-2013, when I was made aware for the first time that the bug known as the calendar square problem in legacy Horizon, and 2 bugs in Horizon Online, receipts and payments mismatch and local suspense account problem.",Day143
1075,errors,error,Event/Issue,"And then you say, the first that I knew that any bugs, errors or defects had been discovered was in mid-2013, when I was made aware for the first time that the bug known as the calendar square problem in legacy Horizon, and 2 bugs in Horizon Online, receipts and payments mismatch and local suspense account problem.",Day143
1075,mismatch,mismatch,Event/Issue,"And then you say, the first that I knew that any bugs, errors or defects had been discovered was in mid-2013, when I was made aware for the first time that the bug known as the calendar square problem in legacy Horizon, and 2 bugs in Horizon Online, receipts and payments mismatch and local suspense account problem.",Day143
1075,suspense account,suspense account,Event/Issue,"And then you say, the first that I knew that any bugs, errors or defects had been discovered was in mid-2013, when I was made aware for the first time that the bug known as the calendar square problem in legacy Horizon, and 2 bugs in Horizon Online, receipts and payments mismatch and local suspense account problem.",Day143
1075,defects,defect,Event/Issue,"And then you say, the first that I knew that any bugs, errors or defects had been discovered was in mid-2013, when I was made aware for the first time that the bug known as the calendar square problem in legacy Horizon, and 2 bugs in Horizon Online, receipts and payments mismatch and local suspense account problem.",Day143
1077,bugs,bug,Event/Issue,"You state in the first sentence that you were not aware until early 2012 that any bugs had been identified in either system, and then in second sentence you say the first that I knew that any bugs had been discovered was in mid-2013.",Day143
1081,bugs,bug,Event/Issue,"So what's the correct answer to the question, when did you first know of any bugs, errors or feedback?",Day143
1081,errors,error,Event/Issue,"So what's the correct answer to the question, when did you first know of any bugs, errors or feedback?",Day143
1084,bugs,bug,Event/Issue,"that you were made aware that bugs, errors and defects had been identified in Horizon?",Day143
1084,errors,error,Event/Issue,"that you were made aware that bugs, errors and defects had been identified in Horizon?",Day143
1084,defects,defect,Event/Issue,"that you were made aware that bugs, errors and defects had been identified in Horizon?",Day143
1085,bug,bug,Event/Issue,"I don't know, because the only thing I can think as an explanation is that the local suspense bug was, I think, drawn to the Post Office's attention in 2012, but nobody knew about that because it had been referred to the NBSC, and I suspect this is just a mistake.",Day143
1091,bugs,bug,Event/Issue,Can we turn to what was said in the run-up to the Second Sight report about the Post Office's position on the 3 bugs?,Day143
1096,bugs,bug,Event/Issue,"And she says, Paula, the only thing that's not in the brief for teams is our move away from, there are no bugs in Horizon, to, there are known bugs in every computer system this size, but they're found and put right and no subpostmaster is disadvantaged by them.",Day143
1098,bugs,bug,Event/Issue,"Did this represent a move, a shift in position preemptively before the Second Sight report from there are no bugs in Horizon to the then altered position that's set out by Alwen Lyons?",Day143
1099,bugs,bug,Event/Issue,"It was— so firstly, I don't recall, and I think Alwyn said this on Tuesday as well, that there had been a line, as it were, that there were no bugs in Horizon.",Day143
1102,bugs,bug,Event/Issue,"If that's right, that there hadn't been a position adopted by the Post Office of there are no bugs in Horizon, this email makes no sense?",Day143
1107,bug,bug,Event/Issue,"You tell us in your witness statement that— it's paragraph 389 on page 183, no need to turn it up— that after the receipts and payments mismatch bug and the local spend— suspense account bug came to light, as you put it, in May '23, we no longer lived in a world where no bugs had been found in the system.",Day143
1107,mismatch,mismatch,Event/Issue,"You tell us in your witness statement that— it's paragraph 389 on page 183, no need to turn it up— that after the receipts and payments mismatch bug and the local spend— suspense account bug came to light, as you put it, in May '23, we no longer lived in a world where no bugs had been found in the system.",Day143
1107,suspense account,suspense account,Event/Issue,"You tell us in your witness statement that— it's paragraph 389 on page 183, no need to turn it up— that after the receipts and payments mismatch bug and the local spend— suspense account bug came to light, as you put it, in May '23, we no longer lived in a world where no bugs had been found in the system.",Day143
1109,bugs,bug,Event/Issue,"That was your position and the Post Office's position up until at least May 2013, that no bugs had been found in the system.",Day143
1112,bugs,bug,Event/Issue,"What I'm trying to say here is that I don't remember seeing it as a line in communications, but as soon as we had discovered these bugs, if we had been saying publicly that there were no bugs, clearly that needed to be corrected.",Day143
1113,bugs,bug,Event/Issue,in May 2013 you no longer lived in a world where no bugs had been found in the system?,Day143
1116,bugs,bug,Event/Issue,We've got 3 bugs or had 3 bugs in the system.,Day143
1119,bug,bug,Event/Issue,"At that stage it doesn't make any difference, but there were only 2 that I knew of, and what was very important to me, and the inquiry can see this from emails that I sent and work that I did, was that— and I can remember saying to Alwen Lyons actually that I wanted to demonstrate leadership in this case, this was around the local suspense bug, that it was— that I wanted reassurance that Fujitsu had done as it said, which is that all affected post offices had been identified, that we had looked at whatever the shortfalls were, that post offices had not been held accountable for any of those or that they were held accountable for any losses, that they were all written to, which they were, and so my priority was to make sure that it was dealt with.",Day143
1119,shortfalls,shortfall,Event/Issue,"At that stage it doesn't make any difference, but there were only 2 that I knew of, and what was very important to me, and the inquiry can see this from emails that I sent and work that I did, was that— and I can remember saying to Alwen Lyons actually that I wanted to demonstrate leadership in this case, this was around the local suspense bug, that it was— that I wanted reassurance that Fujitsu had done as it said, which is that all affected post offices had been identified, that we had looked at whatever the shortfalls were, that post offices had not been held accountable for any of those or that they were held accountable for any losses, that they were all written to, which they were, and so my priority was to make sure that it was dealt with.",Day143
1120,bug,bug,Event/Issue,"In terms of the second bug, the receipts and payments mismatch bug, that I was told had been dealt with, and again it's in documentation that the post offices affected by that had been written to as well.",Day143
1120,mismatch,mismatch,Event/Issue,"In terms of the second bug, the receipts and payments mismatch bug, that I was told had been dealt with, and again it's in documentation that the post offices affected by that had been written to as well.",Day143
1121,bugs,bug,Event/Issue,"Ms Vennells, you tell us time and time again in your witness statement that up until May 2013 you had been told time and time again that there were no bugs in Horizon.",Day143
1124,bugs,bug,Event/Issue,"In fact, there were bugs, the previous assurances that I've been given were false.",Day143
1126,bugs,bug,Event/Issue,"The way that I was told about those 2 bugs was that they were— and I'm not referring to previous exchanges elsewhere, but they were incidents that had been dealt with, they were bugs that had been resolved, and that they were red herrings to the work, and they didn't affect any of the branches that Second Sight were looking at, and the branches that had been affected had been properly supported by the Post Office and the cases had been dealt with.",Day143
1128,bugs,bug,Event/Issue,Post Office that there were no bugs in Horizon?,Day143
1130,bugs,bug,Event/Issue,"It was the consistent message message from the business and then you're told, no, in fact there are bugs in the system and you're telling us they don't matter, they're just red herring bugs.",Day143
1138,bugs,bug,Event/Issue,that any bugs had been identified in legacy Horizon or Horizon Online.,Day143
1139,bugs,bug,Event/Issue,The first I knew that any bugs had been discovered was mid-2013.,Day143
1142,bugs,bug,Event/Issue,"I'm sorry, yes, I'm not— what I'm not getting across clearly enough is that this was important, but I was reassured at the same time that these bugs had been dealt with.",Day143
1146,bugs,bug,Event/Issue,"Given that you'd been told before— you'd not been told before mid-2013 2013 about any bugs in the system and you were operating on the basis that there were none, on being told that in fact the system did have bugs, would you not have wanted a watertight assurance from Fujitsu that there were no more bugs?",Day143
1163,bug,bug,Event/Issue,We know that the Post Office had been informed of the receipts and payments mismatch bug in September or October 2010.,Day143
1163,mismatch,mismatch,Event/Issue,We know that the Post Office had been informed of the receipts and payments mismatch bug in September or October 2010.,Day143
1164,bug,bug,Event/Issue,"We know that the suspense account bug had been drawn to the Post Office's attention as an operative problem by at least February 2013, and we know that the calendar Square or Falkirk bug had been drawn to the Post Office's attention in 2006.",Day143
1164,suspense account,suspense account,Event/Issue,"We know that the suspense account bug had been drawn to the Post Office's attention as an operative problem by at least February 2013, and we know that the calendar Square or Falkirk bug had been drawn to the Post Office's attention in 2006.",Day143
1165,bugs,bug,Event/Issue,Do you know why this press statement did not acknowledge that the Post Office had known about each of the 3 bugs referred to in the Second Sight report for many years?,Day143
3,Ron Warmington,Ron Warmington,Individual,"May I call Ron Warmington, please?",Day152
11,Declare,Declare,Organisation,Declare and affirm.,Day152
12,Declare,Declare,Organisation,"Declare and affirm that the evidence I shall give That the evidence I shall give shall be the truth, shall be the truth, the whole truth, the whole truth, and nothing but the truth, and nothing but the truth.",Day152
14,Warmington,Ron Warmington,Individual,"Good afternoon, Mr. Warmington.",Day152
15,Jason Beer,Beer,Individual,My name is Jason Beer and I ask questions on behalf of the inquiry.,Day152
17,Ronald John Warmington,Ronald John Warmington,Individual,Ronald John Warmington.,Day152
23,Beer,Beer,Individual,"That's right, Mr. Beer.",Day152
45,Institute,Institute,Organisation,And in 1979 you became a Fellow of the Institute; is that right?,Day152
47,Ernst Young,Ernst Young,Individual,"In terms of your work career, you worked as an external auditor between 1968 and 1975 for a company that was subsequently acquired by Ernst Young, is that right?",Day152
54,Ernst Young,Ernst Young,Individual,"In any event, it was a company that was subsequently acquired by Ernst Young?",Day152
56,Citibank,Citibank,Organisation,"Between '75 and 2002, you worked for Citibank, is that right?",Day152
58,CFO,CFO,Organisation,"Variously as a regional head of internal audit, chairman of the audit and risk committee, CFO, Head of Investigations for Europe, the Middle East, and Africa, and then Global Head of Investigations?",Day152
58,Global Head of Investigations,Global Head of Investigations,Individual,"Variously as a regional head of internal audit, chairman of the audit and risk committee, CFO, Head of Investigations for Europe, the Middle East, and Africa, and then Global Head of Investigations?",Day152
60,GE Capital,GE Capital,Organisation,"Between 2000 and 2010, you were a director of GE Capital as Head of Fraud Management in Europe, the Middle East, and Africa?",Day152
60,Head of Fraud Management,Head of Fraud Management,Organisation,"Between 2000 and 2010, you were a director of GE Capital as Head of Fraud Management in Europe, the Middle East, and Africa?",Day152
62,Second Sight Support Services Limited,Second Sight Support Services Limited,Organisation,"In 2009 and 2010, you became part of and then a director of Second Sight Support Services Limited?",Day152
67,the Post Office,Post Office,Organisation,"To summarise, is this right, you were an independent forensic accountant contracted by the Post Office to conduct an investigation into, broadly speaking, Horizon?",Day152
67,Horizon,Horizon,Technical System,"To summarise, is this right, you were an independent forensic accountant contracted by the Post Office to conduct an investigation into, broadly speaking, Horizon?",Day152
69,the Post Office,Post Office,Organisation,"You had the backing of MPs who were trying to get the Post Office to address their concerns, i.e., the concerns of MPs raised on behalf of constituents?",Day152
71,the Post Office,Post Office,Organisation,"In the course of your work, you had access to senior people within the Post Office?",Day152
72,Horizon,Horizon,Technical System,who either themselves had access or could access information concerning issues with Horizon?,Day152
78,Susan Kreischer,Susan Kreischer,Individual,"That were— those promises were made by Susan Kreischer, Paula Venles, and Alice Perkins?",Day152
78,Paula Venles,Paula Venles,Individual,"That were— those promises were made by Susan Kreischer, Paula Venles, and Alice Perkins?",Day152
78,Alice Perkins,Alice Perkins,Individual,"That were— those promises were made by Susan Kreischer, Paula Venles, and Alice Perkins?",Day152
80,Post Office,Post Office,Organisation,"Despite this, you tell us in your witness statement, you found that the Post Office reneged on those promises?",Day152
86,Post Office,Post Office,Organisation,"And you eventually formed the view that the Post Office considered that Second Sight was, quote, entirely under its control and could be ordered to do or could be disallowed from doing whatever it, the Post Office, wanted?",Day152
86,Sight,Second Sight,Organisation,"And you eventually formed the view that the Post Office considered that Second Sight was, quote, entirely under its control and could be ordered to do or could be disallowed from doing whatever it, the Post Office, wanted?",Day152
89,the Post Office's,Post Office,Organisation,"You say in your witness statement that you experienced the Post Office's strategy of denying problems that it, the Post Office, knew of.",Day152
91,Horizon,Horizon,Technical System,Of trying to remove oversight or investigation which may have led to adverse conclusions about Horizon in particular.,Day152
97,the Post Office,Post Office,Organisation,"At the time you were doing the work, why did you think they were— they, the Post Office, it, the Post Office, was conducting itself in this way?",Day152
98,Henderson,Ian Henderson,Individual,"Well, very much along the lines of what Mr Henderson said that it was very clear that Post Office knew, insofar as a corporation can know anything, the people at the top knew that they were dealing with an existential issue, that if it turned out that Horizon was generating spurious shortfalls, that they had a lousy investigation function, that they had wrongfully prosecuted people, that would be existential.",Day152
98,Post Office,Post Office,Organisation,"Well, very much along the lines of what Mr Henderson said that it was very clear that Post Office knew, insofar as a corporation can know anything, the people at the top knew that they were dealing with an existential issue, that if it turned out that Horizon was generating spurious shortfalls, that they had a lousy investigation function, that they had wrongfully prosecuted people, that would be existential.",Day152
98,Horizon,Horizon,Technical System,"Well, very much along the lines of what Mr Henderson said that it was very clear that Post Office knew, insofar as a corporation can know anything, the people at the top knew that they were dealing with an existential issue, that if it turned out that Horizon was generating spurious shortfalls, that they had a lousy investigation function, that they had wrongfully prosecuted people, that would be existential.",Day152
101,Horizon,Horizon,Technical System,"Well, the need to rely on the integrity of Horizon in order to be able to, if you like, control the network of subpostmasters, their agents, to be able to exercise or to carry out that sort of level of control, to have it known that the Horizon system was unreliable or that the supplier of the Horizon system, Fujitsu, or that the user of it, the purchaser of it, Post Office, was— could not be relied upon, would mean that all hell would break loose in the branch network.",Day152
101,Fujitsu,Fujitsu,Organisation,"Well, the need to rely on the integrity of Horizon in order to be able to, if you like, control the network of subpostmasters, their agents, to be able to exercise or to carry out that sort of level of control, to have it known that the Horizon system was unreliable or that the supplier of the Horizon system, Fujitsu, or that the user of it, the purchaser of it, Post Office, was— could not be relied upon, would mean that all hell would break loose in the branch network.",Day152
101,Post Office,Post Office,Organisation,"Well, the need to rely on the integrity of Horizon in order to be able to, if you like, control the network of subpostmasters, their agents, to be able to exercise or to carry out that sort of level of control, to have it known that the Horizon system was unreliable or that the supplier of the Horizon system, Fujitsu, or that the user of it, the purchaser of it, Post Office, was— could not be relied upon, would mean that all hell would break loose in the branch network.",Day152
104,the Post Office,Post Office,Organisation,I warned the Post Office top brass of that possibility from day zero.,Day152
108,Post Office,Post Office,Organisation,"The inquiry has seen a number of internal Post Office documents that show that at least in 2013, individuals within the Post Office were contemplating minimising the role of Second Sight or ending the role of Second Sight completely.",Day152
108,Sight,Second Sight,Organisation,"The inquiry has seen a number of internal Post Office documents that show that at least in 2013, individuals within the Post Office were contemplating minimising the role of Second Sight or ending the role of Second Sight completely.",Day152
109,Post Office,Post Office,Organisation,You've described in your witness statement a ferocious pushback from the Post Office during your investigation.,Day152
110,Post Office,Post Office,Organisation,Do you think there was ever a time when the Post Office staff were cooperating with your investigation fully?,Day152
111,Susan Crichton,Susan Crichton,Individual,"Oh yes, initially the response from Susan Crichton and from Simon Baker, the young IT expert that was assigned to help us to get access to data, Attitudinally had exactly the right— they definitely shared our, or they appeared to share our objective of seeking the truth regardless of consequences.",Day152
111,Simon Baker,Simon Baker,Individual,"Oh yes, initially the response from Susan Crichton and from Simon Baker, the young IT expert that was assigned to help us to get access to data, Attitudinally had exactly the right— they definitely shared our, or they appeared to share our objective of seeking the truth regardless of consequences.",Day152
114,Ian,Ian,Individual,"It was pretty clear that as soon as Ian came to me and said, look what I've found, I'm finding some really odd stuff in these legal files.",Day152
119,Ian,Ian,Individual,What was the odd stuff that Ian was finding?,Day152
122,Post Office,Post Office,Organisation,"One of the accusations that is levied against Second Sight very frequently in the internal Post Office material, and it sometimes breaks out into things said, for example, to James Arbuthnot and then subsequently to Sir Anthony Hooper, is that one of the chief problems with your investigation was that the slow pace at which it was proceeding.",Day152
122,James Arbuthnot,James Arbuthnot,Individual,"One of the accusations that is levied against Second Sight very frequently in the internal Post Office material, and it sometimes breaks out into things said, for example, to James Arbuthnot and then subsequently to Sir Anthony Hooper, is that one of the chief problems with your investigation was that the slow pace at which it was proceeding.",Day152
122,Anthony Hooper,Anthony Hooper,Individual,"One of the accusations that is levied against Second Sight very frequently in the internal Post Office material, and it sometimes breaks out into things said, for example, to James Arbuthnot and then subsequently to Sir Anthony Hooper, is that one of the chief problems with your investigation was that the slow pace at which it was proceeding.",Day152
127,Post Office,Post Office,Organisation,"And the need to wait for evidence to be produced by Post Office, which was taking much longer than we had ever expected it to.",Day152
129,Beer,Beer,Individual,"Well, part of it, I think, Mr Beer, was because Post Office",Day152
129,Post Office,Post Office,Organisation,"Well, part of it, I think, Mr Beer, was because Post Office",Day152
131,Post Office,Post Office,Organisation,"Post Office seemed to be excessively siloed with different departments, each of which would have some but not all of the information.",Day152
132,Simon Baker,Simon Baker,Individual,"And so gathering in the information, which Simon Baker was helping us to do, just proved to be like swimming up a waterfall.",Day152
139,Fujitsu,Fujitsu,Organisation,"An example of a conflict within a report would be the issue regarding Fujitsu's Bracknell office, i.e., the Post Office denying that Michael Rudkin had ever arrived at the meeting he said he'd been invited to.",Day152
139,Post Office,Post Office,Organisation,"An example of a conflict within a report would be the issue regarding Fujitsu's Bracknell office, i.e., the Post Office denying that Michael Rudkin had ever arrived at the meeting he said he'd been invited to.",Day152
139,Michael Rudkin,Michael Rudkin,Individual,"An example of a conflict within a report would be the issue regarding Fujitsu's Bracknell office, i.e., the Post Office denying that Michael Rudkin had ever arrived at the meeting he said he'd been invited to.",Day152
140,Michael,Michael,Individual,"I encouraged Michael to search through his emails to locate the original invitation, which fortunately he found.",Day152
141,Post Office,Post Office,Organisation,"I'd requested this email from the Post Office multiple times, but they— but they said they could not find it.",Day152
148,Rudkin,Rudkin,Individual,"of Mr. Rudkin and seeking an email that might have confirmed his presence on Fujitsu's premises in Bracknell, as he said.",Day152
148,Fujitsu,Fujitsu,Organisation,"of Mr. Rudkin and seeking an email that might have confirmed his presence on Fujitsu's premises in Bracknell, as he said.",Day152
151,Post Office,Post Office,Organisation,"So— and much of it revolved around what Post Office was asserting, with some justification, was inadequately evidenced remarks that we were making.",Day152
154,Post Office,Post Office,Organisation,"And Post Office was saying, well, hang on a minute, you can't— you're just spouting anecdotal evidence given to you by a few postmasters.",Day152
158,the Post Office's,Post Office,Organisation,And then we were getting the— what became almost like a mantra of the Post Office's position is that we would have— our procedures would have ensured that this had happened.,Day152
161,Post Office,Post Office,Organisation,Matters that ordinarily I would have had zero difficulty in communicating in conversations like this just seemed to be beyond the ken of the people in Post Office.,Day152
169,Post Office,Post Office,Organisation,Did the Post Office seek to influence the drafting of your final CRR reports?,Day152
169,CRR,CRR,Organisation,Did the Post Office seek to influence the drafting of your final CRR reports?,Day152
175,Post Office,Post Office,Organisation,"So it was unusual to have any report that wasn't completely clear, and yet Post Office seemed to find reason to challenge just about everything we said.",Day152
178,Henderson,Ian Henderson,Individual,"You probably realise that Mr Henderson and I, and in fact our colleagues, are not easily— not necessarily for turning, so there were some pretty intense scraps, but we obviously listened to and tried to accommodate the changes they were requesting, and certainly where we'd made mistakes, we corrected them.",Day152
179,Henderson,Ian Henderson,Individual,"In his witness statement, Mr Henderson said, it's page 22, paragraph 71, to the credit of the Post Office, they, the Post Office, did not try to directly interfere with or influence Second Sight's reports other than by withholding potentially relevant documents.",Day152
179,the Post Office,Post Office,Organisation,"In his witness statement, Mr Henderson said, it's page 22, paragraph 71, to the credit of the Post Office, they, the Post Office, did not try to directly interfere with or influence Second Sight's reports other than by withholding potentially relevant documents.",Day152
182,Ian,Ian,Individual,"I mean, I was involved in a lot more of the— if you like, what Ian himself would refer to as having been down in the weeds and dealing with a lot of the accounting issues in minute detail.",Day152
184,Henderson,Ian Henderson,Individual,"I was going to ask you, what was the division of responsibilities between you and Mr Henderson?",Day152
187,Ian,Ian,Individual,"Ian is a specialist in documentation, computers, evidence handling.",Day152
189,James Arbuthnot,James Arbuthnot,Individual,"It made sense for him to be on site at Old Street, whereas I was haring around the country making face-to-face contact with the subpostmasters, which of course I'd been asked to do by James Arbuthnot and his colleagues.",Day152
190,Ian,Ian,Individual,"So it was very clear that— and I omitted to mention that of course Ian had had that very valuable experience with the CCRC, so I had far less knowledge of criminal procedure than he did, but neither of us put ourselves forward as lawyers.",Day152
190,CCRC,CCRC,Organisation,"So it was very clear that— and I omitted to mention that of course Ian had had that very valuable experience with the CCRC, so I had far less knowledge of criminal procedure than he did, but neither of us put ourselves forward as lawyers.",Day152
193,Paragraph 58,Paragraph 58,Organisation,"Can we move forward please to Paragraph 58 of your witness statement, which is on page 28.",Day152
197,MPs,MPs,Organisation,"And you say, we in Second Sight held the view that those concerns that have been so clearly expressed by the MPs and their equally clear expectation we would be investigating them had certainly not gone away, but that our interim report was to focus in the main on the narrow issue of systemic flaws in Horizon.",Day152
198,MPs,MPs,Organisation,"The inference and our understanding was that the original far wider scope had simply— had never simply vaporised, and that we were still expected by the MPs and by the JFSA to address them.",Day152
199,the Post Office,Post Office,Organisation,"On reflection, it would have been helpful had we included words to that effect in our interim report, although it seems now to be pretty obvious that the Post Office would have fought hard to avoid conceding that.",Day152
200,the Post Office,Post Office,Organisation,"It's now clear that the Post Office really had hoped that after Second Sight's interim report, report, that wider scope investigation, that would simply never happen.",Day152
200,Second Sight's,Second Sight,Organisation,"It's now clear that the Post Office really had hoped that after Second Sight's interim report, report, that wider scope investigation, that would simply never happen.",Day152
206,Ian,Ian,Individual,"Well, Ian referred to this earlier.",Day152
208,Post Office,Post Office,Organisation,"In fact, that terminology was accepted by Post Office.",Day152
213,Bearer,Bearer,Individual,"If that's what I've said, Mr. Bearer, I've got it the wrong way around, because job one was the— unsurprisingly, the first piece of work which the MPs had asked us to do.",Day152
213,MPs,MPs,Organisation,"If that's what I've said, Mr. Bearer, I've got it the wrong way around, because job one was the— unsurprisingly, the first piece of work which the MPs had asked us to do.",Day152
224,the Post Office's,Post Office,Organisation,"Well, I have expressed that the way I intended to, but I think the confusion that I've allowed to creep in here, for which I apologise, is that the Post Office's understanding of the mediation scheme was that that, in a sense, in a sense displaced, vaporised the original work that we'd been asked to carry out.",Day152
226,Post Office,Post Office,Organisation,"We, as far as we were concerned, the initial request by the MPs to— which involved, quote, taking the JFSA along with us, had definitely not gone away, but Post Office completely disagreed with that position.",Day152
229,Horizon,Horizon,Technical System,"That the first of those, which is reflected in the interim report, focused on the existence or non-existence of system-wide or systemic problems with Horizon?",Day152
230,Beer,Beer,Individual,"Yes, Mr. Beer, but I think the point that has been confusing everybody is that job one was actually very broad, but that the interim report was not— it probably should have been, but it was not an attempt to answer all of those broad questions that had been posed by the MPs, At that point we'd been asked to just produce a report, the interim report, on these narrow issues.",Day152
230,MPs,MPs,Organisation,"Yes, Mr. Beer, but I think the point that has been confusing everybody is that job one was actually very broad, but that the interim report was not— it probably should have been, but it was not an attempt to answer all of those broad questions that had been posed by the MPs, At that point we'd been asked to just produce a report, the interim report, on these narrow issues.",Day152
233,the Post Office,Post Office,Organisation,"I was about to ask, was it a request of the Post Office that led to the production of the interim report?",Day152
236,the Post Office,Post Office,Organisation,"Well, because it wasn't just the Post Office that was communicating that.",Day152
242,MPs,MPs,Organisation,"We would have continued to do the work that the MPs had asked us to do, which had been covered in my original proposal of work, which had never been other than acknowledged.",Day152
246,Post Office,Post Office,Organisation,The Post Office determined that that should be done through the mediation scheme?,Day152
251,Susan Crichton,Susan Crichton,Individual,"Well, I think it was— I mean, at that point Susan Crichton was still involved and still— there still seemed to be this a persuasive search for the truth, and it involved seeking applications from the entire network, and we wanted to get cases that could be efficiently, or even at all, investigated, and getting newer cases.",Day152
253,Horizon,Horizon,Technical System,"This conclusion at 8.2 on the right-hand side, our preliminary conclusions are, we have so far found no evidence of system-wide systemic problems with the Horizon software.",Day152
256,MPs,MPs,Organisation,"We had, I think, 29 cases from the MPs, 18 from the JFSA, that's 47 by my counting.",Day152
257,Ian,Ian,Individual,"So I think it was based on those, but of course we'd narrowed that down, we had to, because we investigating 49 cases right across the detail wasn't feasible, so that's where I think Ian came up with the good idea of spot— what we called spot reviews, just focus on events within a case and dig into those.",Day152
259,Spot Review,Spot Review,Organisation,"I think by that point we had about— we had 20-something spot reviews, but only 4 of them had really been bottomed out, and even then one of them was Spot Review 5, the Rudkin matter, which hadn't been bottomed out.",Day152
259,Rudkin,Rudkin,Individual,"I think by that point we had about— we had 20-something spot reviews, but only 4 of them had really been bottomed out, and even then one of them was Spot Review 5, the Rudkin matter, which hadn't been bottomed out.",Day152
266,Ian,Ian,Individual,"I think Ian mentioned earlier, it would have been probably better if we'd spelled out exactly what we meant by systemic.",Day152
268,the Post Office,Post Office,Organisation,"But with the benefit of hindsight, the Post Office pounced on it and, as Ian said, trumpeted it from the rooftops.",Day152
268,Ian,Ian,Individual,"But with the benefit of hindsight, the Post Office pounced on it and, as Ian said, trumpeted it from the rooftops.",Day152
269,Alan,Alan,Individual,And Alan had warned us that that would happen.,Day152
273,Alan,Alan,Individual,"Certainly he'd— Sir Alan, as we all know, pretty astute, and I think he was— he foresaw better than I did the danger of this.",Day152
274,Tim McCormack,Tim McCormack,Individual,"Can I look at something that you later said, a year and a half later, about this in a call that you had with Tim McCormack, just to explore what was meant here and what you thought this conclusion was meant to represent?",Day152
276,McCormack,McCormack,Individual,This is a recording or a transcript of a recording that I think you made with Mr McCormack on 26 October 2015.,Day152
285,Cameron Freeman,Cameron Freeman,Individual,"We have now— I've made it clear in emails to Cameron Freeman, the Minister herself— we are now of the view that not only did systemic bugs exist during the time of these cases arising, but that systemic bugs in all likelihood definitely still exist, and then you carry on.",Day152
296,Cameron,Cameron,Individual,"So Mr Cameron— Al Cameron was one of the few witnesses that's referred to the comparative impact, the materiality of events that in Post Office's world are immaterial, but in the individual cases are hugely material.",Day152
296,Al Cameron,Al Cameron,Individual,"So Mr Cameron— Al Cameron was one of the few witnesses that's referred to the comparative impact, the materiality of events that in Post Office's world are immaterial, but in the individual cases are hugely material.",Day152
296,Post Office's,Post Office,Organisation,"So Mr Cameron— Al Cameron was one of the few witnesses that's referred to the comparative impact, the materiality of events that in Post Office's world are immaterial, but in the individual cases are hugely material.",Day152
306,PowerPoint,PowerPoint,Organisation,You're here referring to a PowerPoint proposal that we've seen many times.,Day152
307,PowerPoint,PowerPoint,Organisation,"I'm not going to go into it, but you say, by reference to that PowerPoint proposal, I suggest that no reasonable person could possibly have failed to understand that the review envisaged in my proposal was intended to address the possibility of prosecutorial misconduct.",Day152
311,Horizon,Horizon,Technical System,"So stopping there, does that sentence reflect the fact that the MPs were not concerned with whether there were intricate or arcane coding problems in the Horizon system?",Day152
314,MPs,MPs,Organisation,"The one or two of the MPs expressed as the inquiry has already heard, a desire to sort of carry out some sort of deep code review, and we'd said it's going to be difficult to do that.",Day152
316,MPs,MPs,Organisation,"But the short answer to the question is that it was crystal clear that all of the MPs, their primary concern was that there had been prosecutorial misconduct.",Day152
319,Susan Crichton,Susan Crichton,Individual,"In 16, you say, I've subsequently learned on reading a 2-page email of 6 June 2012— you hadn't previously seen it— that Susan Crichton had summarised your PowerPoint for Paul Venells.",Day152
319,PowerPoint,PowerPoint,Organisation,"In 16, you say, I've subsequently learned on reading a 2-page email of 6 June 2012— you hadn't previously seen it— that Susan Crichton had summarised your PowerPoint for Paul Venells.",Day152
319,Paul Venells,Paul Venells,Individual,"In 16, you say, I've subsequently learned on reading a 2-page email of 6 June 2012— you hadn't previously seen it— that Susan Crichton had summarised your PowerPoint for Paul Venells.",Day152
320,PowerPoint,PowerPoint,Organisation,It's largely a cut and paste from your PowerPoint with relatively few changes.,Day152
321,Paul Venells,Paul Venells,Individual,"Having now read that email, I'm even more shocked than I was when as early as May 2013 and thereafter Paul Venells contended that Second Sight had never been invited to look for any evidence of unsafe prosecutions.",Day152
322,Paul Venells,Paul Venells,Individual,Was that something that was emphasised to you by Paul Venells?,Day152
323,Sight,Second Sight,Organisation,"that it wasn't part of Second Sight's brief, its terms of reference, to look for evidence of unsafe prosecutions?",Day152
324,Paula Vannells,Paula Vannells,Individual,"Well, it's a matter of huge regret, and not only myself but my colleagues at Second Sight, that we had far less face-to-face contact with Paula Vannells than I would ordinarily have expected as to have, and therefore we'd been shunted down to the second level of, as I say, I think they called themselves conduits, who were, as far as we were at first aware, were conveying to us what Paula wanted and didn't want.",Day152
324,Paula,Vennells,Individual,"Well, it's a matter of huge regret, and not only myself but my colleagues at Second Sight, that we had far less face-to-face contact with Paula Vannells than I would ordinarily have expected as to have, and therefore we'd been shunted down to the second level of, as I say, I think they called themselves conduits, who were, as far as we were at first aware, were conveying to us what Paula wanted and didn't want.",Day152
327,Paula,Vennells,Individual,"But we were getting messages from Paula and Paula's intentions and desires through the conduit of people like Ojard, Allin Lyons and others.",Day152
327,Ojard,Ojard,Individual,"But we were getting messages from Paula and Paula's intentions and desires through the conduit of people like Ojard, Allin Lyons and others.",Day152
327,Allin Lyons,Allin Lyons,Individual,"But we were getting messages from Paula and Paula's intentions and desires through the conduit of people like Ojard, Allin Lyons and others.",Day152
331,Paula Venles,Paula Venles,Individual,"It's from Paula Venles, one of her staff in fact is sending it.",Day152
332,Susan Crichton,Susan Crichton,Individual,"to Susan Crichton, copy to Alice Perkins and Alwen Lyons.",Day152
332,Alice Perkins,Alice Perkins,Individual,"to Susan Crichton, copy to Alice Perkins and Alwen Lyons.",Day152
332,Alwen Lyons,Alwen Lyons,Individual,"to Susan Crichton, copy to Alice Perkins and Alwen Lyons.",Day152
333,Ron Wilmington,Ron Wilmington,Individual,"I've just met Ron Wilmington and want to put on record that he would do an excellent job for us, exactly the right quality level of engagement, etc., we're looking for.",Day152
334,Ron,Ron,Individual,I've made it very clear to Ron that our primary objective of this exercise is to be transparent and to deal with whatever outcomes and conclusions he comes to.,Day152
340,PowerPoint,PowerPoint,Organisation,Did you receive any formal feedback on the PowerPoint proposal that you presented?,Day152
349,Ms Vennells,Vennells,Individual,"After the meeting with Ms Vennells, did you believe that what— did you believe what she meant, what she said, she meant what she said rather, namely what's recorded in this email, namely the Post Office's objective, primary objective was to be transparent and deal with whatever outcomes and conclusions Second Sight reaches?",Day152
349,the Post Office's,Post Office,Organisation,"After the meeting with Ms Vennells, did you believe that what— did you believe what she meant, what she said, she meant what she said rather, namely what's recorded in this email, namely the Post Office's objective, primary objective was to be transparent and deal with whatever outcomes and conclusions Second Sight reaches?",Day152
353,the Post Office,Post Office,Organisation,"Do you know why, did you know why the Post Office appointed Second Sight over other forensic accountants?",Day152
354,Ian,Ian,Individual,"As Ian said this morning, we were cheap.",Day152
356,Susan Crichton,Susan Crichton,Individual,"But I think the driving factor was that Susan Crichton, with whom I've never played tennis, incidentally, had held the view that I had form for pursuing evidence of innocence when people looked guilty, and very often finding that the innocent had been or would have otherwise been fired or worse for acts that they had not carried out themselves.",Day152
357,Citibank,Citibank,Organisation,Was that in Citibank or at GE Capital?,Day152
357,GE Capital,GE Capital,Organisation,Was that in Citibank or at GE Capital?,Day152
358,Citibank,Citibank,Organisation,Principally in Citibank.,Day152
359,GE Capital,GE Capital,Organisation,"My role at GE Capital was more sort of fraud management with an occasional investigation thrown in, whereas in Citibank it was pure investigations, often into the conduct of employees at all sorts of levels Right up to the top brass.",Day152
359,Citibank,Citibank,Organisation,"My role at GE Capital was more sort of fraud management with an occasional investigation thrown in, whereas in Citibank it was pure investigations, often into the conduct of employees at all sorts of levels Right up to the top brass.",Day152
362,Second Sight,Second Sight,Organisation,"You say, in due course, Second Sight was approved by all of the parties and a decision was made, which we later came deeply to regret, that although Second Sight's clients comprised the MPs and the JFSA as well, the contract would be between Second Sight and the Post Office, with no oversight by the MPs and only some mild oversight on behalf of the JFSA by Kay Lynell.",Day152
362,MPs,MPs,Organisation,"You say, in due course, Second Sight was approved by all of the parties and a decision was made, which we later came deeply to regret, that although Second Sight's clients comprised the MPs and the JFSA as well, the contract would be between Second Sight and the Post Office, with no oversight by the MPs and only some mild oversight on behalf of the JFSA by Kay Lynell.",Day152
362,the Post Office,Post Office,Organisation,"You say, in due course, Second Sight was approved by all of the parties and a decision was made, which we later came deeply to regret, that although Second Sight's clients comprised the MPs and the JFSA as well, the contract would be between Second Sight and the Post Office, with no oversight by the MPs and only some mild oversight on behalf of the JFSA by Kay Lynell.",Day152
362,Kay Lynell,Kay Lynell,Individual,"You say, in due course, Second Sight was approved by all of the parties and a decision was made, which we later came deeply to regret, that although Second Sight's clients comprised the MPs and the JFSA as well, the contract would be between Second Sight and the Post Office, with no oversight by the MPs and only some mild oversight on behalf of the JFSA by Kay Lynell.",Day152
363,Sight,Second Sight,Organisation,Why were you concerned when you learnt that Second Sight was to be contractually engaged only with Post Office rather than all of the interested persons?,Day152
363,Post Office,Post Office,Organisation,Why were you concerned when you learnt that Second Sight was to be contractually engaged only with Post Office rather than all of the interested persons?,Day152
364,Post Office,Post Office,Organisation,"Well, it was very clear from the outset that the subject the principal subject or subjects of the investigation were to be the postmasters, who may well have had their hands in the till, and Post Office, the 2 parties involved, and perhaps Fujitsu.",Day152
364,Fujitsu,Fujitsu,Organisation,"Well, it was very clear from the outset that the subject the principal subject or subjects of the investigation were to be the postmasters, who may well have had their hands in the till, and Post Office, the 2 parties involved, and perhaps Fujitsu.",Day152
365,Andrew Bridgen,Andrew Bridgen,Individual,"To have the subject, the principal subject of an investigation also be the paymaster is absurd, and it was Andrew Bridgen, as I say in paragraph 20, that was the most outspoken on that point, he spotted that problem right up front and was very angry about it.",Day152
367,Treasury,Treasury,Organisation,"The Treasury apparently said we haven't got any money and therefore Post Office is going to have to pay for it, but it was a daft decision.",Day152
367,Post Office,Post Office,Organisation,"The Treasury apparently said we haven't got any money and therefore Post Office is going to have to pay for it, but it was a daft decision.",Day152
368,Treasury,Treasury,Organisation,"Was that explored at the time, the Treasury being the paying client rather than the Post Office itself?",Day152
368,the Post Office,Post Office,Organisation,"Was that explored at the time, the Treasury being the paying client rather than the Post Office itself?",Day152
370,Oliver Letwin,Oliver Letwin,Individual,"I don't think that was— Oliver Letwin was representing the Treasury at that point and his view was it's out of the question, Post Office is going to have to pay for this, but they could have paid for it through a conduit of the Treasury.",Day152
370,Treasury,Treasury,Organisation,"I don't think that was— Oliver Letwin was representing the Treasury at that point and his view was it's out of the question, Post Office is going to have to pay for this, but they could have paid for it through a conduit of the Treasury.",Day152
370,Post Office,Post Office,Organisation,"I don't think that was— Oliver Letwin was representing the Treasury at that point and his view was it's out of the question, Post Office is going to have to pay for this, but they could have paid for it through a conduit of the Treasury.",Day152
374,Henderson,Ian Henderson,Individual,You say that you and Mr Henderson had no difficulty in coming up with suitable candidates?,Day152
380,Chris Hollyoake,Chris Hollyoake,Individual,Are those— were those 3 investigators— Chris Hollyoake?,Day152
388,Kim Evans,Kim Evans,Individual,Did Kim Evans join the investigation in about July 2014?,Day152
392,Niall Young,Niall Young,Organisation,"And lastly, Niall Young, did he join the investigation in about August 2014?",Day152
398,Ian,Ian,Individual,"No, I think the answer is no, because by then we knew how much had been invested in acquiring the knowledge of what had been going on, and we recognised that bringing anybody in, no matter how good they were as an investigator, would then divert attention from— by Ian and myself— onto bringing that person up the curve.",Day152
406,Horizon,Horizon,Technical System,"To deal with already reported Horizon-related events, is that a fair description?",Day152
409,ATM,ATM,Organisation,"Well, my experience as a corporate investigator meant that whenever broadly similar events occurred, whether it was ATM shortfalls or fraud by customers or whatever, the investigation team would draw those cases together and look for linkages and help— in order to help its investigators to get to grips with what systemically had gone wrong to allow that fraud or that event to occur.",Day152
413,Beer,Beer,Individual,"Well, quite frankly, Mr. Beer, it's hard to see how an investigation team could deliver an effective service to its employer without having that.",Day152
424,"The Grocer,","The Grocer,",Organisation,"news pieces, articles in The Grocer, Computer Weekly?",Day152
424,Computer Weekly,Computer Weekly,Organisation,"news pieces, articles in The Grocer, Computer Weekly?",Day152
426,The Sunday Times,The Sunday Times,Organisation,"Letters to The Sunday Times saying I have wrongly been gifted £2,500 worth of premium bonds, that kind of thing?",Day152
429,the Post Office,Post Office,Organisation,And would it also include matters that had come up through any form of help desk that the Post Office or Fujitsu operated?,Day152
429,Fujitsu,Fujitsu,Organisation,And would it also include matters that had come up through any form of help desk that the Post Office or Fujitsu operated?,Day152
435,the Post Office,Post Office,Organisation,"When you were instructed and in the absence of such a compendium of material, Were you in fact made aware that— by the Post Office— that there had been acquittals of subpostmasters in criminal trials, of subpostmasters who had alleged that Horizon was responsible for the shortfall of which they were accused of either stealing or falsely accounting?",Day152
435,Horizon,Horizon,Technical System,"When you were instructed and in the absence of such a compendium of material, Were you in fact made aware that— by the Post Office— that there had been acquittals of subpostmasters in criminal trials, of subpostmasters who had alleged that Horizon was responsible for the shortfall of which they were accused of either stealing or falsely accounting?",Day152
436,Nicola Arch,Nicola Arch,Organisation,"No. the names Nicola Arch, Maureen McKelvie, Susan Palmer mentioned to you?",Day152
436,Maureen McKelvie,Maureen McKelvie,Individual,"No. the names Nicola Arch, Maureen McKelvie, Susan Palmer mentioned to you?",Day152
436,Susan Palmer,Susan Palmer,Individual,"No. the names Nicola Arch, Maureen McKelvie, Susan Palmer mentioned to you?",Day152
438,Post Office,Post Office,Organisation,"Did the Post Office draw to your attention right at the beginning any suites of documents held by the Post Office concerning the functioning of or deficiencies in the Horizon system, including release notes documenting bug fixes?",Day152
438,Horizon,Horizon,Technical System,"Did the Post Office draw to your attention right at the beginning any suites of documents held by the Post Office concerning the functioning of or deficiencies in the Horizon system, including release notes documenting bug fixes?",Day152
442,the Post Office,Post Office,Organisation,"No. Did they, the Post Office, present you with documentation, and I include in that phrase memoranda, reports, emails, minutes of meetings, concerning bugs of which the Post Office was already aware, in particular the Calendar Square bug and the receipts and payments mismatch bug?",Day152
443,Simon Baker,Simon Baker,Individual,"No, first we heard of that was from Simon Baker in, I think, May 2013.",Day152
444,the Post Office,Post Office,Organisation,Did the Post Office provide you with Jason Coyne's report prepared for the purposes of the case involving Julie Walstenholme in 2004?,Day152
444,Jason Coyne's,Jason Coyne's,Individual,Did the Post Office provide you with Jason Coyne's report prepared for the purposes of the case involving Julie Walstenholme in 2004?,Day152
444,Julie Walstenholme,Julie Walstenholme,Individual,Did the Post Office provide you with Jason Coyne's report prepared for the purposes of the case involving Julie Walstenholme in 2004?,Day152
446,the Post Office,Post Office,Organisation,Did the Post Office provide you with the BDO Stoy Heywood report prepared for the purposes of the Lee Castleton case in 2006?,Day152
446,BDO Stoy Heywood,BDO Stoy Heywood,Organisation,Did the Post Office provide you with the BDO Stoy Heywood report prepared for the purposes of the Lee Castleton case in 2006?,Day152
446,Lee Castleton,Lee Castleton,Individual,Did the Post Office provide you with the BDO Stoy Heywood report prepared for the purposes of the Lee Castleton case in 2006?,Day152
447,the Post Office,Post Office,Organisation,"No. Did the Post Office provide you with any witness statements that had been prepared in past cases concerning the Post Office in criminal proceedings which set out categories of documents, including PinICL, peaks and kells, that may be relevant to your investigation?",Day152
449,the Post Office,Post Office,Organisation,And same question in relation to civil proceedings brought by or against the Post Office?,Day152
450,Lee Castleton,Lee Castleton,Individual,"No, first we heard of civil proceedings was the Lee Castleton case, which came up quite a bit later.",Day152
451,the Post Office,Post Office,Organisation,Did the Post Office provide you with any operational change proposal records which set out the existence of a facility for remote access and email correspondence in which the Post Office approved Fujitsu remotely inserting messages at a branch level?,Day152
451,Fujitsu,Fujitsu,Organisation,Did the Post Office provide you with any operational change proposal records which set out the existence of a facility for remote access and email correspondence in which the Post Office approved Fujitsu remotely inserting messages at a branch level?,Day152
452,Ian,Ian,Individual,"No, first we heard of that was Ian's discovery of the Gareth Jenkins document while he was sitting next to Susan Crichton and John Elsing.",Day152
452,Susan Crichton,Susan Crichton,Individual,"No, first we heard of that was Ian's discovery of the Gareth Jenkins document while he was sitting next to Susan Crichton and John Elsing.",Day152
452,John Elsing,John Elsing,Individual,"No, first we heard of that was Ian's discovery of the Gareth Jenkins document while he was sitting next to Susan Crichton and John Elsing.",Day152
453,Post Office,Post Office,Organisation,"Did you discuss with anyone within Post Office why haven't you got a general file, a compendium or a case management system?",Day152
454,Susan Crichton,Susan Crichton,Individual,"Absolutely, with Susan Crichton.",Day152
460,Susan,Susan Crichton,Individual,"Yes, I mean, I said literally, Susan, where's the general file on this that will help to give Ian and myself an efficient briefing on what has been going on?",Day152
460,Ian,Ian,Individual,"Yes, I mean, I said literally, Susan, where's the general file on this that will help to give Ian and myself an efficient briefing on what has been going on?",Day152
463,Susan,Susan Crichton,Individual,"But she was— I can't fault Susan, she just knew there wasn't anything there.",Day152
467,Henderson,Ian Henderson,Individual,Is this a document that you drafted or Mr Henderson?,Day152
470,Susan,Susan Crichton,Individual,"Well, Susan had said to me, as best I recall, and I recall these things pretty well, she said something along the lines of, I've been asked to take over the POID, the Post Office Investigation Department, John Scott's department.",Day152
470,the Post Office Investigation Department,the Post Office Investigation Department,Organisation,"Well, Susan had said to me, as best I recall, and I recall these things pretty well, she said something along the lines of, I've been asked to take over the POID, the Post Office Investigation Department, John Scott's department.",Day152
470,John Scott's,John Scott's,Individual,"Well, Susan had said to me, as best I recall, and I recall these things pretty well, she said something along the lines of, I've been asked to take over the POID, the Post Office Investigation Department, John Scott's department.",Day152
481,Susan,Susan Crichton,Individual,"It was just really almost a personal memo between between myself and Susan, with caveats as to its reliability.",Day152
486,Post Office's,Post Office,Organisation,What have we found about Post Office's investigation function in reviewing case files during the Horizon investigation.,Day152
486,Horizon,Horizon,Technical System,What have we found about Post Office's investigation function in reviewing case files during the Horizon investigation.,Day152
487,the Post Office's,Post Office,Organisation,"In reviewing the Post Office's documentation relating to the 29 MP-referred cases and the 20 cases referred by the JFSA, Second Sight has gained an insight into the workings of Post Office's investigation team.",Day152
487,Sight,Second Sight,Organisation,"In reviewing the Post Office's documentation relating to the 29 MP-referred cases and the 20 cases referred by the JFSA, Second Sight has gained an insight into the workings of Post Office's investigation team.",Day152
496,Post Office,Post Office,Organisation,We've also not researched the legal basis on which the Post Office conducts either investigations or prosecution.,Day152
498,Post Office,Post Office,Organisation,"One, Post Office investigators and investigations are overwhelmingly focused on obtaining an admission of false accounting from the interviewed subpostmaster.",Day152
501,Post Office,Post Office,Organisation,"2, Post Office investigators often appear to have paid scant attention to the interviewee's assertions of innocence or his or her reference to specific transaction anomalies, they seem to have shown little or no willingness to establish the underlying root cause of any given shortfall.",Day152
504,Post Office,Post Office,Organisation,"In either event, since Post Office doesn't need to show where the money's gone, investigators see no business benefit in trying to establish the underlying root causes of the loss.",Day152
521,Susan,Susan Crichton,Individual,"Susan, I think, was foisted off, I think she had to take over the department in the end, So— and it was just done as a kind of an aside, so I'm afraid I never did see the need to finalise it.",Day152
525,Amanda Peacock,Amanda Peacock,Organisation,This is an email of much later from Amanda Peacock of the CCRC.,Day152
527,Roderick Williams,Roderick Williams,Individual,"To Roderick Williams, you're not copied in, she says, I've managed to find a bit more information about the report that Ron apparently wrote.",Day152
527,Ron,Ron,Individual,"To Roderick Williams, you're not copied in, she says, I've managed to find a bit more information about the report that Ron apparently wrote.",Day152
529,Ron,Ron,Individual,"Ron tells me that, and then there is a quote attributed to you.",Day152
530,CCRC,CCRC,Organisation,"engage in email correspondence with the CCRC, or is that a quote from you saying something over the phone?",Day152
533,Susan Crichton,Susan Crichton,Individual,"So you are said to have said, I wrote the report on the investigations function in 2013 at the specific verbal request Susan Crichton.",Day152
537,Post Office's,Post Office,Organisation,"Who later shared with me her concerns about Post Office's Investigations Department, POID.",Day152
537,Investigations Department,Investigations Department,Organisation,"Who later shared with me her concerns about Post Office's Investigations Department, POID.",Day152
541,Ian Henderson,Ian Henderson,Individual,"Later, in the latter part of January '14, as I recall, my colleague Ian Henderson sent a copy of the report, still marked as draft as far as I can recall, to Chris O'Yard, who at that time was Post Office's General Counsel, copying Belinda Crowe at the Post Office.",Day152
541,Chris O'Yard,Chris O'Yard,Individual,"Later, in the latter part of January '14, as I recall, my colleague Ian Henderson sent a copy of the report, still marked as draft as far as I can recall, to Chris O'Yard, who at that time was Post Office's General Counsel, copying Belinda Crowe at the Post Office.",Day152
541,Post Office's,Post Office,Organisation,"Later, in the latter part of January '14, as I recall, my colleague Ian Henderson sent a copy of the report, still marked as draft as far as I can recall, to Chris O'Yard, who at that time was Post Office's General Counsel, copying Belinda Crowe at the Post Office.",Day152
541,General Counsel,General Counsel,Organisation,"Later, in the latter part of January '14, as I recall, my colleague Ian Henderson sent a copy of the report, still marked as draft as far as I can recall, to Chris O'Yard, who at that time was Post Office's General Counsel, copying Belinda Crowe at the Post Office.",Day152
541,Belinda Crowe,Belinda Crowe,Individual,"Later, in the latter part of January '14, as I recall, my colleague Ian Henderson sent a copy of the report, still marked as draft as far as I can recall, to Chris O'Yard, who at that time was Post Office's General Counsel, copying Belinda Crowe at the Post Office.",Day152
546,O'Yard,O'Yard,Individual,Mr. O'Yard had asked to see a copy of the report after existence was mentioned at a meeting of the mediation working group.,Day152
547,Post Office,Post Office,Organisation,Post Office ought to be able to locate a copy copy of that email to which the report was attached.,Day152
548,Ian,Ian,Individual,"As mentioned, it was sent by Ian to those 2 Post Office employees, copying also myself.",Day152
548,Post Office,Post Office,Organisation,"As mentioned, it was sent by Ian to those 2 Post Office employees, copying also myself.",Day152
549,O'Yard,O'Yard,Individual,"Is that accurate, that that's what you said, but also the underlying facts that Mr O'Yard had asked to see a copy of the report and it was sent over to him?",Day152
550,Ian,Ian,Individual,"Yes, I think it was Ian, Mr Henderson, that relayed to me that Mr Ojaard had asked him.",Day152
550,Ojaard,Ojaard,Individual,"Yes, I think it was Ian, Mr Henderson, that relayed to me that Mr Ojaard had asked him.",Day152
551,Ojaard,Ojaard,Individual,"So I don't think Mr Ojaard asked me, I think he asked Ian, but I'm a little bit hazy on that.",Day152
551,Ian,Ian,Individual,"So I don't think Mr Ojaard asked me, I think he asked Ian, but I'm a little bit hazy on that.",Day152
552,Ojaard,Ojaard,Individual,But I know the request came from Mr Ojaard and that's why an old copy of the thing was dusted off and produced.,Day152
557,Ian,Ian,Individual,"Ian and I being surprised that yet again a key document had not been handed over from one General Counsel to the next, and therefore it was obviously something that, although I'd produced it for Susan, I'd produced it for her in her capacity as the General Counsel and therefore he was entitled to see it.",Day152
557,General Counsel,General Counsel,Organisation,"Ian and I being surprised that yet again a key document had not been handed over from one General Counsel to the next, and therefore it was obviously something that, although I'd produced it for Susan, I'd produced it for her in her capacity as the General Counsel and therefore he was entitled to see it.",Day152
557,Susan,Susan Crichton,Individual,"Ian and I being surprised that yet again a key document had not been handed over from one General Counsel to the next, and therefore it was obviously something that, although I'd produced it for Susan, I'd produced it for her in her capacity as the General Counsel and therefore he was entitled to see it.",Day152
557,the General Counsel,the General Counsel,Organisation,"Ian and I being surprised that yet again a key document had not been handed over from one General Counsel to the next, and therefore it was obviously something that, although I'd produced it for Susan, I'd produced it for her in her capacity as the General Counsel and therefore he was entitled to see it.",Day152
573,Warmington,Ron Warmington,Individual,"Good afternoon, Mr. Warmington.",Day152
576,Ian Henderson,Ian Henderson,Individual,"Paragraph 46, which is in the bottom half of the page, you say that after discussions with Ian Henderson as to the seriousness of his findings of probable prosecutorial misconduct from his review of the small number of legal files to which he had been given unrestricted access— only 7, as you recall it— I decided to speak directly with Susan Creisham about that very important matter.",Day152
576,Susan Creisham,Susan Creisham,Individual,"Paragraph 46, which is in the bottom half of the page, you say that after discussions with Ian Henderson as to the seriousness of his findings of probable prosecutorial misconduct from his review of the small number of legal files to which he had been given unrestricted access— only 7, as you recall it— I decided to speak directly with Susan Creisham about that very important matter.",Day152
578,Sight,Second Sight,Organisation,"During a meeting with her, I said that whereas I was confident that Second Sight had the ability to assess the adequacy of evidence in cases of suspected fraud and financial theft, we were forensic accountants, not lawyers experienced in criminal prosecutions or defence, so it was essential that our findings be quickly, thoroughly, and independently independently either ratified or refuted by a competent barrister experienced in criminal cases.",Day152
579,Susan,Susan Crichton,Individual,"Susan, who like practically every other general counsel I'd ever met claimed no expertise herself in matters of criminal prosecution, said that she would take the matter to Cartwright King.",Day152
579,Cartwright King,Cartwright King,Individual,"Susan, who like practically every other general counsel I'd ever met claimed no expertise herself in matters of criminal prosecution, said that she would take the matter to Cartwright King.",Day152
582,Susan Crichton,Susan Crichton,Individual,And was it just you and Susan Crichton present?,Day152
583,Henderson,Ian Henderson,Individual,You drew to her attention matters of prosecutorial misconduct that your colleague Mr Henderson had uncovered in a small number of files to which he had had access?,Day152
586,Ian,Ian,Individual,"Yes, in every case, inattention to the underlying root causes of the shortfalls that were being pursued civilly or criminally, but also, as Ian has mentioned, the failure to disclose, as far as he could detect, because I was relying on his input on this and it was entirely credible to me, not disclosing exculpatory evidence, evidence of innocence if you like, or evidence that would undermine the prosecution or a civil case.",Day152
587,Ian,Ian,Individual,"And so this— I had and still have less experience than does Ian on matters of prosecutorial conduct, but it was pretty compelling to me, and so I thought that I needed to share those views with Susan.",Day152
587,Susan,Susan Crichton,Individual,"And so this— I had and still have less experience than does Ian on matters of prosecutorial conduct, but it was pretty compelling to me, and so I thought that I needed to share those views with Susan.",Day152
588,Susan Crichton,Susan Crichton,Individual,Did any of the 5 things that you were subsequently to mention in the first part of 2013 in that draft document that we looked at before the break form part of your briefing to Susan Crichton?,Day152
592,Henderson,Ian Henderson,Individual,"don't rely on us, we need to deal with this urgently and go and either rubbish what we've said or confirm it, and if, God forbid, an expert in criminal law says that Mr Henderson and I— more Mr Henderson is right, you're going to have to review a whole load more cases.",Day152
598,Beer,Beer,Individual,"I think it's what we were referring to earlier, Mr Beer.",Day152
604,Post Office,Post Office,Organisation,"Yes, but to be fair to Post Office, And to Mr Henderson, I had to consider the possibility that we were wrong.",Day152
604,Henderson,Ian Henderson,Individual,"Yes, but to be fair to Post Office, And to Mr Henderson, I had to consider the possibility that we were wrong.",Day152
605,Ian,Ian,Individual,"I didn't think we were, I don't think Ian was and he never has been, but we had to give the benefit of the doubt and say go off and get a second opinion on this, but not the second opinion that they eventually sought.",Day152
606,Susan Crichton,Susan Crichton,Individual,"Moving to that, you say at the foot of that paragraph, she said— Susan Crichton— she would take the matter to Cartwright King, and you tell us over the page that you laughed out loud at that simply preposterous suggestion, responding by saying that Cartwright King would be entirely unsuitable because they could never be viewed as independent and they would then be marking their own homework.",Day152
606,Cartwright King,Cartwright King,Individual,"Moving to that, you say at the foot of that paragraph, she said— Susan Crichton— she would take the matter to Cartwright King, and you tell us over the page that you laughed out loud at that simply preposterous suggestion, responding by saying that Cartwright King would be entirely unsuitable because they could never be viewed as independent and they would then be marking their own homework.",Day152
618,MPs,MPs,Organisation,Because the MPs had said that they were interested on behalf of their constituents in the cases that had gone to prosecution?,Day152
619,Arbuthnot,James Arbuthnot,Individual,"Oh, let's face it, Lord Arbuthnot was— he had, I think, 3 constituents, one of which was Jo, where this was central to the reason he was pushing for investigation be carried out.",Day152
619,Jo,Jo,Individual,"Oh, let's face it, Lord Arbuthnot was— he had, I think, 3 constituents, one of which was Jo, where this was central to the reason he was pushing for investigation be carried out.",Day152
621,Susan Crichton,Susan Crichton,Individual,"Did you find out what in fact happened at this time or shortly thereafter, namely in August or September 2012, whether or not your suggestion of referring this to a competent barrister experienced in criminal cases, or as Susan Crichton said she was going to do, refer it to Cartwright King, in fact happened?",Day152
621,Cartwright King,Cartwright King,Individual,"Did you find out what in fact happened at this time or shortly thereafter, namely in August or September 2012, whether or not your suggestion of referring this to a competent barrister experienced in criminal cases, or as Susan Crichton said she was going to do, refer it to Cartwright King, in fact happened?",Day152
623,Simon Clarke,Simon Clarke,Individual,"And is it your understanding that what actually happened was a result of your suggestion in August or September 2012, or was prompted by something entirely different, namely the Simon Clarke advice of July '13?",Day152
626,Clarke,Clarke,Organisation,"Whether the Clarke advice was sought because of what we'd raised, or just because they thought it was a good idea anyway, I don't know.",Day152
628,Cartwright King,Cartwright King,Individual,"That wasn't fed back, that wasn't a communication that you were a party to, i.e., the motivating cause for going off to Cartwright King?",Day152
631,kick Susan's,kick Susan's,Individual,"But I think that coincided with— I can't for the moment remember why, I'm afraid, why I didn't go back and kick Susan's door down on this.",Day152
635,Simon Baker,Simon Baker,Individual,Can we look at an exchange that I showed Mr Henderson this morning of May 2013 between you and Simon Baker?,Day152
639,Simon Baker,Simon Baker,Individual,"There's an email to you from Simon Baker of May 2013, so a couple of months before publication of the interim report.",Day152
641,Paula,Vennells,Individual,And it looks like it's in readiness for a meeting that you're to have with Paula,Day152
642,Baker,Baker,Individual,"And he, Mr Baker, says, just to ensure we're on the same page, Paula would like to say we've agreed at the following, the second slide, can you confirm you agree?",Day152
642,Paula,Vennells,Individual,"And he, Mr Baker, says, just to ensure we're on the same page, Paula would like to say we've agreed at the following, the second slide, can you confirm you agree?",Day152
643,Horizon,Horizon,Technical System,"And then 2, by using the 2 to 3 cases, you'll answer the question, have systemic defects in the Horizon system resulted in the wrongful conviction or suspension of subpostmasters?",Day152
645,Horizon,Horizon,Technical System,Defects in the Horizon system which are systemic and the conviction wrongfully of subpostmasters?,Day152
646,Ludicrous,Ludicrous,Individual,"It may well be combining 2 things, but I think it's very carefully crafted to be— to ask us to agree to something which is Ludicrous.",Day152
653,Henderson,Ian Henderson,Individual,"You had in the earlier August or September been told quite a lot by Mr Henderson about prosecutorial misconduct, and you had yourself told Susan Crichton about prosecutorial conduct.",Day152
653,Susan Crichton,Susan Crichton,Individual,"You had in the earlier August or September been told quite a lot by Mr Henderson about prosecutorial misconduct, and you had yourself told Susan Crichton about prosecutorial conduct.",Day152
662,Ian,Ian,Individual,Ian,Day152
667,Beer,Beer,Individual,"I wish now I'd actually sort of given them both barrels in terms of the suspicion that there was room for prosecutions, but I don't— I can't recall exactly why I worded it that way, I'm afraid, Mr. Beer.",Day152
670,the Post Office,Post Office,Organisation,We explained then that we didn't have the experience and we suggested a way forward for the Post Office.,Day152
674,the Post Office,Post Office,Organisation,"And again, I think you may have answered this already, do you think on reflection this episode, i.e., picking up probable misconduct of prosecutions as early as August and September 2012, raising that with the Post Office, suggesting a solution, them not taking it up seemingly, but then asking you to use a 2 or 3 case sample size to A, answer the question whether there are systemic defects, and B, to say that has not resulted in the wrongful conviction of any subpostmasters, is absurd, should have been included in the interim report.",Day152
675,Post Office,Post Office,Organisation,"Yes, we were somewhat inured to receiving absurd responses from Post Office already at that point.",Day152
678,Susan,Susan Crichton,Individual,"And I suppose— I'm not inventing this, but I think that at that point I still was naive enough to be thinking that my suggestion to Susan was underway and that there would be an educational input to us which would have said, Hang on, boys, thank you for alerting us to this, but you're completely wrong on that.",Day152
678,Hang,Hang,Individual,"And I suppose— I'm not inventing this, but I think that at that point I still was naive enough to be thinking that my suggestion to Susan was underway and that there would be an educational input to us which would have said, Hang on, boys, thank you for alerting us to this, but you're completely wrong on that.",Day152
679,Atkinson,Atkinson,Individual,"Here is the words of, you know, Mr Atkinson or whoever, somebody of that stature, that would have said, you're barking up the wrong tree, you two.",Day152
683,Ms Crichton's,Ms Crichton's,Organisation,You tell us in your witness statement that you need to correct something that you heard in Ms Crichton's evidence.,Day152
685,Jenkins,Gareth Jenkins,Individual,And the thing that you need to correct is she said that you were impressed by Mr Jenkins as an expert witness.,Day152
686,Henderson,Ian Henderson,Individual,"You say that to the best of your knowledge, neither you nor Mr Henderson said that you were impressed by Mr Jenkins as an expert witness, but instead impressed by him as a computer or systems expert; is that right?",Day152
686,Jenkins,Gareth Jenkins,Individual,"You say that to the best of your knowledge, neither you nor Mr Henderson said that you were impressed by Mr Jenkins as an expert witness, but instead impressed by him as a computer or systems expert; is that right?",Day152
688,Henderson,Ian Henderson,Individual,Was it you or Mr Henderson that said that to Susan Crichton?,Day152
688,Susan Crichton,Susan Crichton,Individual,Was it you or Mr Henderson that said that to Susan Crichton?,Day152
689,Henderson,Ian Henderson,Individual,"Probably both, but it would have come more credibly from Mr Henderson, who had more contact with Gareth Jenkins than I did.",Day152
695,Horizon,Horizon,Technical System,We did not think from what we had seen that he could have been aware of the duties that an expert witness would owe to the court and so was partisan in his views concerning Horizon.,Day152
696,Susan,Susan Crichton,Individual,"It's possible we failed to make that distinction clear to Susan, such as she misunderstood us on the that point.",Day152
697,Jenkins,Gareth Jenkins,Individual,"The first point is you say, we did not think from what we'd seen that Mr Jenkins could have been aware of the duties that an expert would owe to the court.",Day152
699,Prescient,Prescient,Organisation,I find it difficult to think that we could have been as Prescient.,Day152
701,Ian,Ian,Individual,"But having said that, Ian is and has served as an expert witness.",Day152
705,Horizon,Horizon,Technical System,"He was just an expert in the Horizon system, and Ian and I knew enough about it to say, how on earth could the courts accept that this person who, if you like, never— we didn't know at the time he never before acted as an expert witness, but he just didn't come across as an expert witness.",Day152
705,Ian,Ian,Individual,"He was just an expert in the Horizon system, and Ian and I knew enough about it to say, how on earth could the courts accept that this person who, if you like, never— we didn't know at the time he never before acted as an expert witness, but he just didn't come across as an expert witness.",Day152
708,Susan,Susan Crichton,Individual,"We weren't prescient, but I know that we would not have described him as— to Susan— as a very good expert witness.",Day152
716,the Court of Appeal,the Court of Appeal,Organisation,"Well, actually it was— it came out with a fanfare of trumpets, didn't it, at the Court of Appeal when the Clarke advice was first in the Hamilton versus—",Day152
716,Clarke,Clarke,Organisation,"Well, actually it was— it came out with a fanfare of trumpets, didn't it, at the Court of Appeal when the Clarke advice was first in the Hamilton versus—",Day152
716,Hamilton,Hamilton,Individual,"Well, actually it was— it came out with a fanfare of trumpets, didn't it, at the Court of Appeal when the Clarke advice was first in the Hamilton versus—",Day152
719,Henderson,Ian Henderson,Individual,"I had not seen it, neither, as far as I'm aware, had Mr Henderson seen it before that date.",Day152
720,the Post Office,Post Office,Organisation,Had you been made aware by the Post Office that— of the substance of the conclusions reached in relation to Mr Jenkins?,Day152
722,Post Office,Post Office,Organisation,"There's evidence that the inquiry has that in autumn 2013, specifically September, the Post Office lawyers knew that there was at least a serious issue as to whether it, the Post Office, had properly instructed Mr Jenkins as to his expert duties.",Day152
722,Mr Jenkins,Mr Jenkins,Individual,"There's evidence that the inquiry has that in autumn 2013, specifically September, the Post Office lawyers knew that there was at least a serious issue as to whether it, the Post Office, had properly instructed Mr Jenkins as to his expert duties.",Day152
723,Post Office,Post Office,Organisation,Did anyone reveal— within the Post Office ever reveal that to you?,Day152
726,Lee Carstleton,Lee Carstleton,Individual,"I think the first I knew of that, to be precise, would have been when I looked at the Seema Misra, Lee Carstleton and other cases where he had submitted written witness statements, and I think only in one case did Did he give— did he follow that up with oral evidence?",Day152
727,Post Office,Post Office,Organisation,"Had the Post Office confirmed to you that it had relied on Mr Jenkins as an expert witness in a series of criminal cases, I think 15 in total, but that it had not instructed him as an expert witness properly or had failed to explain the duties owed by an expert, would that have added to your concerns about the conduct of criminal prosecutions by Post Office?",Day152
730,Post Office,Post Office,Organisation,Would it have made you question still further the competency and ethics of the Post Office prosecutors?,Day152
732,the Post Office,Post Office,Organisation,"If you had had revealed to you the substance of the Simon Clarke advice of the 15th of July 2013, would that— what effect would have that had upon you as to the propriety of certain criminal proceedings conducted by the Post Office?",Day152
734,Seema Misra,Seema Misra,Individual,You said that one of the cases you were considering was Seema Misra.,Day152
736,Seema Misra,Seema Misra,Individual,Did you read a Seema Misra file?,Day152
737,Ian,Ian,Individual,I think Ian had looked at the file.,Day152
739,Ian,Ian,Individual,So I came to that stuff after Ian had already looked at the paper documents.,Day152
740,Seema Misra,Seema Misra,Individual,"And to the best of your memory, the, the Seema Misra file, was that the disclosed documents, i.e., the documents that would have been disclosed to the defence, or was it the prosecution case file?",Day152
744,Ian,Ian,Individual,That would be more the sort of work that Ian was doing.,Day152
752,Paula Venles,Paula Venles,Individual,"But more particularly, you say, I wish I had demanded rather than asked more frequently to see Paula Venles, but also when I was doubting whether the truth was penetrating through to her and the I should have demanded to address the Post Office's full board.",Day152
752,the Post Office's,Post Office,Organisation,"But more particularly, you say, I wish I had demanded rather than asked more frequently to see Paula Venles, but also when I was doubting whether the truth was penetrating through to her and the I should have demanded to address the Post Office's full board.",Day152
754,Parker,Parker,Individual,"No, other than, as has been mentioned earlier today, the post-firing December 2015 invitation to speak to Mr. Parker.",Day152
759,the Post Office's,Post Office,Organisation,"You say in C that you wish you had flatly refused to communicate with the Post Office's CEO and its board through the conduit of Chris Oyarb, Belinda Crowe, Patrick Baulk and Angela Vanden Bogart.",Day152
759,Chris Oyarb,Chris Oyarb,Individual,"You say in C that you wish you had flatly refused to communicate with the Post Office's CEO and its board through the conduit of Chris Oyarb, Belinda Crowe, Patrick Baulk and Angela Vanden Bogart.",Day152
759,Belinda Crowe,Belinda Crowe,Individual,"You say in C that you wish you had flatly refused to communicate with the Post Office's CEO and its board through the conduit of Chris Oyarb, Belinda Crowe, Patrick Baulk and Angela Vanden Bogart.",Day152
759,Patrick Baulk,Patrick Baulk,Individual,"You say in C that you wish you had flatly refused to communicate with the Post Office's CEO and its board through the conduit of Chris Oyarb, Belinda Crowe, Patrick Baulk and Angela Vanden Bogart.",Day152
759,Angela Vanden Bogart,Angela Vanden Bogart,Individual,"You say in C that you wish you had flatly refused to communicate with the Post Office's CEO and its board through the conduit of Chris Oyarb, Belinda Crowe, Patrick Baulk and Angela Vanden Bogart.",Day152
762,Roderick Williams,Roderick Williams,Individual,"I think Roderick Williams was in, was in that sort of central team, but those are the main ones.",Day152
763,Chris Ojard,Chris Ojard,Individual,"And of course later, after Chris Ojard left, Jane McLeod.",Day152
763,Jane McLeod,Jane McLeod,Individual,"And of course later, after Chris Ojard left, Jane McLeod.",Day152
767,Baird,Baird,Individual,"And to forgive the language, or not as you see fit, Mr. Baird, but I felt that I was— I, if you like, accepted that I should be talking to the monkeys instead of the organ grinder.",Day152
768,Wynne,Wynne,Individual,"And I felt— I now, with retrospect, with hindsight, I feel ashamed that I allowed myself to You tell us in paragraph 108, in answer to the question, any other matters that you wish to bring to Sir Wynne's attention, if you had to select one document, it would be an email that you sent on 3 March 2015, which in fact I looked at with Mr Henderson this morning.",Day152
768,Henderson,Ian Henderson,Individual,"And I felt— I now, with retrospect, with hindsight, I feel ashamed that I allowed myself to You tell us in paragraph 108, in answer to the question, any other matters that you wish to bring to Sir Wynne's attention, if you had to select one document, it would be an email that you sent on 3 March 2015, which in fact I looked at with Mr Henderson this morning.",Day152
773,Alan Jones,Alan Jones,Individual,"This is in relation to the case of Case MO18, Alan Jones.",Day152
785,Jones,Jones,Individual,"Is what you said to Mr Jones there an accurate view of your engagement with the Post Office, or does it contain hyperbole because you were speaking to a subpostmaster?",Day152
785,the Post Office,Post Office,Organisation,"Is what you said to Mr Jones there an accurate view of your engagement with the Post Office, or does it contain hyperbole because you were speaking to a subpostmaster?",Day152
788,Warmington,Ron Warmington,Individual,"Mr. Warmington, thank you.",Day152
793,Steele,Steele,Individual,I think it's Mr Steele.,Day152
794,Jones,Jones,Individual,"For all the questions that are asked, the date of that conversation with Mr Jones, can you give me any idea of the year we're talking about?",Day152
805,Post Office,Post Office,Organisation,It wasn't one of the sort of covertly recorded calls that I felt pressed to make later on in the— when dealing with Post Office management.,Day152
812,Normington,Normington,Individual,"Anyway, I, I simply wanted to be clear in my mind that it was a conversation while, uh, Mr. Normington was still, um, investigating, so to speak?",Day152
815,Steen,Steen,Individual,I think Mr. Steen.,Day152
816,Warmington,Ron Warmington,Individual,"Mr. Warmington, a few areas to just deal with briefly, or 3 I think to deal with briefly and one slightly more lengthy about suspense accounts, okay?",Day152
818,Beer,Beer,Individual,You've answered some questions from Mr Beer regarding the possibility of the Post Office keeping a general file.,Day152
818,Post Office,Post Office,Organisation,You've answered some questions from Mr Beer regarding the possibility of the Post Office keeping a general file.,Day152
819,Ms Crichton,Ms Crichton,Individual,Did you find out from Ms Crichton whether there was anything similar to a general file that might have been kept by Fujitsu?,Day152
819,Fujitsu,Fujitsu,Organisation,Did you find out from Ms Crichton whether there was anything similar to a general file that might have been kept by Fujitsu?,Day152
822,NDA,NDA,Organisation,"Moving then on to just a couple of other small areas, there was an NDA, non-disclosure agreement, that was signed by Second Sight.",Day152
822,Second Sight,Second Sight,Organisation,"Moving then on to just a couple of other small areas, there was an NDA, non-disclosure agreement, that was signed by Second Sight.",Day152
824,Henderson,Ian Henderson,Individual,"We've heard today the evidence of Mr Henderson about how he viewed the fact that he wished there had been an agreement, essentially a whistleblowing agreement, part of the contract.",Day152
825,Henderson,Ian Henderson,Individual,"I note that you refer in your first statement at paragraph 102 to the fact that both you and Mr Henderson, you offered your assistance to Freeths to provide assistance and support for subpostmasters, presumably in the GLO process; is that right?",Day152
825,Freeths,Freeths,Individual,"I note that you refer in your first statement at paragraph 102 to the fact that both you and Mr Henderson, you offered your assistance to Freeths to provide assistance and support for subpostmasters, presumably in the GLO process; is that right?",Day152
825,GLO,GLO,Organisation,"I note that you refer in your first statement at paragraph 102 to the fact that both you and Mr Henderson, you offered your assistance to Freeths to provide assistance and support for subpostmasters, presumably in the GLO process; is that right?",Day152
828,Patrick Green,Patrick Green,Individual,"Yes, with the exception of 2 meetings, one with Patrick Green very briefly, when we were essentially told there's not much you can tell us, or that, you know, I don't want you to tell us very much, we'll find things out ourselves, and more importantly, I think, with— in a much longer meeting with Jason Coyne and Dr. Warden, when we were helping them to arrive at their witness statement.",Day152
828,Jason Coyne,Jason Coyne,Individual,"Yes, with the exception of 2 meetings, one with Patrick Green very briefly, when we were essentially told there's not much you can tell us, or that, you know, I don't want you to tell us very much, we'll find things out ourselves, and more importantly, I think, with— in a much longer meeting with Jason Coyne and Dr. Warden, when we were helping them to arrive at their witness statement.",Day152
828,Warden,Warden,Individual,"Yes, with the exception of 2 meetings, one with Patrick Green very briefly, when we were essentially told there's not much you can tell us, or that, you know, I don't want you to tell us very much, we'll find things out ourselves, and more importantly, I think, with— in a much longer meeting with Jason Coyne and Dr. Warden, when we were helping them to arrive at their witness statement.",Day152
832,NDA,NDA,Organisation,"If you hadn't had the restriction of the NDA, do you feel that that would have enabled you and Mr Henderson to come forward with more information at perhaps an earlier stage?",Day152
834,NDA,NDA,Organisation,"And learning lessons for the future in relation to anyone else that engages in work with a corporation such as Pole or any other company, do you think there should be a different way of handling those questions, an NDA that allows for an perception in relation to whistleblowing.",Day152
836,Dean,Dean,Individual,"Thank you, Mr. Dean.",Day152
838,NDA,NDA,Organisation,"To try and patch the situation by having an escape clause in the NDA circumvents the— or ignores the original problem, which we've referred to, if you make the investigator a vassal of the subject of the investigation, nobody should be surprised that there's tears before bedtime.",Day152
841,Henderson,Ian Henderson,Individual,"If it hadn't been for the courage of Mr Henderson and maybe my, you know, not telling my wife what all the risks were, I would have pulled stumps on the whole thing.",Day152
842,Kay Linnell,Kay Linnell,Individual,"Talking of courage and dedication, Kay Linnell was someone who has provided over now many, many years superb support to Sir Alan.",Day152
842,Alan,Alan,Individual,"Talking of courage and dedication, Kay Linnell was someone who has provided over now many, many years superb support to Sir Alan.",Day152
844,Kay,Kay Lynell,Individual,I hold Kay in the very highest regard.,Day152
848,Mrs Jeremiah,Mrs Jeremiah,Individual,"And over the many years, she's also provided, with her business partner, Mrs Jeremiah, hours and hours, days, weeks, months of support annually to subpostmasters with their business affairs so badly affected by the Post Office.",Day152
848,the Post Office,Post Office,Organisation,"And over the many years, she's also provided, with her business partner, Mrs Jeremiah, hours and hours, days, weeks, months of support annually to subpostmasters with their business affairs so badly affected by the Post Office.",Day152
850,Horizon,Horizon,Technical System,"I not only agree, but I think she's one of the few people that hasn't been sitting in the dining car of the Horizon gravy train.",Day152
864,Second Sight,Second Sight,Organisation,"Now, here you make the point that you've heard the inquiry many times seeking clarification in respect of concerns that were first expressed by Second Sight and repeated by others.",Day152
865,Anthony Hooper,Anthony Hooper,Individual,"So obviously we know that this was dealt with in relation to the working group, Anthony Hooper was raising this, this was a matter of clear discussion, is that correct?",Day152
867,Ms Harding,Ms Harding,Individual,"Now paragraph 5, you set out there, and I'm just going to ask you to explain please what you're saying here, paragraph 5 you describe the different types of suspense accounts, the first one was affected by the essentially the closure off of the original suspense accounts by the impact programme that the inquiry heard from, I think if I remember right, from Ms Harding, who described her work in relation to that.",Day152
869,Horizon,Horizon,Technical System,"Well, they were simply accounts within Horizon itself at branch level which allowed shortfalls, or also theoretically surpluses, to be parked while the subpostmaster and his or her staff was investigating to find the root cause.",Day152
870,Post Office,Post Office,Organisation,"They— because the balances that had been posted by the subpostmasters, those accounts started to clock up quite seriously and cause concern in Post Office itself, the fantastic solution that was evolved to do that was to just removed the functionality.",Day152
886,TC,TC,Individual,"An incoming TC, a credit TC in that case, will sort out your problem, but never the promise as to how long it would take for that to zero out the amount that was in the suspense account.",Day152
888,Horizon,Horizon,Technical System,"Do you recognise that there was a very real issue for subpostmasters trying to, in fact, find what's gone wrong, see if they can look at the material that they had, with huge limitations of access into the Horizon system?",Day152
889,Alan,Alan,Individual,"Well, that was the very point, of course, that Sir Alan himself raised first.",Day152
896,Anthony Hooper,Anthony Hooper,Individual,"Right, well now we're talking, of course, there's a lot been said about this, so I'll be very brief, unless you want me to be otherwise, and that is that When I first— in fact, it was Sir Anthony Hooper that said— asked the question under the umbrella heading of, where the devil did the money go?",Day152
906,Royal Mail,Royal Mail,Organisation,"And eventually we explained that wherever there is a difference between what one of your clients, like Royal Mail or National Savings Investments or Camelot or whatever, says is due to or from them, if that is different from what your own books in Post Office shows is due from or to them, there will be entries in both parties' suspense accounts, and those would expect, as Mr Henderson has mentioned, ordinary businesses would expect to clear those very quickly indeed, otherwise they get out of hand.",Day152
906,National Savings Investments,National Savings Investments,Organisation,"And eventually we explained that wherever there is a difference between what one of your clients, like Royal Mail or National Savings Investments or Camelot or whatever, says is due to or from them, if that is different from what your own books in Post Office shows is due from or to them, there will be entries in both parties' suspense accounts, and those would expect, as Mr Henderson has mentioned, ordinary businesses would expect to clear those very quickly indeed, otherwise they get out of hand.",Day152
906,Post Office,Post Office,Organisation,"And eventually we explained that wherever there is a difference between what one of your clients, like Royal Mail or National Savings Investments or Camelot or whatever, says is due to or from them, if that is different from what your own books in Post Office shows is due from or to them, there will be entries in both parties' suspense accounts, and those would expect, as Mr Henderson has mentioned, ordinary businesses would expect to clear those very quickly indeed, otherwise they get out of hand.",Day152
906,Henderson,Ian Henderson,Individual,"And eventually we explained that wherever there is a difference between what one of your clients, like Royal Mail or National Savings Investments or Camelot or whatever, says is due to or from them, if that is different from what your own books in Post Office shows is due from or to them, there will be entries in both parties' suspense accounts, and those would expect, as Mr Henderson has mentioned, ordinary businesses would expect to clear those very quickly indeed, otherwise they get out of hand.",Day152
908,Citibank,Citibank,Organisation,"Well, in Citibank, they had to be cleared by 7:30 the following morning, and you'd expect them to be, because if Citibank does a $500 million foreign exchange deal with Bank of America and one processes it at $500 million, the other at $50 million, you'd better get to the bottom of that damn quick.",Day152
908,Bank of America,Bank of America,Organisation,"Well, in Citibank, they had to be cleared by 7:30 the following morning, and you'd expect them to be, because if Citibank does a $500 million foreign exchange deal with Bank of America and one processes it at $500 million, the other at $50 million, you'd better get to the bottom of that damn quick.",Day152
909,the Post Office,Post Office,Organisation,"Does it make any difference that the Post Office is dealing with, say, 11,000 and the size of the system in operation.",Day152
910,PDQ,PDQ,Organisation,Does that have any relationship to the getting it done PDQ?,Day152
916,Steen,Steen,Individual,"If I was auditing it, Mr. Steen, I would be fairly forgiving if it was taking a month or or maybe even 2 to clear some of those items.",Day152
920,Post Office,Post Office,Organisation,"What's— and of course, Post Office dined out on this sort of phraseology that contextually, the size and frequency of occurrence of these tiny little amounts was so small and so insignificant in their books as to be immaterial.",Day152
927,Lloyds Bank,Lloyds Bank,Organisation,"So if we look at something the size of, say, Lloyds Bank, I use as an example, what may relate to a banking business in relation to materiality concerning its turnover and operations, £10,000 may not be material.",Day152
932,Steen,Steen,Individual,"The only thing I'd add to that, Mr. Steen, is that if we're dealing with— there was a sort of uniqueness about the Post Office business model where the coalface workers, the agents, the subpostmasters were separate businesses.",Day152
932,Post Office,Post Office,Organisation,"The only thing I'd add to that, Mr. Steen, is that if we're dealing with— there was a sort of uniqueness about the Post Office business model where the coalface workers, the agents, the subpostmasters were separate businesses.",Day152
937,ATM,ATM,Organisation,"If a shortfall, whether ATM-related or else, occurs in a bank branch of Lloyds Bank and it's £12,000, it's immaterial in their books, and it's actually immaterial in the branch's books because nobody's being expected to pay it out of their own pocket.",Day152
937,Lloyds Bank,Lloyds Bank,Organisation,"If a shortfall, whether ATM-related or else, occurs in a bank branch of Lloyds Bank and it's £12,000, it's immaterial in their books, and it's actually immaterial in the branch's books because nobody's being expected to pay it out of their own pocket.",Day152
938,Post Office's,Post Office,Organisation,So the materiality issue is different in Post Office's case because of the uniqueness of the business model.,Day152
940,the Post Office,Post Office,Organisation,And should that have been considered by the accountants as being a different way to look at materiality within the Post Office?,Day152
945,Paul,Paul,Individual,"So it follows that any amounts— any amount that remains sitting as a component of the balances in any of Paul's client suspense accounts will always in truth properly be owned by, and therefore properly refundable to, only one of 4 potential owners, and those 4 are— Yes. —POL itself, POL's customers, one of POL's clients, or a subpostmaster.",Day152
945,POL,POL,Organisation,"So it follows that any amounts— any amount that remains sitting as a component of the balances in any of Paul's client suspense accounts will always in truth properly be owned by, and therefore properly refundable to, only one of 4 potential owners, and those 4 are— Yes. —POL itself, POL's customers, one of POL's clients, or a subpostmaster.",Day152
946,POL,POL,Organisation,"And then at paragraph 12, you then set out that you and your colleagues formed a hypothesis that you wished to test and hopefully disprove, that some of the unreconciled net credits that POL had every year after 3 years credited to its own profit and loss account might have included amounts that had Pole been able to establish to whom they truly belonged, ought to have been returned to subpostmasters, mistresses and the branches.",Day152
950,KPMG,KPMG,Organisation,"And the last figures that we had related to 2010/2011, and I believe later there was perhaps a KPMG report that looked into later years and the figures went up even further.",Day152
954,Royal Mail,Royal Mail,Organisation,"Similarly, we weren't concerned if Royal Mail or Camelot or National Savings Investments had been shortchanged in some way.",Day152
954,National Savings Investments,National Savings Investments,Organisation,"Similarly, we weren't concerned if Royal Mail or Camelot or National Savings Investments had been shortchanged in some way.",Day152
956,Post Office,Post Office,Organisation,"And we weren't worried if Post Office had trousered, as it were, amounts that it should have trousered.",Day152
961,Horizon,Horizon,Technical System,"In other words, to the date of your evidence given before— being given now before this inquiry, have you had a resolution to these issues in relation to the suspense accounts, what's happened to the money paid into balance shortfalls that may have been due to a Horizon system error?",Day152
965,KPMG,KPMG,Organisation,"The slightly longer answer is I have read in material that has been supplied to me by the inquiry reports by KPMG and others that took place as late as 2020, that seemingly gives some reassurance that everything currently is okay.",Day152
966,Post Office's,Post Office,Organisation,"What they didn't do was go back and pick up the specific items that we drew to Post Office's attention that had come to the surface out of the 136 cases that we looked at, where specific examples of subpostmasters not being reimbursed with amounts that they'd had to cough out in relation to one-sided entries and so on, the specific cases that we brought to the attention of the Chief Financial Officer were not, as far as I can see, ever even looked at.",Day152
969,Warmington,Ron Warmington,Individual,"Thank you, Mr. Warmington.",Day152
974,KPMG,KPMG,Organisation,"Picking up on the last point that you've just been asked about, I actually would like to take you to that KPMG report, so we'll bring up poll 0003-0909, please.",Day152
975,Steen,Steen,Individual,Is this the document that you were referring to when you were asking Mr. Steen— answering Mr. Steen's questions?,Day152
992,Ian,Ian,Individual,"I got the sense that they weren't let off the leash, and because I mentioned in my second witness statement that the obvious lines of inquiry that Ian and I would have pursued, along with our fellow investigators, just didn't appear here.",Day152
993,Post Office,Post Office,Organisation,"They didn't even mention those sort of things, which was to look at the history of what had been cleared and find out where what Post Office had learned about who really did have to be repaid when they actually bothered to or actually found out who the true owners of items in suspense were.",Day152
1003,KPMG,KPMG,Organisation,KPMG does not provide any assurance on the appropriateness or accuracy of sources of information relied upon.,Day152
1005,KPMG,KPMG,Organisation,And KPMG does not accept any responsibility for the underlying data used in this report.,Day152
1009,KPMG,KPMG,Organisation,But I hesitate to criticise a fine firm like KPMG.,Day152
1017,the Post Office,Post Office,Organisation,"If it turns out, if it can ever be found out, that the Post Office was absorbing sums into their profit and loss which rightfully should have been returned to subpostmasters, who within Post this would or should have known that that was happening?",Day152
1017,Post,Post,Organisation,"If it turns out, if it can ever be found out, that the Post Office was absorbing sums into their profit and loss which rightfully should have been returned to subpostmasters, who within Post this would or should have known that that was happening?",Day152
1019,Cameron,Cameron,Individual,"Well, it would be the Chief Financial Officer, Mr Cameron.",Day152
1021,Mr Ismay,Mr Ismay,Individual,"And Mr Ismay, who was the functionary in Chesterfield whose department handled this stuff, and he was in the meeting between myself and Mr Henderson and Mr Cameron just about 2 weeks before we were chopped.",Day152
1021,Henderson,Ian Henderson,Individual,"And Mr Ismay, who was the functionary in Chesterfield whose department handled this stuff, and he was in the meeting between myself and Mr Henderson and Mr Cameron just about 2 weeks before we were chopped.",Day152
1021,Cameron,Cameron,Individual,"And Mr Ismay, who was the functionary in Chesterfield whose department handled this stuff, and he was in the meeting between myself and Mr Henderson and Mr Cameron just about 2 weeks before we were chopped.",Day152
1022,Cameron,Cameron,Individual,And do you think that there's any directors on the board apart from Mr Cameron who would or should have known about this?,Day152
1024,Horizon,Horizon,Technical System,"Can I then also just ask you This about your investigations, did you find that Horizon conducted true double-entry bookkeeping?",Day152
1026,Horizon,Horizon,Technical System,"I harbour a suspicion, and I've mentioned it I think in my second witness statement, that the assertion that Horizon is a double-entry bookkeeping system is not safe.",Day152
1028,Joe,Joe,Individual,"If you sell £100 worth of stamps, Joe, for cash, the double entry is simple.",Day152
1032,Joe,Joe,Individual,"But if you're— if you're As in Joe's case, if you have a £2,000 shortfall that in a moment in time becomes a £4,000 shortfall, that extra £2,000 has got to come from somewhere and go to somewhere.",Day152
1035,Joe,Joe,Individual,"And when Joe pressed that button and the and her shortfall doubled, and she's not the only person that asserted that.",Day152
1036,Jo,Jo,Individual,"If that truly happened, then the system invented a one-sided entry, and what it effectively did was said to Jo, you need to have £2,000 more in the till or in the safe than you've actually got.",Day152
1039,Ford,Ford,Organisation,"I'd also raise the points about entries that were processed by other bolted-on front-end systems, like the Ford money changer.",Day152
1041,Post Office,Post Office,Organisation,"So obviously we've got the electronic point-of-sale system which managed Post Office products, like stamps and so forth, but then we've got these bolt-ons that Fed figures into Horizon, whether it be from Bank of Ireland cash points, lottery terminals, and I think you mentioned foreign exchange.",Day152
1041,Fed,Fed,Organisation,"So obviously we've got the electronic point-of-sale system which managed Post Office products, like stamps and so forth, but then we've got these bolt-ons that Fed figures into Horizon, whether it be from Bank of Ireland cash points, lottery terminals, and I think you mentioned foreign exchange.",Day152
1041,Horizon,Horizon,Technical System,"So obviously we've got the electronic point-of-sale system which managed Post Office products, like stamps and so forth, but then we've got these bolt-ons that Fed figures into Horizon, whether it be from Bank of Ireland cash points, lottery terminals, and I think you mentioned foreign exchange.",Day152
1041,Bank of Ireland,Bank of Ireland,Organisation,"So obviously we've got the electronic point-of-sale system which managed Post Office products, like stamps and so forth, but then we've got these bolt-ons that Fed figures into Horizon, whether it be from Bank of Ireland cash points, lottery terminals, and I think you mentioned foreign exchange.",Day152
1047,Post Office,Post Office,Organisation,"Well, yes, in theory, but I mean, the issue on, for example, foreign exchange transactions is when I asked Post Office for a copy of the Forward Money Changer user manual to be able to work out how the accounting was was working, they said they hadn't got one.",Day152
1047,the Forward Money Changer,the Forward Money Changer,Organisation,"Well, yes, in theory, but I mean, the issue on, for example, foreign exchange transactions is when I asked Post Office for a copy of the Forward Money Changer user manual to be able to work out how the accounting was was working, they said they hadn't got one.",Day152
1048,Post Office,Post Office,Organisation,"I had to reverse engineer the foreign exchange accounting from the 2,500 pages of documents supplied to me by one of the subpostmaster's professional advisers, as opposed to the 3 documents that Post Office supplied in that case.",Day152
1050,Thank,Thank,Individual,"Those are my questions, Mr. Thank you, sir.",Day152
1052,Warmington,Ron Warmington,Individual,"Mr. Warmington, I think I should ask you a few questions along the following lines, so please bear with me.",Day152
1053,Ms Perkins,Ms Perkins,Individual,"Some of the senior executives, and I believe Ms Perkins in particular as Chair, were asked the question, or the suggestion was put to them, I think is a better way of putting it, that the mediation scheme was a scam.",Day152
1053,Chair,Chair,Organisation,"Some of the senior executives, and I believe Ms Perkins in particular as Chair, were asked the question, or the suggestion was put to them, I think is a better way of putting it, that the mediation scheme was a scam.",Day152
1058,the Post Office,Post Office,Organisation,"First of all, is it right that the idea of the scheme came from the Post Office?",Day152
1059,Susan Crichton,Susan Crichton,Individual,"Yes, yes, I think from Susan Crichton, my understanding.",Day152
1060,Post Office,Post Office,Organisation,"Right, and contemporaneously with your operation of the scheme, I.e., at the time, did you gain any, um, or did you have any idea about whether or not you were engaged in a scheme which was being operated by all concerned in good faith, or whether Post Office were engaged in a scam?",Day152
1066,Alan Bates,Alan Bates,Individual,"Um, I think it was, it was Sir Alan Bates that twigged that in the vernacular, um, and realized that it was a scam, a sham, um, well before I did.",Day152
1074,Post Office,Post Office,Organisation,"And when we realised, as soon as we realised the POIRs were taking an awful long time to get to us and that when they arrived none of them gave an inch in regard to any improper conduct or poor behaviour or mistakes made by Post Office itself, we sort of twigged, we realised that this was going through a filtering process that was filtering out any, uh, any, any, um, admission by Post Office.",Day152
1079,Susan,Susan Crichton,Individual,"On the departure of Susan, It took a marked turn for the worse.",Day152
1082,Post Office,Post Office,Organisation,"One was the expectation gap, as it's called, namely that on the one side, subpostmasters who'd suffered significant losses expected to have proper compensation, whereas on the Post Office side, the expectation was that the compensation would be much lower.",Day152
1084,Mediated,Mediated,Organisation,"And thorny issue number two, as I see it— so tell me if I've got it wrong— was the very significant debate which took place as to whether or not convicted people should be Mediated with at all.",Day152
1087,Alice Perkins,Alice Perkins,Individual,"Yes, the second one, dealing with that first, it was just obvious, it was obvious to everybody that the principal driving force for calling us in and carrying out an investigation was— had resulted from a meeting between Lord Arbuthnot and Alice Perkins before, I think before she became chairman, and there was this agreement to proceed, and it's absurd to think that Lord Arbuthnot would have said, oh, and it's perfectly okay if you leave Joe Hamilton and anybody else out of this.",Day152
1087,Joe Hamilton,Joe Hamilton,Individual,"Yes, the second one, dealing with that first, it was just obvious, it was obvious to everybody that the principal driving force for calling us in and carrying out an investigation was— had resulted from a meeting between Lord Arbuthnot and Alice Perkins before, I think before she became chairman, and there was this agreement to proceed, and it's absurd to think that Lord Arbuthnot would have said, oh, and it's perfectly okay if you leave Joe Hamilton and anybody else out of this.",Day152
1089,Howe Co,Howe Co,Organisation,"But the corruption of the mediation scheme, this expectation gap, the first point that you asked, sir, when we started to see the CQRs, the case questionnaire responses, the work done by the professional advisers, including Howe Co and others, when we started to see those coming in with pretty big numbers attached, it didn't surprise Mr Henderson and myself at all.",Day152
1089,Henderson,Ian Henderson,Individual,"But the corruption of the mediation scheme, this expectation gap, the first point that you asked, sir, when we started to see the CQRs, the case questionnaire responses, the work done by the professional advisers, including Howe Co and others, when we started to see those coming in with pretty big numbers attached, it didn't surprise Mr Henderson and myself at all.",Day152
1091,Post Office,Post Office,Organisation,But we of course hadn't been told at that point that Post Office was harbouring the view that they were only expecting to make token payments.,Day152
1102,Henderson,Ian Henderson,Individual,"I harbour the suspicion, I think Mr Henderson probably shares this, that the 2 teams of investigators— I'll call them investigators, they weren't really— the people that were preparing the POIRs on a reporting line to Angela Vanna-Bogaert, I met some of those people, lovely people, and they were empathetic towards the postmasters' cases.",Day152
1102,Angela Vanna-Bogaert,Angela Vanna-Bogaert,Individual,"I harbour the suspicion, I think Mr Henderson probably shares this, that the 2 teams of investigators— I'll call them investigators, they weren't really— the people that were preparing the POIRs on a reporting line to Angela Vanna-Bogaert, I met some of those people, lovely people, and they were empathetic towards the postmasters' cases.",Day152
1103,Post Office,Post Office,Organisation,"I strongly suspect that the reports they were producing contained quite a few acknowledgements of failings by Post Office, and yet none of them that got through to us had any such concessions, and we would have to be pretty thick not to notice that.",Day152
1104,Post Office,Post Office,Organisation,"We did, and my suspicion, and I think this is probably the case, is that It just went through a filtering process to remove anything that was in any way an admission of failure, let alone guilt, by Post Office.",Day152
1105,Cartwright King,Cartwright King,Individual,"So the work, the good work that those people were doing, I think was filtered through Cartwright King and Bonn Pierce and the offices of Roderick Williams and Belinda Ojard and others into such an anodyne response.",Day152
1105,Bonn Pierce,Bonn Pierce,Organisation,"So the work, the good work that those people were doing, I think was filtered through Cartwright King and Bonn Pierce and the offices of Roderick Williams and Belinda Ojard and others into such an anodyne response.",Day152
1105,Roderick Williams,Roderick Williams,Individual,"So the work, the good work that those people were doing, I think was filtered through Cartwright King and Bonn Pierce and the offices of Roderick Williams and Belinda Ojard and others into such an anodyne response.",Day152
1105,Belinda Ojard,Belinda Ojard,Individual,"So the work, the good work that those people were doing, I think was filtered through Cartwright King and Bonn Pierce and the offices of Roderick Williams and Belinda Ojard and others into such an anodyne response.",Day152
1109,Warmington,Ron Warmington,Individual,"That's it, Mr. Warmington, I assume, since I usually have the last word if anybody is going to have the last word.",Day152
1114,Beer,Beer,Individual,Mr. Beer?,Day152
1117,Beer,Beer,Individual,"Thank you very much, Mr. Beer.",Day152
62,Second Sight,Second Sight,Organisation,"In 2009 and 2010, you became part of and then a director of Second Sight Support Services Limited?",Day152
122,Second Sight,Second Sight,Organisation,"One of the accusations that is levied against Second Sight very frequently in the internal Post Office material, and it sometimes breaks out into things said, for example, to James Arbuthnot and then subsequently to Sir Anthony Hooper, is that one of the chief problems with your investigation was that the slow pace at which it was proceeding.",Day152
179,Second Sight,Second Sight,Organisation,"In his witness statement, Mr Henderson said, it's page 22, paragraph 71, to the credit of the Post Office, they, the Post Office, did not try to directly interfere with or influence Second Sight's reports other than by withholding potentially relevant documents.",Day152
197,Second Sight,Second Sight,Organisation,"And you say, we in Second Sight held the view that those concerns that have been so clearly expressed by the MPs and their equally clear expectation we would be investigating them had certainly not gone away, but that our interim report was to focus in the main on the narrow issue of systemic flaws in Horizon.",Day152
222,Second Sight,Second Sight,Organisation,"We in Second Sight held the view that those concerns that have been so clearly expressed by MPs... had certainly not gone away, but that our interim report was to focus in the main on the narrower issue of systemic flaws in Horizon.",Day152
235,Second Sight,Second Sight,Organisation,Why did Second Sight agree to it?,Day152
303,Second Sight,Second Sight,Organisation,of Second Sight.,Day152
321,Second Sight,Second Sight,Organisation,"Having now read that email, I'm even more shocked than I was when as early as May 2013 and thereafter Paul Venells contended that Second Sight had never been invited to look for any evidence of unsafe prosecutions.",Day152
324,Second Sight,Second Sight,Organisation,"Well, it's a matter of huge regret, and not only myself but my colleagues at Second Sight, that we had far less face-to-face contact with Paula Vannells than I would ordinarily have expected as to have, and therefore we'd been shunted down to the second level of, as I say, I think they called themselves conduits, who were, as far as we were at first aware, were conveying to us what Paula wanted and didn't want.",Day152
349,Second Sight,Second Sight,Organisation,"After the meeting with Ms Vennells, did you believe that what— did you believe what she meant, what she said, she meant what she said rather, namely what's recorded in this email, namely the Post Office's objective, primary objective was to be transparent and deal with whatever outcomes and conclusions Second Sight reaches?",Day152
353,Second Sight,Second Sight,Organisation,"Do you know why, did you know why the Post Office appointed Second Sight over other forensic accountants?",Day152
470,Post Office,Post Office,Organisation,"Well, Susan had said to me, as best I recall, and I recall these things pretty well, she said something along the lines of, I've been asked to take over the POID, the Post Office Investigation Department, John Scott's department.",Day152
525,CCRC,CCRC,Organisation,This is an email of much later from Amanda Peacock of the CCRC.,Day152
531,CCRC,CCRC,Organisation,I suspect this is a quote from the meeting that I had in Birmingham with the CCRC at their request.,Day152
553,Second Sight,Second Sight,Organisation,He accepted when he gave evidence that he received the report from Second Sight.,Day152
704,Second Sight,Second Sight,Organisation,"And I didn't think— and I would— I recognised as early as that, without the benefit of second sight, haha, that we would later learn that— what we have later learned in regard to his briefing and the the modifications of his witness statements and so on.",Day152
899,Second Sight,Second Sight,Organisation,"And, you know, second sight, find out.",Day152
929,Post Office,Post Office,Organisation,"Oh yes, and regarding the question of materiality, where you've got this complex mixture, so materiality to a subpostmaster or mistress may be £5,000, £10,000, maybe a few hundred, but to the overall post office business it may be— it may not be the same.",Day152
197,Horizon,Horizon,Technical System,"And you say, we in Second Sight held the view that those concerns that have been so clearly expressed by the MPs and their equally clear expectation we would be investigating them had certainly not gone away, but that our interim report was to focus in the main on the narrow issue of systemic flaws in Horizon.",Day152
211,Horizon,Horizon,Technical System,"In your witness statement, you describe things the other way round, that the narrower piece of work was Job 1, it focused in the main on the narrower issue of systemic flaws in Horizon.",Day152
212,Horizon,Horizon,Technical System,Why was the narrower issue the systemic— the issue of systemic flaws in Horizon?,Day152
222,Horizon,Horizon,Technical System,"We in Second Sight held the view that those concerns that have been so clearly expressed by MPs... had certainly not gone away, but that our interim report was to focus in the main on the narrower issue of systemic flaws in Horizon.",Day152
282,the system,the system,Technical System,Of course there are bugs in the system.,Day152
295,the system,the system,Technical System,"but had life-changing impact on those that the bugs hit, but were inconsequential in the context of the entirety of the system.",Day152
447,PinICL,PinICL,Technical System,"No. Did the Post Office provide you with any witness statements that had been prepared in past cases concerning the Post Office in criminal proceedings which set out categories of documents, including PinICL, peaks and kells, that may be relevant to your investigation?",Day152
909,the system,the system,Technical System,"Does it make any difference that the Post Office is dealing with, say, 11,000 and the size of the system in operation.",Day152
1036,the system,the system,Technical System,"If that truly happened, then the system invented a one-sided entry, and what it effectively did was said to Jo, you need to have £2,000 more in the till or in the safe than you've actually got.",Day152
1044,Horizon,Horizon,Technical System,"processed on a Wednesday once a week, you don't— you can't assert that to be horizon double entry.",Day152
58,audit,audit,Event/Issue,"Variously as a regional head of internal audit, chairman of the audit and risk committee, CFO, Head of Investigations for Europe, the Middle East, and Africa, and then Global Head of Investigations?",Day152
98,shortfalls,shortfall,Event/Issue,"Well, very much along the lines of what Mr Henderson said that it was very clear that Post Office knew, insofar as a corporation can know anything, the people at the top knew that they were dealing with an existential issue, that if it turned out that Horizon was generating spurious shortfalls, that they had a lousy investigation function, that they had wrongfully prosecuted people, that would be existential.",Day152
126,mediation scheme,mediation scheme,Event/Issue,"Yes, it was taking longer, particularly in the— during the mediation scheme with 150 applicants, each with a very detailed story.",Day152
138,mediation scheme,mediation scheme,Event/Issue,"You're here in the mediation scheme and you say, where we couldn't resolve a point of conflict, within a report, we'd flag it in the relevant place.",Day152
209,mediation scheme,mediation scheme,Event/Issue,"Job 1 was the broader investigation that definitely included consideration of the conduct of investigations and prosecutions, but this was narrower, and as we went into the mediation scheme, that became a more narrowly defined piece of work which we referred to as Job 2.",Day152
214,mediation scheme,mediation scheme,Event/Issue,"The narrower job was— manifested itself principally in the mediation scheme, which was underway at this point.",Day152
224,mediation scheme,mediation scheme,Event/Issue,"Well, I have expressed that the way I intended to, but I think the confusion that I've allowed to creep in here, for which I apologise, is that the Post Office's understanding of the mediation scheme was that that, in a sense, in a sense displaced, vaporised the original work that we'd been asked to carry out.",Day152
240,mediation scheme,mediation scheme,Event/Issue,"In your mind, and putting aside the events which happened, namely the development of the initial complaint and mediation scheme, what was still left after the production of the interim report?",Day152
241,mediation scheme,mediation scheme,Event/Issue,"Well, had the mediation scheme not fired up, and diverted our attention onto the 150 applicants' cases.",Day152
246,mediation scheme,mediation scheme,Event/Issue,The Post Office determined that that should be done through the mediation scheme?,Day152
282,bugs,bug,Event/Issue,Of course there are bugs in the system.,Day152
283,errors,error,Event/Issue,"Now we were at pains, you probably are aware, in that when we released that interim report, we studiously avoided using the term that there had been systemic errors, even though there had been some disclosed to us.",Day152
285,bugs,bug,Event/Issue,"We have now— I've made it clear in emails to Cameron Freeman, the Minister herself— we are now of the view that not only did systemic bugs exist during the time of these cases arising, but that systemic bugs in all likelihood definitely still exist, and then you carry on.",Day152
286,errors,error,Event/Issue,"The point there, we studiously avoided using that term systemic errors, even though some have been disclosed to us.",Day152
287,errors,error,Event/Issue,Why did you avoid using the term systemic errors in the interim report?,Day152
288,errors,error,Event/Issue,"if, as you say here, systemic errors had been disclosed to you by that time?",Day152
292,bugs,bug,Event/Issue,"And had there been such systemic bugs, they would have been glaringly obvious to at least some of— quite a lot of the people.",Day152
294,bugs,bug,Event/Issue,"What we found was that the— whether it was bugs or other forms of error and defect that were manifesting themselves were unusual, were rare.",Day152
294,error,error,Event/Issue,"What we found was that the— whether it was bugs or other forms of error and defect that were manifesting themselves were unusual, were rare.",Day152
294,defect,defect,Event/Issue,"What we found was that the— whether it was bugs or other forms of error and defect that were manifesting themselves were unusual, were rare.",Day152
295,bugs,bug,Event/Issue,"but had life-changing impact on those that the bugs hit, but were inconsequential in the context of the entirety of the system.",Day152
409,shortfalls,shortfall,Event/Issue,"Well, my experience as a corporate investigator meant that whenever broadly similar events occurred, whether it was ATM shortfalls or fraud by customers or whatever, the investigation team would draw those cases together and look for linkages and help— in order to help its investigators to get to grips with what systemically had gone wrong to allow that fraud or that event to occur.",Day152
432,bugs,bug,Event/Issue,"Would it include reports on any bugs, errors or defects, however they're described?",Day152
432,errors,error,Event/Issue,"Would it include reports on any bugs, errors or defects, however they're described?",Day152
432,defects,defect,Event/Issue,"Would it include reports on any bugs, errors or defects, however they're described?",Day152
435,shortfall,shortfall,Event/Issue,"When you were instructed and in the absence of such a compendium of material, Were you in fact made aware that— by the Post Office— that there had been acquittals of subpostmasters in criminal trials, of subpostmasters who had alleged that Horizon was responsible for the shortfall of which they were accused of either stealing or falsely accounting?",Day152
438,bug,bug,Event/Issue,"Did the Post Office draw to your attention right at the beginning any suites of documents held by the Post Office concerning the functioning of or deficiencies in the Horizon system, including release notes documenting bug fixes?",Day152
442,bug,bug,Event/Issue,"No. Did they, the Post Office, present you with documentation, and I include in that phrase memoranda, reports, emails, minutes of meetings, concerning bugs of which the Post Office was already aware, in particular the Calendar Square bug and the receipts and payments mismatch bug?",Day152
442,mismatch,mismatch,Event/Issue,"No. Did they, the Post Office, present you with documentation, and I include in that phrase memoranda, reports, emails, minutes of meetings, concerning bugs of which the Post Office was already aware, in particular the Calendar Square bug and the receipts and payments mismatch bug?",Day152
501,shortfall,shortfall,Event/Issue,"2, Post Office investigators often appear to have paid scant attention to the interviewee's assertions of innocence or his or her reference to specific transaction anomalies, they seem to have shown little or no willingness to establish the underlying root cause of any given shortfall.",Day152
586,shortfalls,shortfall,Event/Issue,"Yes, in every case, inattention to the underlying root causes of the shortfalls that were being pursued civilly or criminally, but also, as Ian has mentioned, the failure to disclose, as far as he could detect, because I was relying on his input on this and it was entirely credible to me, not disclosing exculpatory evidence, evidence of innocence if you like, or evidence that would undermine the prosecution or a civil case.",Day152
643,defects,defect,Event/Issue,"And then 2, by using the 2 to 3 cases, you'll answer the question, have systemic defects in the Horizon system resulted in the wrongful conviction or suspension of subpostmasters?",Day152
645,defects,defect,Event/Issue,Defects in the Horizon system which are systemic and the conviction wrongfully of subpostmasters?,Day152
663,defects,defect,Event/Issue,and I had made it clear— that we weren't going to use the term systemic defects.,Day152
664,defects,defect,Event/Issue,"It follows if we weren't going to define— say there had been any systemic defects, how on earth could there be systemic defects that had resulted in a wrongful conviction or suspension of the tiny volume of subpostmasters whose cases we'd looked at that point?",Day152
674,defects,defect,Event/Issue,"And again, I think you may have answered this already, do you think on reflection this episode, i.e., picking up probable misconduct of prosecutions as early as August and September 2012, raising that with the Post Office, suggesting a solution, them not taking it up seemingly, but then asking you to use a 2 or 3 case sample size to A, answer the question whether there are systemic defects, and B, to say that has not resulted in the wrongful conviction of any subpostmasters, is absurd, should have been included in the interim report.",Day152
800,mediation scheme,mediation scheme,Event/Issue,"And it was in the context then, was it, of you gathering information in terms of your role in the mediation scheme?",Day152
869,shortfalls,shortfall,Event/Issue,"Well, they were simply accounts within Horizon itself at branch level which allowed shortfalls, or also theoretically surpluses, to be parked while the subpostmaster and his or her staff was investigating to find the root cause.",Day152
872,suspense account,suspense account,Event/Issue,"And you conclude that the final part of paragraph 5, in relation to subpostmasters, the removal of the suspense account at that time, leaving many of them with no realistic alternative which faced— when faced with shortfalls that they could neither understand nor make good, but to falsify branch books in order to buy time.",Day152
872,shortfalls,shortfall,Event/Issue,"And you conclude that the final part of paragraph 5, in relation to subpostmasters, the removal of the suspense account at that time, leaving many of them with no realistic alternative which faced— when faced with shortfalls that they could neither understand nor make good, but to falsify branch books in order to buy time.",Day152
875,shortfall,shortfall,Event/Issue,"So if you had a subpostmaster on £18,000 a year and you tried to post a shortfall of £19,000 a year, it wasn't going to work.",Day152
880,shortfalls,shortfall,Event/Issue,And that meant that all the big shortfalls that we were seeing— You It mean the just couldn't be parked anywhere.,Day152
881,shortfall,shortfall,Event/Issue,It had to be dealt with immediately on the final— on the day that that shortfall manifested itself in the books.,Day152
886,suspense account,suspense account,Event/Issue,"An incoming TC, a credit TC in that case, will sort out your problem, but never the promise as to how long it would take for that to zero out the amount that was in the suspense account.",Day152
890,shortfall,shortfall,Event/Issue,There was a person who understood point-of-sale systems and there he found himself looking at this 8-centimetre-wide piece of paper that was across the room to try and find the reason for a shortfall.,Day152
892,shortfall,shortfall,Event/Issue,"If you're looking at a whole month's transactions to try and find out why you've got a shortfall of £19,000 or whatever.",Day152
897,shortfall,shortfall,Event/Issue,"He said, is it possible that a shortfall in one branch could be accounted for by a surplus in another?",Day152
937,shortfall,shortfall,Event/Issue,"If a shortfall, whether ATM-related or else, occurs in a bank branch of Lloyds Bank and it's £12,000, it's immaterial in their books, and it's actually immaterial in the branch's books because nobody's being expected to pay it out of their own pocket.",Day152
941,audit,audit,Event/Issue,"Well, it would have if I'd been doing the audit, yes.",Day152
961,error,error,Event/Issue,"In other words, to the date of your evidence given before— being given now before this inquiry, have you had a resolution to these issues in relation to the suspense accounts, what's happened to the money paid into balance shortfalls that may have been due to a Horizon system error?",Day152
961,shortfalls,shortfall,Event/Issue,"In other words, to the date of your evidence given before— being given now before this inquiry, have you had a resolution to these issues in relation to the suspense accounts, what's happened to the money paid into balance shortfalls that may have been due to a Horizon system error?",Day152
1006,audit,audit,Event/Issue,"Yes, this is the sort of wording, this is the page that you put in when you're going to do what I think has also been described as a desk-based audit, that says we're just going to ask some questions and we're going to believe everything we're told.",Day152
1032,shortfall,shortfall,Event/Issue,"But if you're— if you're As in Joe's case, if you have a £2,000 shortfall that in a moment in time becomes a £4,000 shortfall, that extra £2,000 has got to come from somewhere and go to somewhere.",Day152
1035,shortfall,shortfall,Event/Issue,"And when Joe pressed that button and the and her shortfall doubled, and she's not the only person that asserted that.",Day152
1053,mediation scheme,mediation scheme,Event/Issue,"Some of the senior executives, and I believe Ms Perkins in particular as Chair, were asked the question, or the suggestion was put to them, I think is a better way of putting it, that the mediation scheme was a scam.",Day152
1055,mediation scheme,mediation scheme,Event/Issue,"And they denied that and in effect told me that so far as they were concerned, the mediation scheme was a scheme which was operated by all concerned in good faith.",Day152
1070,mediation scheme,mediation scheme,Event/Issue,"So is the answer to my question that for much of the time during which you were involved in the mediation scheme, you did think that it was being operated in good faith, but there came a point in time when you began to doubt that?",Day152
1088,mediation scheme,mediation scheme,Event/Issue,"I mean, he'd made it completely clear that people with convictions of any sort should be entitled to benefit from the mediation scheme.",Day152
1089,mediation scheme,mediation scheme,Event/Issue,"But the corruption of the mediation scheme, this expectation gap, the first point that you asked, sir, when we started to see the CQRs, the case questionnaire responses, the work done by the professional advisers, including Howe Co and others, when we started to see those coming in with pretty big numbers attached, it didn't surprise Mr Henderson and myself at all.",Day152
11,Jenkins,Gareth Jenkins,Individual,"Good morning, Mr. Jenkins.",Day156
12,Jason Beer,Beer,Individual,My name is Jason Beer and I ask questions on behalf of the inquiry.,Day156
14,Gareth Idris Jenkins,Gareth Idris Jenkins,Individual,My name is Gareth Idris Jenkins.,Day156
16,Beer,Beer,Individual,"Mr. Beer, before you go any further, is it appropriate for me to, um, direct Mr. Jenkins about self-incrimination?",Day156
16,Jenkins,Gareth Jenkins,Individual,"Mr. Beer, before you go any further, is it appropriate for me to, um, direct Mr. Jenkins about self-incrimination?",Day156
18,Jenkins,Gareth Jenkins,Individual,"Mr. Jenkins, I'm sure you've been advised, but under our law, a witness at a public inquiry has the right to decline to answer a question put to him by any of the lawyers involved in the inquiry or by me if there is a risk that the answer to that question would incriminate you.",Day156
29,Jenkins,Gareth Jenkins,Individual,"Do you understand all that, Mr Jenkins?",Day156
32,Beer,Beer,Individual,"Yes, Mr Beer.",Day156
34,Jenkins,Gareth Jenkins,Individual,"Mr Jenkins, you've made 5 witness statements to the inquiry.",Day156
77,Statement 4,Statement 4,Individual,"And then lastly, Statement 4, 29th of April, uh, 2024, 00460400, 83 pages long.",Day156
80,Statement 5,Statement 5,Organisation,"And with the corrections in Statement 5 brought into account, are the contents of that, your 4th witness statement, true to the best of your knowledge and belief?",Day156
96,"university,","university,",Organisation,"I think you graduated in 1973 from university, Cambridge University, with a degree in mathematics.",Day156
96,Cambridge University,Cambridge University,Organisation,"I think you graduated in 1973 from university, Cambridge University, with a degree in mathematics.",Day156
98,International Computers Limited,International Computers Limited,Organisation,"And upon graduation, you immediately worked for International Computers Limited, ICL, is that right?",Day156
98,ICL,ICL,Organisation,"And upon graduation, you immediately worked for International Computers Limited, ICL, is that right?",Day156
100,ICL,ICL,Organisation,And ICL became Fujitsu Services Limited in 2002.,Day156
100,Fujitsu Services Limited,Fujitsu Services Limited,Organisation,And ICL became Fujitsu Services Limited in 2002.,Day156
108,ICL Fujitsu,ICL Fujitsu,Organisation,"Dealing briefly at the moment with the stages of your career at ICL Fujitsu, So far as concerns us, from about 1996 to about 2000, did you work in the agent team?",Day156
110,Horizon,Horizon,Technical System,"You were one of a team of 20— or 10 to 20 architects working on the Horizon system, is that right?",Day156
128,Project Impact,Project Impact,Organisation,"You tell us in your witness statement that from 2002 to 2008 you, quote, took on the role of defining the technical changes required by Project Impact and worked on the implementation of the Bureau de Change and the acceptance of credit cards.",Day156
128,the Bureau de Change,the Bureau de Change,Organisation,"You tell us in your witness statement that from 2002 to 2008 you, quote, took on the role of defining the technical changes required by Project Impact and worked on the implementation of the Bureau de Change and the acceptance of credit cards.",Day156
133,Bureau de Change,Bureau de Change,Organisation,Then I worked on Bureau de Change and credit card changes and then a few other minor things before I moved on to Horizon Online requirements capture.,Day156
133,Horizon Online,Horizon Online,Technical System,Then I worked on Bureau de Change and credit card changes and then a few other minor things before I moved on to Horizon Online requirements capture.,Day156
134,Horizon Online,Horizon Online,Technical System,Did you move on to Horizon Online from about 2008?,Day156
137,Horizon Online,Horizon Online,Technical System,And did you work on Horizon Online from 2008 to about 2015?,Day156
139,Post Office,Post Office,Organisation,"You tell us in your witness statement that you, quote, worked with Post Office analysts in defining the technical requirements for Horizon Online.",Day156
139,Horizon Online,Horizon Online,Technical System,"You tell us in your witness statement that you, quote, worked with Post Office analysts in defining the technical requirements for Horizon Online.",Day156
142,Post Office's,Post Office,Organisation,"And that you, quote, supported Post Office's requirements team in specifying use cases for the counter functionality.",Day156
145,Horizon Online,Horizon Online,Technical System,"The contractual definition of how Horizon Online was to work was that the counter should look— should operate in the same way as it did on legacy Horizon, and therefore it was decided that we needed to put in place something that actually defined exactly what that was, and the technique that was decided was that the Post Office would put together the use cases to define the various activities that went on in the Post Office, to define the steps that people went through for doing— from how do you sell a stamp to how do you balance at the end of the week or whatever.",Day156
145,Horizon,Horizon,Technical System,"The contractual definition of how Horizon Online was to work was that the counter should look— should operate in the same way as it did on legacy Horizon, and therefore it was decided that we needed to put in place something that actually defined exactly what that was, and the technique that was decided was that the Post Office would put together the use cases to define the various activities that went on in the Post Office, to define the steps that people went through for doing— from how do you sell a stamp to how do you balance at the end of the week or whatever.",Day156
145,the Post Office,Post Office,Organisation,"The contractual definition of how Horizon Online was to work was that the counter should look— should operate in the same way as it did on legacy Horizon, and therefore it was decided that we needed to put in place something that actually defined exactly what that was, and the technique that was decided was that the Post Office would put together the use cases to define the various activities that went on in the Post Office, to define the steps that people went through for doing— from how do you sell a stamp to how do you balance at the end of the week or whatever.",Day156
151,Fujitsu,Fujitsu,Organisation,"You tell us that during your time at Fujitsu, you were a group of anywhere between 20 and 100 software designers and developers who would provide fourth-line support for both legacy Horizon and Horizon Online.",Day156
151,Horizon,Horizon,Technical System,"You tell us that during your time at Fujitsu, you were a group of anywhere between 20 and 100 software designers and developers who would provide fourth-line support for both legacy Horizon and Horizon Online.",Day156
151,Horizon Online,Horizon Online,Technical System,"You tell us that during your time at Fujitsu, you were a group of anywhere between 20 and 100 software designers and developers who would provide fourth-line support for both legacy Horizon and Horizon Online.",Day156
158,ICL,ICL,Organisation,"In your first witness statement, you refer to ICL introducing what's called a distinguished engineer scheme, correct?",Day156
162,ICL,ICL,Organisation,"You were one of about 100 other ICL employees who were described as distinguished engineer, is that right?",Day156
164,ICL,ICL,Organisation,Is it right that that was an honorific title conferred upon you by ICL or Fujitsu?,Day156
164,Fujitsu,Fujitsu,Organisation,Is it right that that was an honorific title conferred upon you by ICL or Fujitsu?,Day156
181,Fujitsu,Fujitsu,Organisation,"You tell us in your first witness statement that from about 2015 until August 2012— so after— sorry, 2022, uh, you were on a retainer with Fujitsu as a consultant.",Day156
188,COVID,COVID,Individual,"Um, I don't think— although I was on the retainer until August 2022, I think the last time I actually did any paid consultancy was just before COVID lockdown in 2020.",Day156
192,Horizon,Horizon,Technical System,"at the time of the publication of the Horizon Issues judgment, which was December '19?",Day156
194,Horizon,Horizon,Technical System,The last few things were actually talking to the lawyers about the consequences of the Horizon Issues judgment.,Day156
195,Horizon,Horizon,Technical System,Other than the provision of information assistance and evidence in connection with the litigation concerning the Horizon system.,Day156
199,Dale Mellington,Dale Mellington,Individual,"I wasn't involved in any particular prosecutions as such, but there was quite a lot of work going on in the background, which— talking to various lawyers, I got pulled in in 2016 for a bug that had been found that's quite serious, the Dale Mellington bug that I think you may well be coming back to later on.",Day156
200,Post Office,Post Office,Organisation,And it was felt that I could maybe help explain what the consequences of that was to Post Office.,Day156
201,the Post Office,Post Office,Organisation,"I spent There was a problem that the Post Office had, again, I can't remember the exact date now, it's in my witness statement, when there was a mismatch in Post Office's backend accounts.",Day156
202,Fujitsu,Fujitsu,Organisation,"They tried to do a reconciliation against data they had from Fujitsu, and I realised what the problem was.",Day156
214,Horizon,Horizon,Technical System,"Would it be fair to say that the majority of this time, certainly between 2015 and the Horizon Issues judgment in December 2019, was given over to the provision of litigation support?",Day156
215,GLO,GLO,Organisation,became the GLO.,Day156
219,Fraser,Fraser,Individual,"In high-level summary, would you agree that Mr Justice Fraser concluded firstly that legacy Horizon was not remotely robust?",Day156
219,Horizon,Horizon,Technical System,"In high-level summary, would you agree that Mr Justice Fraser concluded firstly that legacy Horizon was not remotely robust?",Day156
222,Horizon Online,Horizon Online,Technical System,Do you accept that Horizon Online was susceptible to accounting flaws?,Day156
232,Legacy Horizon,Legacy Horizon,Technical System,"Do I take it that you accept his first finding, that Legacy Horizon was I don't accept that finding.",Day156
233,Horizon Online,Horizon Online,Technical System,You don't accept his finding that Horizon Online was susceptible to accounting flaws?,Day156
239,Horizon,Horizon,Technical System,"Horizon, both legacy and online, was working well in your view?",Day156
244,Horizon,Horizon,Technical System,Can I turn in more detail to your role in the development and rollout of the Horizon system?,Day156
245,ICL,ICL,Organisation,"And in— no need to turn it up— paragraphs 18 to 23 of your first witness statement, you describe your roles and responsibilities at ICL and then Fujitsu.",Day156
245,Fujitsu,Fujitsu,Organisation,"And in— no need to turn it up— paragraphs 18 to 23 of your first witness statement, you describe your roles and responsibilities at ICL and then Fujitsu.",Day156
246,Horizon,Horizon,Technical System,"So between 1996 and 2002, you tell us that your initial role with legacy Horizon was, quote, to integrate Riposte and the Oracle-based software.",Day156
246,Riposte,Riposte,Technical System,"So between 1996 and 2002, you tell us that your initial role with legacy Horizon was, quote, to integrate Riposte and the Oracle-based software.",Day156
251,Riposte,Riposte,Technical System,"Firstly, can you describe briefly what Riposte was?",Day156
253,Riposte,Riposte,Technical System,"There were 2 aspects to Riposte, and this was software that we had brought in at Post Office's request from a company called Escher in the United States.",Day156
253,Post Office's,Post Office,Organisation,"There were 2 aspects to Riposte, and this was software that we had brought in at Post Office's request from a company called Escher in the United States.",Day156
253,Escher,Escher,Individual,"There were 2 aspects to Riposte, and this was software that we had brought in at Post Office's request from a company called Escher in the United States.",Day156
256,Riposte,Riposte,Technical System,"Then the other part of Riposte was a development environment that allowed applications to be built on that, and the application environment that caused the human interface that the postmaster saw in the branches.",Day156
258,Project Impact,Project Impact,Organisation,"I got more involved in that when I moved on to Project Impact in 2003 or so, but in the early days my main interaction with Repos was to do with the message store.",Day156
258,Repos,Repos,Individual,"I got more involved in that when I moved on to Project Impact in 2003 or so, but in the early days my main interaction with Repos was to do with the message store.",Day156
261,Post Office's,Post Office,Organisation,This was really an Oracle database and This was used to communicate with Post Office's backend systems where they did their backend accounting.,Day156
262,Fujitsu,Fujitsu,Organisation,"So that was really the boundary between what Fujitsu was doing, or ICO was doing, and what Post Office was doing.",Day156
262,ICO,ICO,Organisation,"So that was really the boundary between what Fujitsu was doing, or ICO was doing, and what Post Office was doing.",Day156
262,Post Office,Post Office,Organisation,"So that was really the boundary between what Fujitsu was doing, or ICO was doing, and what Post Office was doing.",Day156
264,Post Office's,Post Office,Organisation,"So it would process through all the transactions, it would generate files of transactions that had happened during that day, which were then transmitted to Post Office's backend systems.",Day156
267,Post Office's,Post Office,Organisation,"So what the agent layer was doing is it was reading data from the message store, which we— and we had copies of the message store in the data center— and extracting the relevant transactions and other information that was of interest to Post Office's backend systems and writing records to the Oracle databases to reflect those transactions.",Day156
267,Oracle,Oracle,Individual,"So what the agent layer was doing is it was reading data from the message store, which we— and we had copies of the message store in the data center— and extracting the relevant transactions and other information that was of interest to Post Office's backend systems and writing records to the Oracle databases to reflect those transactions.",Day156
268,Post Office,Post Office,Organisation,"Then there was also a flow in the other direction For example, reference data was being generated by Post Office, and by reference data, the simplest example is what's the price of a stamp today, because obviously the price of stamps changes every now and again.",Day156
277,the Benefits Agency,the Benefits Agency,Organisation,"Right, the work changed a lot over time, because at the beginning, back in 1996, the first application that was rolled out was actually a benefits agency application, which by 1998, '99 had actually got dropped because the Benefits Agency pulled out of the contract.",Day156
284,the Benefits Agency,the Benefits Agency,Organisation,What did you know as to the reasons why the Benefits Agency pulled out of the contract?,Day156
290,the Post Office,Post Office,Organisation,What they eventually did was they paid people's benefits directly into their bank accounts rather than doing it through a special application in the Post Office.,Day156
291,Benefits Agency,Benefits Agency,Organisation,Were you told anything to the effect that one of the reasons why the Benefits Agency withdrew was a lack of confidence in ICL?,Day156
291,ICL,ICL,Organisation,Were you told anything to the effect that one of the reasons why the Benefits Agency withdrew was a lack of confidence in ICL?,Day156
307,Post Office,Post Office,Organisation,"In your role between 1996 and 2002, were you in any way responsible for communicating with the Post Office team as to their requirements?",Day156
309,Project Impact,Project Impact,Organisation,"That really started with Project Impact, but I certainly was working with the Post Office team in terms of defining the interfaces between how Fujitsu's agents were operating and how they interacted.",Day156
309,Post Office,Post Office,Organisation,"That really started with Project Impact, but I certainly was working with the Post Office team in terms of defining the interfaces between how Fujitsu's agents were operating and how they interacted.",Day156
309,Fujitsu,Fujitsu,Organisation,"That really started with Project Impact, but I certainly was working with the Post Office team in terms of defining the interfaces between how Fujitsu's agents were operating and how they interacted.",Day156
310,the Network Banking Engine,the Network Banking Engine,Organisation,"Well, initially there was a box in between us and the banks called the Network Banking Engine, which was provided by IBM.",Day156
310,IBM,IBM,Organisation,"Well, initially there was a box in between us and the banks called the Network Banking Engine, which was provided by IBM.",Day156
313,Jeremy Folkes,Jeremy Folkes,Individual,"Did you come into contact with Jeremy Folkes, the Infrastructure Assurance Team leader from the Post Office?",Day156
313,the Infrastructure Assurance Team,the Infrastructure Assurance Team,Organisation,"Did you come into contact with Jeremy Folkes, the Infrastructure Assurance Team leader from the Post Office?",Day156
313,the Post Office,Post Office,Organisation,"Did you come into contact with Jeremy Folkes, the Infrastructure Assurance Team leader from the Post Office?",Day156
314,Escher,Escher,Individual,"Not at that time, but I did come across him a few years later when he'd moved roles, and he actually joined Escher as one of their consultants.",Day156
315,Jeremy,Jeremy,Individual,"So I did come across Jeremy in his role with Escher, but I don't remember coming across him when he was working with Post Office.",Day156
315,Escher,Escher,Individual,"So I did come across Jeremy in his role with Escher, but I don't remember coming across him when he was working with Post Office.",Day156
315,Post Office,Post Office,Organisation,"So I did come across Jeremy in his role with Escher, but I don't remember coming across him when he was working with Post Office.",Day156
316,the Benefits Agency,the Benefits Agency,Organisation,"He told the inquiry— it was back on the 2nd of November, uh, 2022— that we— and by that he meant, um, the Benefits Agency and the Post Office Counters Limited team had, quote, been denied viability of the application design.",Day156
316,the Post Office Counters Limited,the Post Office Counters Limited,Organisation,"He told the inquiry— it was back on the 2nd of November, uh, 2022— that we— and by that he meant, um, the Benefits Agency and the Post Office Counters Limited team had, quote, been denied viability of the application design.",Day156
318,Riposte,Riposte,Technical System,"He continued, when I say we had some visibility of risk areas, what I mean is that the areas where we had raised formal risks to the service provider at the start such as, such as Riposte.",Day156
319,EPOSS,EPOSS,Technical System,"In those cases, we did get more information, but as far as the application design, in particular EPOSS, we had been denied visibility.",Day156
320,Fujitsu,Fujitsu,Organisation,"I think that was something to do with the way the contract had been negotiated between Fujitsu, or ITL Management as it was then, and Post Office and DSS.",Day156
320,ITL Management,ITL Management,Organisation,"I think that was something to do with the way the contract had been negotiated between Fujitsu, or ITL Management as it was then, and Post Office and DSS.",Day156
320,Post Office,Post Office,Organisation,"I think that was something to do with the way the contract had been negotiated between Fujitsu, or ITL Management as it was then, and Post Office and DSS.",Day156
320,DSS,DSS,Organisation,"I think that was something to do with the way the contract had been negotiated between Fujitsu, or ITL Management as it was then, and Post Office and DSS.",Day156
321,PFI,PFI,Organisation,"I wasn't involved in any of that, but as I understand it, it was a PFI contract, and part of that meant that the customer had to treat the whole thing as a black box, but say this is hearsay, if you like, rather than something I was directly involved in.",Day156
324,Post Office,Post Office,Organisation,"To say I, I wasn't directly involved in all of that, but clearly people were talking about— I, I think I was aware that Post Office did not have the right to see various design documents that were being produced.",Day156
326,Fujitsu,Fujitsu,Organisation,"That it was up to Fujitsu exactly how they designed the application, and the details of how the internal design was done was something for Fujitsu or ICL to worry about, and it wasn't something that Post Office would get involved in.",Day156
326,ICL,ICL,Organisation,"That it was up to Fujitsu exactly how they designed the application, and the details of how the internal design was done was something for Fujitsu or ICL to worry about, and it wasn't something that Post Office would get involved in.",Day156
326,Post Office,Post Office,Organisation,"That it was up to Fujitsu exactly how they designed the application, and the details of how the internal design was done was something for Fujitsu or ICL to worry about, and it wasn't something that Post Office would get involved in.",Day156
327,EPOSS,EPOSS,Technical System,"Would a consequence of that be in relation, for example, to EPOSS, mean that it would be difficult, if not impossible, for the Post Office to ensure that there was data integrity?",Day156
327,the Post Office,Post Office,Organisation,"Would a consequence of that be in relation, for example, to EPOSS, mean that it would be difficult, if not impossible, for the Post Office to ensure that there was data integrity?",Day156
329,Post Office,Post Office,Organisation,"There were certainly joint test teams, there was a lot of testing going on, there were Post Office testers involved in testing the system to make sure that it came up with the right, with the right outputs.",Day156
332,the Post Office,Post Office,Organisation,"He suggested that the fact that the Post Office had purchased a black box and had no rights to see how the black box worked meant that it was difficult, if not impossible, to ensure data integrity within the Horizon system.",Day156
332,Horizon,Horizon,Technical System,"He suggested that the fact that the Post Office had purchased a black box and had no rights to see how the black box worked meant that it was difficult, if not impossible, to ensure data integrity within the Horizon system.",Day156
338,PFI,PFI,Organisation,"Were you conscious, and those with whom you worked conscious, that the nature of the contract was a PFI contract and therefore the client had no rights, no visibility over the way the system was built?",Day156
344,Horizon,Horizon,Technical System,"And it was really a case of— and the main work I was doing with the customer in the early 2000s was with agreeing these banking specs, and there I was working very openly with the customer because they were their specs that were defining the interfaces as to how Horizon was going to interface with initially the banking engine and then also with Streamline for the debit card payments.",Day156
349,Jeremy Fox's,Jeremy Fox's,Individual,"It was really I probably picked that up from Jeremy Fox's stuff, as I say.",Day156
350,PFI,PFI,Organisation,I was aware that it was a PFI contract and that it meant that we didn't necessarily need to share detailed design documents with the customer because it was Fujitsu's intellectual property.,Day156
350,Fujitsu,Fujitsu,Organisation,I was aware that it was a PFI contract and that it meant that we didn't necessarily need to share detailed design documents with the customer because it was Fujitsu's intellectual property.,Day156
359,Horizon,Horizon,Technical System,"Within your roles in legacy Horizon, did you have any oversight of all bugs, errors and defects within the system at any given time?",Day156
364,SSC,SSC,Organisation,I would have thought the SSC would and There was an area called customer services.,Day156
365,SSC,SSC,Organisation,SSC was part of that.,Day156
369,SSC,SSC,Organisation,"We've heard from a lot of people from the SSC and they've told us that there were between 20 and 30 people at any one time working in the SSC, sometimes working shifts, some working at home, some working in office, that they only knew about the bugs that they were allocated on the stack, and that it was correct that there might be informal sharing of information by people who were sitting next to each other or talking about it at the water cooler, but there was no formalised system for sharing knowledge within the SSC.",Day156
373,SSC,SSC,Organisation,I wasn't part of the SSC.,Day156
374,Horizon,Horizon,Technical System,"But when I asked you who may have oversight of all bugs, errors and defects within the Horizon system, you pointed to the SSC.",Day156
374,SSC,SSC,Organisation,"But when I asked you who may have oversight of all bugs, errors and defects within the Horizon system, you pointed to the SSC.",Day156
375,the Customer Services Directorate,the Customer Services Directorate,Organisation,"As part of that, but there was also— there was the whole point of the Customer Services Directorate was to actually manage the interface with Post Office.",Day156
375,Post Office,Post Office,Organisation,"As part of that, but there was also— there was the whole point of the Customer Services Directorate was to actually manage the interface with Post Office.",Day156
378,Horizon,Horizon,Technical System,"What I'm looking for, it might be described as an all-seeing eye, but somebody who took a step back and would be able to say we've had these problems in the past with Horizon, these bugs, errors and defects, and at the moment we're servicing the existence of these possible bugs, errors and defects.",Day156
382,Peak,Peak,Technical System,There was a system called Peak and it had a predecessor called PinICL.,Day156
388,Horizon Online,Horizon Online,Technical System,"Not as such, but I did have a— probably a better view of them, particularly during the pilot phase of Horizon Online, because during the pilot phase there was a project team in place that was managing the pilot and taking very close monitoring of any issues that were going on during the pilot, and I would often get called in to that— by that team to investigate particular problems, particularly ones that affected the counter.",Day156
389,Horizon Online,Horizon Online,Technical System,"After the pilot phase of Horizon Online was over, did you have oversight Of all bugs, errors and defects within the Horizon Online system?",Day156
389,Horizon,Horizon,Technical System,"After the pilot phase of Horizon Online was over, did you have oversight Of all bugs, errors and defects within the Horizon Online system?",Day156
395,Horizon,Horizon,Technical System,The peak system was working— it was the same peak system that operated for both legacy Horizon and Horizon Online.,Day156
395,Horizon Online,Horizon Online,Technical System,The peak system was working— it was the same peak system that operated for both legacy Horizon and Horizon Online.,Day156
396,Horizon,Horizon,Technical System,"And so for both legacy Horizon and Horizon Online, you became aware of things that might be bugs, errors and defects through the PinICL and then the Peak system.",Day156
396,Horizon Online,Horizon Online,Technical System,"And so for both legacy Horizon and Horizon Online, you became aware of things that might be bugs, errors and defects through the PinICL and then the Peak system.",Day156
397,Fujitsu,Fujitsu,Organisation,"There was that, but there was also the problem management system, so then when something was identified as being a serious problem, and I think we're probably going to go on talking about the receipts and payments mismatch problem at some stage, then I was often called in to help— well, firstly analyse the problem and explain that problem so that Fujitsu management could understand what it was all about, and I often got involved in explaining it to the equivalent people in Post Office about what the impact of that was and what could be done to remedy it, both in terms of fixing the code but also fixing whatever the business impact of the problem was, which wouldn't necessarily be fixed directly just because you'd fixed the code.",Day156
397,Post Office,Post Office,Organisation,"There was that, but there was also the problem management system, so then when something was identified as being a serious problem, and I think we're probably going to go on talking about the receipts and payments mismatch problem at some stage, then I was often called in to help— well, firstly analyse the problem and explain that problem so that Fujitsu management could understand what it was all about, and I often got involved in explaining it to the equivalent people in Post Office about what the impact of that was and what could be done to remedy it, both in terms of fixing the code but also fixing whatever the business impact of the problem was, which wouldn't necessarily be fixed directly just because you'd fixed the code.",Day156
404,Horizon,Horizon,Technical System,"If it was largely happenstance, that you became aware of a bug, error or defect in both legacy Horizon and Horizon Online, how could you subsequently give full, complete and accurate evidence about the existence or non-existence of bugs, errors and defects in Horizon?",Day156
404,Horizon Online,Horizon Online,Technical System,"If it was largely happenstance, that you became aware of a bug, error or defect in both legacy Horizon and Horizon Online, how could you subsequently give full, complete and accurate evidence about the existence or non-existence of bugs, errors and defects in Horizon?",Day156
415,Fujitsu,Fujitsu,Organisation,"During your employment within Fujitsu, did any of your roles entail any overall responsibility for monitoring, identifying, or fixing bugs, errors, or defects?",Day156
427,Del Mellington's,Del Mellington's,Individual,"in Horizon Online, and I was involved— receipts and payments mismatch, the local suspenses issue, and Del Mellington's.",Day156
428,Horizon Online,Horizon Online,Technical System,"Those are the ones I see as being the serious issues with Horizon Online, and I got involved in all of them because they saw me being helpful in terms of my expertise and background for those particular cases.",Day156
432,jargon,jargon,Organisation,I think it was felt that I was in a good position of turning some of the technical jargon into something that laypeople could understand better.,Day156
437,SSC,SSC,Organisation,"It's really— I would get involved by probably a phone call or an email from someone either in the SSC or from problem management and they'd say, Gareth, can you come and give us a hand, look at this problem and see what's going on?",Day156
437,Gareth,Gareth,Individual,"It's really— I would get involved by probably a phone call or an email from someone either in the SSC or from problem management and they'd say, Gareth, can you come and give us a hand, look at this problem and see what's going on?",Day156
440,the Post Office,Post Office,Organisation,"When you started to become the man that the Post Office relied on to give evidence in court, did anyone say, we need to make sure that Mr Jenkins knows about the things that are not referred to him?",Day156
445,SSC,SSC,Organisation,"What interactions did you have with the third line of support, the SSC, in relation to identifying and rectifying bugs, errors and defects?",Day156
452,EPOSS,EPOSS,Technical System,"Can I turn to EPOSS and REPOS, please?",Day156
452,REPOS,REPOS,Organisation,"Can I turn to EPOSS and REPOS, please?",Day156
454,EPOSS,EPOSS,Technical System,"In relation to the EPOSS aspects of Horizon, you tell us— it's paragraph 21 of your second witness statement, no need to turn it up— in summary, until around 2003, I do not recall having anything to do with EPOSS other than indirectly, when it had an impact on my work with the agents.",Day156
454,Horizon,Horizon,Technical System,"In relation to the EPOSS aspects of Horizon, you tell us— it's paragraph 21 of your second witness statement, no need to turn it up— in summary, until around 2003, I do not recall having anything to do with EPOSS other than indirectly, when it had an impact on my work with the agents.",Day156
455,EPOSS,EPOSS,Technical System,"From around 2003 onwards, I began to gain technical expertise and a practical understanding of how EPOSS operated.",Day156
458,ESHA,ESHA,Organisation,You've told us already that ESHA was responsible for provision of the RIPOS software.,Day156
463,EPOSS,EPOSS,Technical System,"And the latter of those, the desktop counter, was the basis for the EPOSS system?",Day156
466,Post Office,Post Office,Organisation,"Yes, and I think I went back there for 2 or 3 ad hoc trips after that, but that was my initial That was effectively my first week on the Post Office account when I got sent to Boston for a week to learn about how Riposte worked.",Day156
466,Riposte,Riposte,Technical System,"Yes, and I think I went back there for 2 or 3 ad hoc trips after that, but that was my initial That was effectively my first week on the Post Office account when I got sent to Boston for a week to learn about how Riposte worked.",Day156
467,EPOSS,EPOSS,Technical System,"If you had— if you did not have anything to do with EPOSS other than indirectly, why did you go to Boston for a week in 1996?",Day156
468,Riposte,Riposte,Technical System,"Because that was talking more about how the Riposte message store was working, and also there were specific interfaces that Riposte had that could be used by the agents.",Day156
470,COUNTER,COUNTER,Organisation,"They then went on to how did the COUNTER applications operate, and I wasn't particularly interested in that at the time, so it was felt that rather than stay in Boston for another couple of weeks, I might as well come home.",Day156
472,EPOSS,EPOSS,Technical System,"So is the answer that you went to Boston and to learn how the EPOSS system works, in particular how it might interact with the work that you were undertaking?",Day156
473,Riposte,Riposte,Technical System,"No, I went to Boston to learn how Riposte worked, to, um, uh, and therefore how the agents could actually use it.",Day156
476,EPOSS,EPOSS,Technical System,"In relation to the development of EPOSS before the rollout of Legacy Horizon, we've heard evidence from David MacDonald.",Day156
476,Legacy Horizon,Legacy Horizon,Technical System,"In relation to the development of EPOSS before the rollout of Legacy Horizon, we've heard evidence from David MacDonald.",Day156
476,David MacDonald,David MacDonald,Individual,"In relation to the development of EPOSS before the rollout of Legacy Horizon, we've heard evidence from David MacDonald.",Day156
480,Gareth,Gareth,Individual,"He told the inquiry, my understanding was that Gareth— that's you, Gareth Jenkins— worked alongside another chief architect architect under Alan Ward.",Day156
480,Gareth Jenkins,Gareth Jenkins,Individual,"He told the inquiry, my understanding was that Gareth— that's you, Gareth Jenkins— worked alongside another chief architect architect under Alan Ward.",Day156
480,Alan Ward,Alan Ward,Individual,"He told the inquiry, my understanding was that Gareth— that's you, Gareth Jenkins— worked alongside another chief architect architect under Alan Ward.",Day156
482,Alan Ward,Alan Ward,Individual,"I certainly did have a dotted line relationship to Alan Ward, who was the Chief Architect at that time.",Day156
483,David McDonnell,David McDonnell,Individual,"I thought that David McDonnell actually suggested I was the Chief Architect, and he's certainly mistaken in that belief.",Day156
484,Gareth Jenkins',Gareth Jenkins',Individual,He continued Gareth Jenkins' responsibility was specifically to the EPOSS counter system.,Day156
484,EPOSS,EPOSS,Technical System,He continued Gareth Jenkins' responsibility was specifically to the EPOSS counter system.,Day156
489,Horizon,Horizon,Technical System,Were you the chief architect of Horizon?,Day156
491,Horizon,Horizon,Technical System,Who was the chief architect of Horizon?,Day156
492,Alan Ward,Alan Ward,Individual,"Alan Ward was at that time, and I know he was quite involved in the development of EPOSS at that time, because there were quite a lot of changes being made, and he used to regularly fly off to Boston for a couple of days almost every week to actually work with Escher on changes to EPOSS.",Day156
492,EPOSS,EPOSS,Technical System,"Alan Ward was at that time, and I know he was quite involved in the development of EPOSS at that time, because there were quite a lot of changes being made, and he used to regularly fly off to Boston for a couple of days almost every week to actually work with Escher on changes to EPOSS.",Day156
492,Escher,Escher,Individual,"Alan Ward was at that time, and I know he was quite involved in the development of EPOSS at that time, because there were quite a lot of changes being made, and he used to regularly fly off to Boston for a couple of days almost every week to actually work with Escher on changes to EPOSS.",Day156
497,Gareth Jenkins,Gareth Jenkins,Individual,"He told us that there was a— or there had been a lack of formalised sign-off designs, a lack of discipline, a lack of professional qualifications in key positions, and a total disengagement of the chief architect, Gareth Jenkins, that there were poor coding standards, no methodology in place, and no unit testing.",Day156
498,EPOSS,EPOSS,Technical System,"The issues were critical, making the EPOSS product unstable.",Day156
501,Horizon,Horizon,Technical System,"Taking those in turn, you've already told us that you were not the chief architect of Horizon, but putting that aside, in relation to EPOSS, did you know whether or not there was an existence or a lack of formalised sign-off designs?",Day156
501,EPOSS,EPOSS,Technical System,"Taking those in turn, you've already told us that you were not the chief architect of Horizon, but putting that aside, in relation to EPOSS, did you know whether or not there was an existence or a lack of formalised sign-off designs?",Day156
504,EPOSS,EPOSS,Technical System,I have no idea what sort of processes they were following in the EPOSS team.,Day156
505,EPOSS,EPOSS,Technical System,Did you know whether or not there was a lack of discipline and a lack of professional qualifications in the EPOSS team?,Day156
509,EPOSS,EPOSS,Technical System,Did you know whether or not there was unit testing within the EPOSS team?,Day156
513,EPOSS,EPOSS,Technical System,"As to being known to everyone in the building, the other thing to remember is that the EPOSS team was based in Feltham and I was based in Bracknell.",Day156
517,EPOSS,EPOSS,Technical System,Were you aware of an EPOSS task force being set up by I don't think I was aware of it at the time.,Day156
527,the EPOSS PinICL Task Force,the EPOSS PinICL Task Force,Organisation,"It's a report of the EPOSS PinICL Task Force, and it reports on the activities of the EPOSS PinICL Task Force, which was in place between the 19th of August and the 18th of September 1998 to reduce to manageable levels the EPOSS PinICL outstanding at that time.",Day156
527,EPOSS PinICL Task Force,EPOSS PinICL Task Force,Organisation,"It's a report of the EPOSS PinICL Task Force, and it reports on the activities of the EPOSS PinICL Task Force, which was in place between the 19th of August and the 18th of September 1998 to reduce to manageable levels the EPOSS PinICL outstanding at that time.",Day156
527,EPOSS,EPOSS,Technical System,"It's a report of the EPOSS PinICL Task Force, and it reports on the activities of the EPOSS PinICL Task Force, which was in place between the 19th of August and the 18th of September 1998 to reduce to manageable levels the EPOSS PinICL outstanding at that time.",Day156
531,Austin Bennett,Austin Bennett,Individual,"The distribution does not include you, it's to Messrs Austin Bennett and McDonnell, but then library.",Day156
531,McDonnell,McDonnell,Organisation,"The distribution does not include you, it's to Messrs Austin Bennett and McDonnell, but then library.",Day156
534,ICL,ICL,Organisation,What was the nature of ICL's document library at this time?,Day156
537,Matthew Lentz,Matthew Lentz,Individual,"I think Matthew Lentz may have described something about this when he appeared a couple of weeks ago, and there was a document management system to which all documents were put and people could look at documents if they wished to do so, but normally you would only be looking at documents that either you'd written yourself or were needing— being asked to review in that library.",Day156
540,EPOSS,EPOSS,Technical System,"I suppose I could have done if I'd got nothing better to do, but I don't think I would have been particularly interested in what was happening with EPOSS at that time.",Day156
543,EPOSS,EPOSS,Technical System,"And you know— I'm not going to take you through it, we've seen it many times— it gives a very damning account account of the problems with EPOSS.",Day156
545,MacDonald,MacDonald,Individual,Mr MacDonald told us in his evidence that he presented this report to you.,Day156
548,Terry Austin,Terry Austin,Individual,"I think he presented it to whoever commissioned it, which I think I understand now is Terry Austin.",Day156
553,EPOSS PinICL Task Force,EPOSS PinICL Task Force,Organisation,I don't think I had any involvement with the EPOSS PinICL Task Force.,Day156
554,Gareth,Gareth,Individual,He said that we managed to get Gareth down to the counter team and Twice.,Day156
558,EPOSS,EPOSS,Technical System,But I don't recall having anything to do with him in terms of EPOSS.,Day156
559,API,API,Organisation,He said that his team tried to engage you in a conversation about the missing API,Day156
561,LFS,LFS,Organisation,"I think that was to do with this LFS thing that I mentioned previously, so I think that was in a role that he took on after the EPOSS team.",Day156
561,EPOSS,EPOSS,Technical System,"I think that was to do with this LFS thing that I mentioned previously, so I think that was in a role that he took on after the EPOSS team.",Day156
564,Escher,Escher,Individual,"I think it was more a case of pragmatism in that I think he wanted to totally change the way that the Escher software interfaced with the applications, and I could understand why he felt that there may have been a better way of doing it, but I could also see that there was no way that Escher was going to go and totally rewrite their software when it was basically operating and doing what it needed to do.",Day156
570,Terry Austin,Terry Austin,Individual,"He said that he was unable to engage you, to get you on his side and to lend your persuasive weight to persuade Terry Austin to rewrite the cash account.",Day156
572,Terry,Terry,Individual,"I have no recollection of that, and I can't see how I would possibly have been able to persuade Terry that something to do with the cash account when it was nothing to do Did you have what he describes as political design weight?",Day156
581,MacDonald,MacDonald,Individual,"Leaving aside your involvement and role in the way that Mr MacDonald has described, would you agree with, looking back now, About what he said about the EPOSS team in the late 1990s.",Day156
581,EPOSS,EPOSS,Technical System,"Leaving aside your involvement and role in the way that Mr MacDonald has described, would you agree with, looking back now, About what he said about the EPOSS team in the late 1990s.",Day156
591,NFS,NFS,Organisation,"I'd say the only recollection I have is discussing issues to do with NFS, which was a later role that he moved on to.",Day156
592,EPOSS,EPOSS,Technical System,I don't remember having any real involvement with the EPOSS team at that sort of time.,Day156
594,EPOSS,EPOSS,Technical System,"If you'd been asked the question at rollout time, to what extent does the EPOSS system function well and effectively, what would your answer have been?",Day156
601,EPOSS,EPOSS,Technical System,"If you were to give evidence later on about events that were happening in 2000, you wouldn't be able to say whether EPOSS was functioning well or not?",Day156
616,EPOSS,EPOSS,Technical System,"No, I didn't think it was a problem as far as that was concerned, because at the times that I was giving evidence for, I believed that the EPOSS system was stable and was operating correctly.",Day156
622,Fujitsu,Fujitsu,Organisation,"Rather than giving evidence about the existence of bugs, errors and defects within Horizon, how quickly they manifested themselves to Fujitsu, how promptly the Post Office was told about them, and the extent to which subpostmasters had themselves been informed?",Day156
622,the Post Office,Post Office,Organisation,"Rather than giving evidence about the existence of bugs, errors and defects within Horizon, how quickly they manifested themselves to Fujitsu, how promptly the Post Office was told about them, and the extent to which subpostmasters had themselves been informed?",Day156
630,Project Impact Impact,Project Impact Impact,Organisation,"You tell us in paragraph 20 of your witness statement that you became involved in the— in Project Impact Impact, as it was called.",Day156
631,the Post Office,Post Office,Organisation,"That was the name given to it by the Post Office, and it was essentially— excuse me— the replacement of the backend accounting system.",Day156
635,Project Impact,Project Impact,Organisation,"Given your role in the project, can you describe shortly what Project Impact was designed to do so far as the backend accounting system was concerned?",Day156
636,Post Office,Post Office,Organisation,"Post Office had a proprietary in-house system called, if I remember rightly, CBDB.",Day156
636,CBDB,CBDB,Organisation,"Post Office had a proprietary in-house system called, if I remember rightly, CBDB.",Day156
638,SAP,SAP,Organisation,"And they decided they wanted to go for a more industry standard system, and SAP was the industry standard, and probably still is, for handling accounts.",Day156
640,CBDB,CBDB,Organisation,"Now, CBDB worked on the basis that it would take the information from the cash accounts that were signed off each week and derive everything from that, which meant that it was always about a week behind what was really going on.",Day156
641,SAP,SAP,Organisation,"Whilst with an SAP system, they thought they could get a much more real-time knowledge of what was going on in the system.",Day156
642,SAP,SAP,Organisation,"So with SAP, they would know what had happened yesterday and therefore be in a much better position, particularly to control their cash flow, because they saw the amount of cash flowing through the post offices as being a fairly critical measure, because obviously cash had to be paid for, and it was all to do with Treasury interest rates and things like that that I didn't really understand, but I understood that having a good handle on exactly how much cash you had where made a big difference in terms of Post Office finances.",Day156
642,Treasury,Treasury,Organisation,"So with SAP, they would know what had happened yesterday and therefore be in a much better position, particularly to control their cash flow, because they saw the amount of cash flowing through the post offices as being a fairly critical measure, because obviously cash had to be paid for, and it was all to do with Treasury interest rates and things like that that I didn't really understand, but I understood that having a good handle on exactly how much cash you had where made a big difference in terms of Post Office finances.",Day156
642,Post Office,Post Office,Organisation,"So with SAP, they would know what had happened yesterday and therefore be in a much better position, particularly to control their cash flow, because they saw the amount of cash flowing through the post offices as being a fairly critical measure, because obviously cash had to be paid for, and it was all to do with Treasury interest rates and things like that that I didn't really understand, but I understood that having a good handle on exactly how much cash you had where made a big difference in terms of Post Office finances.",Day156
646,Paragraphs 45,Paragraphs 45,Individual,"Paragraphs 45 and 46, you say, I believe that ICL Fujitsu was only involved in one aspect of Project Impact, which was implementing changes to legacy Horizon that would enable it to interface with the new backend system.",Day156
646,Fujitsu,Fujitsu,Organisation,"Paragraphs 45 and 46, you say, I believe that ICL Fujitsu was only involved in one aspect of Project Impact, which was implementing changes to legacy Horizon that would enable it to interface with the new backend system.",Day156
646,Project Impact,Project Impact,Organisation,"Paragraphs 45 and 46, you say, I believe that ICL Fujitsu was only involved in one aspect of Project Impact, which was implementing changes to legacy Horizon that would enable it to interface with the new backend system.",Day156
646,Horizon,Horizon,Technical System,"Paragraphs 45 and 46, you say, I believe that ICL Fujitsu was only involved in one aspect of Project Impact, which was implementing changes to legacy Horizon that would enable it to interface with the new backend system.",Day156
647,S80,S80,Organisation,This was implemented in 2 phases as part of the S60 release in 2004 and the S80 release in 2005.,Day156
648,the Post Office,Post Office,Organisation,My involvement was to design the changes which the Post Office wanted.,Day156
649,Post Office,Post Office,Organisation,I remember that these phases of the work required a major re-engineering of the accounting processes in each Post Office branch.,Day156
652,Horizon,Horizon,Technical System,"And so, as the counters specialist, which which is what you were, you redesigned part of the legacy Horizon system that produced the accounts for the subpostmaster to sign off, would that be fair?",Day156
669,Post Office,Post Office,Organisation,"So Post Office decided that the term conceptual design was what should be— the document be called, but to me it was a requirements document.",Day156
670,Post Office,Post Office,Organisation,"This was setting out what Post Office wanted to happen, and this was actually written by Post Office, though aided by a Fujitsu requirements analyst called Phil Boardman, who I believe has been in front of inquiry a year or so ago.",Day156
670,Fujitsu,Fujitsu,Organisation,"This was setting out what Post Office wanted to happen, and this was actually written by Post Office, though aided by a Fujitsu requirements analyst called Phil Boardman, who I believe has been in front of inquiry a year or so ago.",Day156
670,Phil Boardman,Phil Boardman,Individual,"This was setting out what Post Office wanted to happen, and this was actually written by Post Office, though aided by a Fujitsu requirements analyst called Phil Boardman, who I believe has been in front of inquiry a year or so ago.",Day156
674,Fujitsu,Fujitsu,Organisation,"But it was basically understanding what Fujitsu wanted to do, and my involvement was really a case of saying, well, if you want to do that, Is that practical?",Day156
682,Post Office,Post Office,Organisation,"If we just read this together, this area of functions has the purpose of providing mechanisms to make adjustments to branch accounts to correct errors and ensure branch accounts align with the Post Office accounts within POLFS.",Day156
684,Post Office,Post Office,Organisation,"The main areas will be from within the branch, from Post Office clients, or centrally by distributing electronic transaction corrections.",Day156
686,Horizon,Horizon,Technical System,They'll be received and actioned via Horizon.,Day156
695,Post Office's,Post Office,Organisation,"Now, exactly why they wanted to do that, that was part of Post Office's business for trying to save money.",Day156
699,Post Office,Post Office,Organisation,"What I believe was behind a lot of this was they were trying to reduce the number of staff that they had in Chesterfield back office which were monitoring things like this, so they were trying to actually automate things and reduce the flexibility on the postmasters, which I thought was a business decision for Post Office and nothing for me to get involved in.",Day156
700,the Post Office,Post Office,Organisation,Were you told that the suspense account was considered by the Post Office to be a vehicle for subpostmasters to hide fraud?,Day156
702,Post Office,Post Office,Organisation,"There were various discussions about behaviours of postmasters and things like that, but— and I know the Post Office were quite keen to get rid of the suspense account.",Day156
704,Project Impact,Project Impact,Organisation,"Given that reduction on usage, if there was a discrepancy in a subpostmaster's account, after Project Impact, the subpostmaster would have to accept it and pay it before they could roll over into the new trading period, correct?",Day156
705,Post Office,Post Office,Organisation,"That is what I understood the Post Office wanted the system to do, so yes.",Day156
706,the Post Office,Post Office,Organisation,"And if they didn't pay, the Post Office would, in the language of this document, enforce contractual requirements.",Day156
709,Horizon,Horizon,Technical System,"My focus was on what exactly was it I had to actually implement in the way that Horizon worked, and what I took from that was I had to simplify the menus for the suspense accounts, which was actually just a reference data change.",Day156
711,Horizon,Horizon,Technical System,"Was there any consideration, to your knowledge, of the importance of the accuracy of the figures produced by Horizon?",Day156
712,Horizon,Horizon,Technical System,"Well, I always felt it was important that the figures produced by Horizon were accurate, and I, I wasn't aware that there was any doubt or challenge to that at that stage, so therefore I didn't see that as being an issue as part of what we were doing here.",Day156
717,Susan Harding,Susan Harding,Individual,"We've heard evidence from Susan Harding— that document can come down, thank you— who told us that the business drivers for the Impact Programme were to reduce the costs of the business, increasing accounting efficiency and reducing the losses to the Post Office.",Day156
717,the Post Office,Post Office,Organisation,"We've heard evidence from Susan Harding— that document can come down, thank you— who told us that the business drivers for the Impact Programme were to reduce the costs of the business, increasing accounting efficiency and reducing the losses to the Post Office.",Day156
719,Post Office,Post Office,Organisation,"I can't remember the detail of the drivers, but certainly I know that Post Office were trying to reduce their costs.",Day156
721,the Post Office's,Post Office,Organisation,Were you told that a business driver was to improve the Post Office's debt recovery from subpostmasters?,Day156
731,the Post Office,Post Office,Organisation,"You tell us in your witness statement, paragraph 43 of your first witness statement, that the decision to remove the ability of subpostmasters to post discrepancies to a suspense account was because the Post Office took what I assume to be a business decision to remove this functionality.",Day156
735,Ms Harding,Ms Harding,Individual,Ms Harding told us that it was agreed during the design of the impact programme that the suspense account would be removed because historically it was used by subpostmasters to hide discrepancies in their accounts.,Day156
749,MBSE,MBSE,Organisation,"How that actually operated, presumably through MBSE, but exactly how that operated I didn't know and didn't really concern me particularly.",Day156
750,the Post Office,Post Office,Organisation,"Do you remember being told by the Post Office that subpostmasters, quote, hid their discrepancies in the suspense account?",Day156
764,Castleton,Castleton,Individual,"Can we break until 20 past 10, when we'll turn to Mr. Castleton's case?",Day156
771,Jenkins,Gareth Jenkins,Individual,"Thank you very much, Mr Jenkins.",Day156
772,Mr Jenkins,Mr Jenkins,Individual,"Thank you, Mr Jenkins.",Day156
773,Lee Castleton's,Lee Castleton's,Individual,"Can we turn to Lee Castleton's case, please?",Day156
778,the Post Office's,Post Office,Organisation,"You can see here a letter dated the 18th of November from Bond Pearce, who are the Post Office's solicitors in the case against Mr. Castleton, addressed to Fujitsu.",Day156
778,Castleton,Castleton,Individual,"You can see here a letter dated the 18th of November from Bond Pearce, who are the Post Office's solicitors in the case against Mr. Castleton, addressed to Fujitsu.",Day156
778,Fujitsu,Fujitsu,Organisation,"You can see here a letter dated the 18th of November from Bond Pearce, who are the Post Office's solicitors in the case against Mr. Castleton, addressed to Fujitsu.",Day156
781,Fujitsu,Fujitsu,Organisation,"And if we just read the first page, in summary, it says, to Fujitsu, in relation to Mr. Castleton's branch at Marine Drive, we act on behalf of the Post Office.",Day156
781,Castleton,Castleton,Individual,"And if we just read the first page, in summary, it says, to Fujitsu, in relation to Mr. Castleton's branch at Marine Drive, we act on behalf of the Post Office.",Day156
781,the Post Office,Post Office,Organisation,"And if we just read the first page, in summary, it says, to Fujitsu, in relation to Mr. Castleton's branch at Marine Drive, we act on behalf of the Post Office.",Day156
782,Castleton,Castleton,Individual,"Between those dates, Mr. Castleton was a subpostmaster at the Marine Drive Post Office.",Day156
782,the Marine Drive Post Office,the Marine Drive Post Office,Organisation,"Between those dates, Mr. Castleton was a subpostmaster at the Marine Drive Post Office.",Day156
786,The Post Office,Post Office,Organisation,The Post Office has now issued a claim against him to try to recover these net losses.,Day156
788,Castleson,Castleson,Individual,"And then 2, Mr. Castleson's defence.",Day156
789,Horizon,Horizon,Technical System,"His case is that any shortfall is entirely the fault of the problems with the Horizon computer and accounting system at Marine Drive, and that the Post Office wrongfully terminated his contract, in respect of which he suffered losses not exceeding £250,000.",Day156
789,the Post Office,Post Office,Organisation,"His case is that any shortfall is entirely the fault of the problems with the Horizon computer and accounting system at Marine Drive, and that the Post Office wrongfully terminated his contract, in respect of which he suffered losses not exceeding £250,000.",Day156
792,Bentley Johnson,Bentley Johnson,Individual,"Bentley Johnson, they were the authors of the— sorry, Jeninson, the authors of the report in the second attachment, state that deficiencies have probably been brought forward despite the fact that they've been entered onto the suspense account entry.",Day156
792,Jeninson,Jeninson,Individual,"Bentley Johnson, they were the authors of the— sorry, Jeninson, the authors of the report in the second attachment, state that deficiencies have probably been brought forward despite the fact that they've been entered onto the suspense account entry.",Day156
793,Horizon,Horizon,Technical System,"They suspect this is because the Horizon system, despite the suspense account entry, failed to recognise the entry on the daily snapshots.",Day156
796,Castleton,Castleton,Individual,"Mr. Castleton believes if he can obtain further documents such as the daily snapshots, he'll be able to undertake a manual reconciliation of the cash account in order to substantiate his belief that the losses are not real but attributable to computer error.",Day156
797,Fujitsu,Fujitsu,Organisation,"We attach an email from Fujitsu to Richard Benton at the Post Office dated the 5th of May, in which Fujitsu state, quote, it is possible that they are not accurately recording all transactions on the system.",Day156
797,Richard Benton,Richard Benton,Individual,"We attach an email from Fujitsu to Richard Benton at the Post Office dated the 5th of May, in which Fujitsu state, quote, it is possible that they are not accurately recording all transactions on the system.",Day156
797,the Post Office,Post Office,Organisation,"We attach an email from Fujitsu to Richard Benton at the Post Office dated the 5th of May, in which Fujitsu state, quote, it is possible that they are not accurately recording all transactions on the system.",Day156
800,Castleton,Castleton,Individual,Please could you review Mr Castleton's experts' reports and prepare a formal report dealing with the following points.,Day156
801,Horizon,Horizon,Technical System,"We need to explain to a judge who will know nothing about Horizon exactly how it works, etc. 2, precisely what steps Fujitsu took to examine the Horizon system at the Marine Drive branch.",Day156
801,Fujitsu,Fujitsu,Organisation,"We need to explain to a judge who will know nothing about Horizon exactly how it works, etc. 2, precisely what steps Fujitsu took to examine the Horizon system at the Marine Drive branch.",Day156
801,Marine Drive,Marine Drive,Organisation,"We need to explain to a judge who will know nothing about Horizon exactly how it works, etc. 2, precisely what steps Fujitsu took to examine the Horizon system at the Marine Drive branch.",Day156
802,Horizon,Horizon,Technical System,"3, whether there have been any similar or serious problems with the Horizon system at Marine Drive since his suspension and dismissal.",Day156
803,Castleton,Castleton,Individual,Whether you believe the suggestion put forward by Mr Castleton's experts is likely to be correct.,Day156
804,Horizon,Horizon,Technical System,"5, if there have been any human errors in the recording— in recording the transactions, could an explanation be that, A, there was nothing wrong with Horizon because it simply reflected the information entered onto it, but B, if staff entered the wrong numbers into Horizon, there may have been no real loss, even though Horizon would show a loss, because there could be human error in accounting, accurately recording transactions.",Day156
809,the Post Office,Post Office,Organisation,"Whilst the Post Office will be liable to pay your fees in preparing your report and giving evidence, your overriding duty will be to help the court on the matters within your expertise.",Day156
810,the Civil Procedure Rules,the Civil Procedure Rules,Organisation,"You agree to meet the requirements of the Civil Procedure Rules Part 35, and the copy is enclosed, and that your report will be one addressed to the court and not to the Post Office.",Day156
810,the Post Office,Post Office,Organisation,"You agree to meet the requirements of the Civil Procedure Rules Part 35, and the copy is enclosed, and that your report will be one addressed to the court and not to the Post Office.",Day156
831,Fujitsu,Fujitsu,Organisation,"You confirm that you are, one, an independent party and not the client's employee or agent, other than at the material time Fujitsu responsible for looking after the Horizon system.",Day156
831,Horizon,Horizon,Technical System,"You confirm that you are, one, an independent party and not the client's employee or agent, other than at the material time Fujitsu responsible for looking after the Horizon system.",Day156
832,the Post Office,Post Office,Organisation,"2, know of no reason why you shouldn't act as a witness for the Post Office in relation to the dispute.",Day156
833,Post Office,Post Office,Organisation,"3, will advise us in writing immediately if there's any conflict between your interests and the Post Office interests.",Day156
840,Mr Jenkins,Mr Jenkins,Individual,"I mean, I, I think I would have remembered if it had been sent to me, because, uh, I can see there that it's clearly set out what the duties are, and I'd— I wasn't aware of any of those duties until my solicitor pointed them out to me, um, when, when we first got engaged at the end of 20— When you're giving your answers, Mr Jenkins, you should refrain, unless you're doing it deliberately, from disclosing communications between your current solicitor and you which involve either the seeking of legal advice by you or the provision of legal advice to you.",Day156
862,FUJ00154713,FUJ00154713,Organisation,Can we turn please to FUJ00154713?,Day156
865,Marine Drive,Marine Drive,Individual,It's an email dated the 8th of December 2005 about Marine Drive from you to Brian Pinder.,Day156
865,Brian Pinder,Brian Pinder,Individual,It's an email dated the 8th of December 2005 about Marine Drive from you to Brian Pinder.,Day156
867,Brian Pinder's,Brian Pinder's,Individual,What was Brian Pinder's function at this time?,Day156
869,Fujitsu,Fujitsu,Organisation,And just tell us what the Fujitsu security team did.,Day156
870,Post Office,Post Office,Organisation,"They were responsible for overall security, so making sure that the systems were secure, but they were also involved with communicating with Post Office in terms of providing what was called prosecution support or litigation support.",Day156
877,Brian,Brian,Individual,"Uh, Brian, I think that's you writing, isn't it?",Day156
881,Post Office,Post Office,Organisation,"Um, I've been asked by the fraud investigation team to answer several questions to assist an inquiry regarding a Post Office employee, subpostmaster, alleging that the Horizon system may have lost his money.",Day156
881,Horizon,Horizon,Technical System,"Um, I've been asked by the fraud investigation team to answer several questions to assist an inquiry regarding a Post Office employee, subpostmaster, alleging that the Horizon system may have lost his money.",Day156
883,Graham,Graham,Individual,The answers are being directed back to Graham.,Day156
884,Graham Ward,Graham Ward,Individual,Would you understand that to be Graham Ward?,Day156
888,Pinder,Pinder,Individual,Is that part in black there something that Mr Pinder wrote?,Day156
891,Brian,Brian,Individual,"Trying to decode it then, that second paragraph then after the word Brian looks like it's Mr Pinder Having sent that to you and then you've cut it into his— into your email back?",Day156
891,Pinder Having,Pinder Having,Individual,"Trying to decode it then, that second paragraph then after the word Brian looks like it's Mr Pinder Having sent that to you and then you've cut it into his— into your email back?",Day156
893,Horizon,Horizon,Technical System,"And then there's a part in lighter text, almost grey: If there have been human errors in recording the transactions, could an explanation be that: a) there was nothing wrong with Horizon because it simply reflected the information entered onto it; but— just stopping there.",Day156
894,Pinder,Pinder,Individual,Is that likely to be what Mr Pinder has included in his original email to you?,Day156
896,Bomb Pierce,Bomb Pierce,Organisation,One of the 6 questions in the Bomb Pierce letter of 18 November.,Day156
897,Horizon,Horizon,Technical System,"And then you reply, is this right, this is certainly true, i.e., Horizon simply reflects the Correct, that would have been my comment.",Day156
897,Correct,Correct,Organisation,"And then you reply, is this right, this is certainly true, i.e., Horizon simply reflects the Correct, that would have been my comment.",Day156
898,Horizon,Horizon,Technical System,"So in relation to if there have been human errors in recording the transactions, could an explanation be there's nothing wrong with Horizon because it simply reflected information entered into it?",Day156
899,Horizon,Horizon,Technical System,"And you say this is certainly true, i.e., simply Horizon simply reflects the information entered into it?",Day156
905,Horizon,Horizon,Technical System,"Yes, because Horizon is going to record What is actually entered into it, whether that reflects what happened in the real world, and if you do a typo when you put information into Horizon, then it's going to accurately record that typo.",Day156
906,Horizon,Horizon,Technical System,"And then part B of the original question, if staff entered the wrong numbers into Horizon, there may have been no real loss, even though Horizon would show a loss, because there could be a human error inaccurately recording transactions.",Day156
910,Horizon,Horizon,Technical System,"However, if there is some sort of misentering of data into Horizon, then there would be another corresponding error which should be picked up, e.g., as a stock error or some AP client being credited with an incorrect amount.",Day156
910,AP,AP,Organisation,"However, if there is some sort of misentering of data into Horizon, then there would be another corresponding error which should be picked up, e.g., as a stock error or some AP client being credited with an incorrect amount.",Day156
919,Post Office,Post Office,Organisation,"Without understanding exactly what is alleged by Post Office and the subpostmaster, I don't feel I can add anything further.",Day156
946,Probably,Probably,Individual,"Well, the fact that the request was coming from the security team suggested that they Probably was.",Day156
955,Dave Baldwin,Dave Baldwin,Individual,"There's then a part of the text which says: I've spoken with Dave Baldwin, etcetera.",Day156
956,Pinder,Pinder,Individual,Is that paragraph again Mr Pinder?,Day156
958,Dave Baldwin,Dave Baldwin,Individual,"I've spoken to Dave Baldwin on this, he recommended I speak with you, I'll also be liaising with him on my final response, as we're fundamentally of the opinion that Horizon does not eat money, merely accounts for its placement.",Day156
958,Horizon,Horizon,Technical System,"I've spoken to Dave Baldwin on this, he recommended I speak with you, I'll also be liaising with him on my final response, as we're fundamentally of the opinion that Horizon does not eat money, merely accounts for its placement.",Day156
959,Saying,Saying,Individual,"And then you finish, I think this is you at the end, Saying, happy to discuss further if you want to look at some more specific areas of Horizon.",Day156
959,Horizon,Horizon,Technical System,"And then you finish, I think this is you at the end, Saying, happy to discuss further if you want to look at some more specific areas of Horizon.",Day156
965,Pinder,Pinder,Individual,"Later that day, Mr Pinder writes back to you and says, for your information, Gareth, this is the response I intend to send to Graham.",Day156
965,Gareth,Gareth,Individual,"Later that day, Mr Pinder writes back to you and says, for your information, Gareth, this is the response I intend to send to Graham.",Day156
965,Graham,Graham,Individual,"Later that day, Mr Pinder writes back to you and says, for your information, Gareth, this is the response I intend to send to Graham.",Day156
992,Brian Pinder,Brian Pinder,Individual,"I don't know, I think you'd have to ask Brian Pinder.",Day156
1007,Beer,Beer,Individual,"Before we do, Mr Beer, I'm slightly puzzled, and it may just be me, about, um, how this email, the one that's on the screen, begins, for your information, and then this, this is the response I intend to send to Graham, re your question, if that's okay.",Day156
1007,Graham,Graham,Individual,"Before we do, Mr Beer, I'm slightly puzzled, and it may just be me, about, um, how this email, the one that's on the screen, begins, for your information, and then this, this is the response I intend to send to Graham, re your question, if that's okay.",Day156
1008,Pinder,Pinder,Individual,"Now, um, to me that reads as if Mr. Pinder is going to send this response to Graham if it's okay with Mr. Jenkins, because it's the question that Mr. Jenkins has asked him.",Day156
1008,Graham,Graham,Individual,"Now, um, to me that reads as if Mr. Pinder is going to send this response to Graham if it's okay with Mr. Jenkins, because it's the question that Mr. Jenkins has asked him.",Day156
1008,Jenkins,Gareth Jenkins,Individual,"Now, um, to me that reads as if Mr. Pinder is going to send this response to Graham if it's okay with Mr. Jenkins, because it's the question that Mr. Jenkins has asked him.",Day156
1011,Pinder,Pinder,Individual,"And is that consistent with the interpretation that was, um, given to the preceding, uh, emails, which suggested that it was Mr Pinder who was seeking to ask questions of Mr Jenkins rather than Mr Jenkins asking questions of Mr Pinder.",Day156
1017,Pinder,Pinder,Individual,"As I read this, There must have been an earlier email that we haven't got in which Mr Pinder sent that first paragraph, I've been asked by the fraud investigation team, and then the second paragraph which says if there have been human errors, if that's marked, and then the paragraph at A, if that can be marked.",Day156
1020,Jenkins,Gareth Jenkins,Individual,And then Mr. Jenkins has replied in the darker text.,Day156
1025,Gareth Jenkins,Gareth Jenkins,Individual,"If we go back up to the top page, do you understand that this is Mr Pinder saying to you, everything below the words comments from Gareth Jenkins and including the words comments for Gareth Jenkins is what I, Brian Pinder, are going to send to Greg.",Day156
1025,Brian Pinder,Brian Pinder,Individual,"If we go back up to the top page, do you understand that this is Mr Pinder saying to you, everything below the words comments from Gareth Jenkins and including the words comments for Gareth Jenkins is what I, Brian Pinder, are going to send to Greg.",Day156
1025,Greg,Greg,Individual,"If we go back up to the top page, do you understand that this is Mr Pinder saying to you, everything below the words comments from Gareth Jenkins and including the words comments for Gareth Jenkins is what I, Brian Pinder, are going to send to Greg.",Day156
1029,Mr Jenkins,Mr Jenkins,Individual,"So I think what that— the your— I don't want to give evidence here, but— Maybe I should just ask Mr Jenkins, what do you think?",Day156
1030,Graham Ward,Graham Ward,Individual,"I, I think the re: your question My understanding is that Graham Ward had asked Brian Pinder 6 questions.",Day156
1030,Brian Pinder,Brian Pinder,Individual,"I, I think the re: your question My understanding is that Graham Ward had asked Brian Pinder 6 questions.",Day156
1031,Graham Ward,Graham Ward,Individual,"He had identified one of those questions for me to respond to, namely question 6 I think it was, and therefore what he's saying is, in response to your— the question that I've allocated to you, this is the answer I intend to send to Graham Ward in response to that specific question.",Day156
1038,Graham,Graham,Individual,"So that should read, I intend to send to Graham the question that has been allocated to you, if that's okay?",Day156
1050,Brian,Brian,Individual,"So I think what Brian had interpreted from that, therefore I wasn't going to comment on it, and that's why I would have been happy with, I'm not happy to comment.",Day156
1057,Brian Pinder's,Brian Pinder's,Individual,"This is, if we just look at the foot of the page, Brian Pinder's document.",Day156
1059,Graham,Graham,Individual,"Addressed to Graham, which is going to be Graham Ward.",Day156
1059,Graham Ward,Graham Ward,Individual,"Addressed to Graham, which is going to be Graham Ward.",Day156
1061,Bond-Pierce,Bond-Pierce,Organisation,"He says, in response to your email request dated 28 November concerning the questions raised at paragraph 3 of the above document, the above document being the Bond-Pierce letter that we've looked at.",Day156
1063,Ann Chambers,Ann Chambers,Individual,"Question 2, it refers to, in the answer, a response from Ann Chambers which is attached.",Day156
1064,Pinder,Pinder,Individual,"If we scroll down, please, to question 5, you'll see that the full question in 3 parts is set out, and the reply from Mr Pinder is Gareth Jenkins' response attached.",Day156
1064,Gareth Jenkins',Gareth Jenkins',Individual,"If we scroll down, please, to question 5, you'll see that the full question in 3 parts is set out, and the reply from Mr Pinder is Gareth Jenkins' response attached.",Day156
1066,Pinder,Pinder,Individual,So this was the attachment to Mr Pinder's document.,Day156
1067,FYI,FYI,Organisation,"Can you see that it's essentially his email back to you, the FYI email?",Day156
1071,the Post Office,Post Office,Organisation,So the shortened reply has been sent back to the Post Office.,Day156
1072,the Post Office,Post Office,Organisation,"You were able to comment, weren't you, whereas your reply has gone back to the Post Office saying that you're not able to comment?",Day156
1074,Fujitsu,Fujitsu,Organisation,Was the reason for that because it was thought that an investigation of what the subpostmaster was saying might not be in Fujitsu's best interests?,Day156
1076,Dan,Dan,Individual,"I would have been quite happy to investigate and look at exactly what had happened in the branch, and in fact I believe at some later stage I did assist Dan in doing some investigations there.",Day156
1077,Fujitsu,Fujitsu,Organisation,Was the reason for the different reply that an investigation might reveal issues that Fujitsu didn't really want to speak about?,Day156
1080,Bond Pearce,Bond Pearce,Organisation,I think you subsequently attended a conference on the 6th of June 2006 with representatives of Bond Pearce and others.,Day156
1085,Lee Castleton,Lee Castleton,Individual,"We can see this is an attendance note in the case of Lee Castleton, dated the 6th of June 2006.",Day156
1087,Fujitsu,Fujitsu,Organisation,This is at Fujitsu's HQ in Bracknell.,Day156
1088,Brian Pinder,Brian Pinder,Individual,"In attendance were, if we scroll down, solicitors, the first 3 people, Then Brian Pinder, Peter Sewell, Andy— I think that's Dunks.",Day156
1088,Peter Sewell,Peter Sewell,Individual,"In attendance were, if we scroll down, solicitors, the first 3 people, Then Brian Pinder, Peter Sewell, Andy— I think that's Dunks.",Day156
1088,Andy,Andy,Individual,"In attendance were, if we scroll down, solicitors, the first 3 people, Then Brian Pinder, Peter Sewell, Andy— I think that's Dunks.",Day156
1088,Dunks,Dunks,Organisation,"In attendance were, if we scroll down, solicitors, the first 3 people, Then Brian Pinder, Peter Sewell, Andy— I think that's Dunks.",Day156
1090,Mr Dunks,Mr Dunks,Individual,I think he's called Mr Dunks.,Day156
1091,Anne Chambers,Anne Chambers,Individual,"Anne Chambers, Naomi Ellis, and you, distinguished engineer of Fujitsu.",Day156
1091,Naomi Ellis,Naomi Ellis,Organisation,"Anne Chambers, Naomi Ellis, and you, distinguished engineer of Fujitsu.",Day156
1091,Fujitsu,Fujitsu,Organisation,"Anne Chambers, Naomi Ellis, and you, distinguished engineer of Fujitsu.",Day156
1094,Anne Chambers,Anne Chambers,Individual,Do you recall any discussion in this meeting about you or Anne Chambers giving evidence?,Day156
1096,Anne,Anne,Individual,I do know that Anne eventually ended up giving evidence in the case,Day156
1098,Bond-Pierce,Bond-Pierce,Organisation,You remember the second page of the Bond-Pierce letter and onto the third page of the Bond-Pierce letter?,Day156
1107,Pearce,Pearce,Individual,Had the guidance that Bond Pearce had given about the provision of expert evidence by a Fujitsu employee been forgotten by this stage?,Day156
1107,Fujitsu,Fujitsu,Organisation,Had the guidance that Bond Pearce had given about the provision of expert evidence by a Fujitsu employee been forgotten by this stage?,Day156
1109,Anne Chambers,Anne Chambers,Individual,"In any event, your recollection is that that wasn't gone over again in the context of either you or Anne Chambers giving evidence?",Day156
1117,Bond Pearce,Bond Pearce,Organisation,"From the solicitor at Bond Pearce, Stephen Dilley, to Mr Pinder.",Day156
1117,Stephen Dilley,Stephen Dilley,Individual,"From the solicitor at Bond Pearce, Stephen Dilley, to Mr Pinder.",Day156
1117,Pinder,Pinder,Individual,"From the solicitor at Bond Pearce, Stephen Dilley, to Mr Pinder.",Day156
1118,Graham Ward,Graham Ward,Individual,"copied to Graham Ward and Mandy Talbot, so not you at this stage.",Day156
1118,Mandy Talbot,Mandy Talbot,Individual,"copied to Graham Ward and Mandy Talbot, so not you at this stage.",Day156
1124,Castleton,Castleton,Individual,"In the meantime, I attach a letter received on 7th of June from Mr. Castleton's solicitors.",Day156
1126,Horizon,Horizon,Technical System,"Basically, they state the Horizon system is equipped with a facility via which its operating software can be updated remotely via the connection to the Post Office's head office, and that the system sometimes went offline when there are software updates.",Day156
1126,the Post Office's,Post Office,Organisation,"Basically, they state the Horizon system is equipped with a facility via which its operating software can be updated remotely via the connection to the Post Office's head office, and that the system sometimes went offline when there are software updates.",Day156
1142,Brian Pinder,Brian Pinder,Individual,Brian Pinder sends that on to you and Penny Thomas.,Day156
1142,Penny Thomas,Penny Thomas,Individual,Brian Pinder sends that on to you and Penny Thomas.,Day156
1148,Software,Software,Organisation,"Software updates are relatively rare and normally only take place between 8 PM and 1 AM, and again before 4 AM and 7 AM, with occasional extensions at the weekend.",Day156
1149,Horizon,Horizon,Technical System,This puts them well outside the normal operational hours of Horizon.,Day156
1154,Marine Drive,Marine Drive,Organisation,"I don't know how long these are retained, whether they're included in the audit trail, so you can check the history from— excuse me— from Marine Drive in 2004, and then you suggest a place to start.",Day156
1155,Bond-Pierce,Bond-Pierce,Organisation,"In the provision of this information, which is a reply about a species of remote access, Had the guidance in the Bond-Pierce letter been drawn to your attention about the provision of expert evidence?",Day156
1161,Pinder,Pinder,Individual,An email from Mr Ward to Mr Pinder and Mr Sewell.,Day156
1161,Mr Sewell,Mr Sewell,Individual,An email from Mr Ward to Mr Pinder and Mr Sewell.,Day156
1164,Stephen Dilley,Stephen Dilley,Individual,"Stephen Dilley, representing the Post Office, is asking if it's possible that someone undertakes an analysis of figures recorded on transaction logs.",Day156
1164,the Post Office,Post Office,Organisation,"Stephen Dilley, representing the Post Office, is asking if it's possible that someone undertakes an analysis of figures recorded on transaction logs.",Day156
1165,Castleton,Castleton,Organisation,It appears that The solicitors for Castleton are saying that they've compared the transaction logs with the cash accounts for week 42 themselves and they don't match.,Day156
1166,Horizon,Horizon,Technical System,They conclude that Horizon is therefore only recording half the transactions.,Day156
1167,Horizon,Horizon,Technical System,"And then reading second, third paragraph, given this is a test case and that the integrity of the Horizon system is being challenged, my own opinion is that this exercise should be completed by an expert, in inverted commas, from Fujitsu.",Day156
1167,Fujitsu,Fujitsu,Organisation,"And then reading second, third paragraph, given this is a test case and that the integrity of the Horizon system is being challenged, my own opinion is that this exercise should be completed by an expert, in inverted commas, from Fujitsu.",Day156
1170,Fujitsu,Fujitsu,Organisation,"My first question is, one, is this an exercise that Fujitsu could undertake, possibly by Gareth, perhaps, who would presumably have a thorough understanding of the figures recorded on both the transaction logs and the figures on an office cash account?",Day156
1170,Gareth,Gareth,Individual,"My first question is, one, is this an exercise that Fujitsu could undertake, possibly by Gareth, perhaps, who would presumably have a thorough understanding of the figures recorded on both the transaction logs and the figures on an office cash account?",Day156
1173,Pinder,Pinder,Individual,"And then if we scroll up, please, we'll see there that Mr. Pinder forwards the email to you on the 31st of July asking Is this something you can provide?",Day156
1181,Penny,Penny,Organisation,I'll probably need help from Penny in carrying out extracts from the relevant message stores.,Day156
1183,Anne Chambers,Anne Chambers,Individual,Anne Chambers might be able to do a similar analysis and she might have some tools to help.,Day156
1190,Please,Please,Organisation,"Can we look, please, Please, at FUJ 0015-2290.",Day156
1192,Sewell,Sewell,Individual,"And, uh, you say there on the 7th of August to Mr. Sewell in relation to the Castleton case and transaction logs, second paragraph.",Day156
1192,Castleton,Castleton,Organisation,"And, uh, you say there on the 7th of August to Mr. Sewell in relation to the Castleton case and transaction logs, second paragraph.",Day156
1193,Anne,Anne,Individual,I've spoke with Anne this morning.,Day156
1196,Penny,Penny,Organisation,"Proposal is approved, she will carry out the initial analysis based on transactions we get from Penny.",Day156
1197,the Post Office,Post Office,Organisation,Then we will review them together and I'll front up any report we present to the Post Office.,Day156
1203,Marine Drive,Marine Drive,Individual,"17th of August now, 2006, about Marine Drive from Anne Chambers to you.",Day156
1203,Anne Chambers,Anne Chambers,Individual,"17th of August now, 2006, about Marine Drive from Anne Chambers to you.",Day156
1204,Marine Drive,Marine Drive,Organisation,"She says, I've spent some time recalculating the CAP 42, the cash account period 42 cash account for Marine Drive and addressing the points in the letter",Day156
1213,Ms Chambers,Ms Chambers,Individual,"And so Ms Chambers had been asked by you to do the work, or it had been agreed by you that she should do the work; is that right?",Day156
1222,Dilley,Dilley,Individual,"An email of the 2nd of August from Mr. Dilley, the solicitor, to Brian Pinder and others, not including you, with the subject First Draft Statement of Gareth Jenkins, and says to Mr. Pinder, I refer to our previous correspondence and attach the first draft of witness statement and exhibit for Gareth Jenkins.",Day156
1222,Brian Pinder,Brian Pinder,Individual,"An email of the 2nd of August from Mr. Dilley, the solicitor, to Brian Pinder and others, not including you, with the subject First Draft Statement of Gareth Jenkins, and says to Mr. Pinder, I refer to our previous correspondence and attach the first draft of witness statement and exhibit for Gareth Jenkins.",Day156
1222,First Draft Statement,First Draft Statement,Organisation,"An email of the 2nd of August from Mr. Dilley, the solicitor, to Brian Pinder and others, not including you, with the subject First Draft Statement of Gareth Jenkins, and says to Mr. Pinder, I refer to our previous correspondence and attach the first draft of witness statement and exhibit for Gareth Jenkins.",Day156
1222,Gareth Jenkins,Gareth Jenkins,Individual,"An email of the 2nd of August from Mr. Dilley, the solicitor, to Brian Pinder and others, not including you, with the subject First Draft Statement of Gareth Jenkins, and says to Mr. Pinder, I refer to our previous correspondence and attach the first draft of witness statement and exhibit for Gareth Jenkins.",Day156
1222,Pinder,Pinder,Individual,"An email of the 2nd of August from Mr. Dilley, the solicitor, to Brian Pinder and others, not including you, with the subject First Draft Statement of Gareth Jenkins, and says to Mr. Pinder, I refer to our previous correspondence and attach the first draft of witness statement and exhibit for Gareth Jenkins.",Day156
1223,Horizon,Horizon,Technical System,"It's designed to explain what Horizon is, comment on Mr Castleton's allegations about the Horizon system.",Day156
1223,Castleton,Castleton,Organisation,"It's designed to explain what Horizon is, comment on Mr Castleton's allegations about the Horizon system.",Day156
1224,Anne,Anne,Organisation,I'm preparing a separate statement for Anne to follow shortly which will deal with the call logs.,Day156
1244,Pinder,Pinder,Individual,"I think you, um, were subsequently informed by Mr. Pinder, uh, that you wouldn't be required to give, um, evidence in Mr. Castleton's case.",Day156
1244,Castleton,Castleton,Individual,"I think you, um, were subsequently informed by Mr. Pinder, uh, that you wouldn't be required to give, um, evidence in Mr. Castleton's case.",Day156
1247,Pinder,Pinder,Individual,"Do you remember, um, Mr. Pinder informing you directly that you would not be required to give evidence in Mr. Castleton's case?",Day156
1247,Castleton,Castleton,Individual,"Do you remember, um, Mr. Pinder informing you directly that you would not be required to give evidence in Mr. Castleton's case?",Day156
1256,Pinder,Pinder,Individual,"I think, again, as is, or as was your practice, you have cut into an email, the contents of Mr Pinder's email, and replied to it?",Day156
1258,Pinder,Pinder,Individual,And so the first part of the text in the 2 lightly shaded paragraphs is what Mr Pinder is saying; is that right?,Day156
1261,Stephen up re,Stephen up re,Individual,"He says, just been chasing Stephen up re your attendance and any matters still outstanding for us, Post Office account, as follows— my words.",Day156
1261,Post Office,Post Office,Organisation,"He says, just been chasing Stephen up re your attendance and any matters still outstanding for us, Post Office account, as follows— my words.",Day156
1262,Jenkins,Gareth Jenkins,Individual,"He states that although you— that's you, Mr. Jenkins— would probably make a good witness, it is for evidential reasons that you cannot be called, to do with evidence of opinion in inverted commas, expert evidence and real evidence, etc., etc.",Day156
1265,Lee Carstensen,Lee Carstensen,Individual,"Was that the limit of the explanation that you received as, um, to why you were not being called as a witness in the Lee Carstensen case?",Day156
1282,Anne Chambers',Anne Chambers',Individual,"You tell us in your witness statements that you didn't see Anne Chambers' afterthoughts document either at the time or until this inquiry, essentially.",Day156
1287,Anne,Anne,Individual,"I think it was really as part of this thing that it was a case of it had been decided that because Anne had done the original analysis, and I think she'd done the analysis I think there may have been a call, was there, back in 2004, because I think her analysis was partly based on work that she'd actually done at the time, and therefore that was why she needed to give the evidence, because she'd actually done the original analysis, and therefore me giving evidence, just reporting what she told me, didn't really work.",Day156
1289,Ann Chambers,Ann Chambers,Individual,"Was that explained to you at the time, i.e., that Ann Chambers is the one that's been selected to give evidence because she could give some evidence of primary facts, i.e., work that she had undertaken in answering a helpdesk query in 2004?",Day156
1295,Afterthoughts,Afterthoughts,Individual,Are you talking about the Afterthoughts document?,Day156
1318,Jenkins,Gareth Jenkins,Individual,"Mr Jenkins, in your— I'm going to turn to the capacity in which you gave evidence in witness statements and then orally in the Seema Misra case.",Day156
1322,Horizon,Horizon,Technical System,"In your witness statements provided to the inquiry, on a number of occasions you explain That you were not the chief architect for Horizon, correct?",Day156
1324,Post Office,Post Office,Organisation,Nor indeed a lead engineer for the Post Office account?,Day156
1326,Horizon,Horizon,Technical System,"And you explained that you were not the only person involved in the development of Horizon, nor the maintenance of it when it was up and running?",Day156
1328,the Post Office,Post Office,Organisation,Why did the Post Office rely on you specifically as its expert witness?,Day156
1330,Horizon,Horizon,Technical System,"I did have a fairly good overview knowledge of the whole of Horizon because of really going back to my role in the agent team, because the whole point of the agents was to sit in the middle and see the difference between what was happening at the counter and what was happening at the back end, and obviously with the work I did on Impact, I got a much more detailed knowledge of how the counter operated.",Day156
1331,Horizon,Horizon,Technical System,"So from that point of view, I probably was one of the people who had a good overview knowledge of how the Horizon system worked, but I don't think I was necessarily the only person.",Day156
1335,Fujitsu,Fujitsu,Organisation,Did you ever discuss the role that you were performing as a witness with anyone senior at Fujitsu?,Day156
1337,Fujitsu,Fujitsu,Organisation,Did you ever discuss with anyone senior at Fujitsu the demands being placed upon you by the Post Office?,Day156
1337,the Post Office,Post Office,Organisation,Did you ever discuss with anyone senior at Fujitsu the demands being placed upon you by the Post Office?,Day156
1341,the Post Office,Post Office,Organisation,Was the focus on your capacity and the money that the Post Office would be charged for the work that you did?,Day156
1342,Post Office,Post Office,Organisation,I don't think the money came into it because the Post Office were paying for me regardless of what I did.,Day156
1350,the Post Office,Post Office,Organisation,"During your involvement in the various criminal cases, did you feel under any pressure placed upon you by the Post Office or its lawyers publicly to refute any suggestion by the defense that there were issues with the reliability of Horizon?",Day156
1350,Horizon,Horizon,Technical System,"During your involvement in the various criminal cases, did you feel under any pressure placed upon you by the Post Office or its lawyers publicly to refute any suggestion by the defense that there were issues with the reliability of Horizon?",Day156
1352,the Post Office,Post Office,Organisation,What did you think at the time at that pressure being placed upon you by the Post Office?,Day156
1358,Fujitsu,Fujitsu,Organisation,Did you raise that with anyone senior at Fujitsu?,Day156
1359,David Jones,David Jones,Individual,"I think I did— well, I certainly had conversations with David Jones back in February 2010.",Day156
1360,Post Office,Post Office,Organisation,He was a Post Office lawyer?,Day156
1361,Fujitsu,Fujitsu,Organisation,"No, he was a Fujitsu lawyer.",Day156
1362,Fujitsu,Fujitsu,Organisation,"Sorry, I meant a Fujitsu lawyer.",Day156
1363,Fujitsu,Fujitsu,Organisation,"Yes, he was a Fujitsu lawyer.",Day156
1364,Penny,Penny,Organisation,I think that was really instigated by Penny rather than myself.,Day156
1365,the Post Office,Post Office,Organisation,"She felt that the Post Office were getting to be very demanding of Fujitsu in general and me and her to some extent in particular, because not only was there the case for Mrs. Misra, there was also the case to do with Mr. Hosey going on at the same sort of time, and she felt that it was important that we had some sort of legal cover, for want of a better word, of the way that it was being approached.",Day156
1365,Fujitsu,Fujitsu,Organisation,"She felt that the Post Office were getting to be very demanding of Fujitsu in general and me and her to some extent in particular, because not only was there the case for Mrs. Misra, there was also the case to do with Mr. Hosey going on at the same sort of time, and she felt that it was important that we had some sort of legal cover, for want of a better word, of the way that it was being approached.",Day156
1365,Misra,Misra,Individual,"She felt that the Post Office were getting to be very demanding of Fujitsu in general and me and her to some extent in particular, because not only was there the case for Mrs. Misra, there was also the case to do with Mr. Hosey going on at the same sort of time, and she felt that it was important that we had some sort of legal cover, for want of a better word, of the way that it was being approached.",Day156
1365,Hosey,Hosey,Individual,"She felt that the Post Office were getting to be very demanding of Fujitsu in general and me and her to some extent in particular, because not only was there the case for Mrs. Misra, there was also the case to do with Mr. Hosey going on at the same sort of time, and she felt that it was important that we had some sort of legal cover, for want of a better word, of the way that it was being approached.",Day156
1366,David Jones,David Jones,Individual,"And so she set up this meeting with David Jones, which lasted about an hour or so, something like that, where basically what my memory came out of that is, we'll just tell the truth and what happened and— That's right.",Day156
1372,the Post Office,Post Office,Organisation,"I think it's right, isn't it, that the Post Office and its lawyers made a series of direct approaches to you on a number of occasions?",Day156
1374,Penny,Penny,Individual,"They should have been communicating with me through Penny and the prosecution support team, and there were a number of cases where I was approached directly, and in most of those cases I then forwarded the emails on to Penny and tried tried to get some sort of control back on the process.",Day156
1374,Penny,Penny,Organisation,"They should have been communicating with me through Penny and the prosecution support team, and there were a number of cases where I was approached directly, and in most of those cases I then forwarded the emails on to Penny and tried tried to get some sort of control back on the process.",Day156
1375,Mr Jenkins,Mr Jenkins,Individual,"Can we just look at some examples of those, please, Mr Jenkins?",Day156
1379,Rachel Panter,Rachel Panter,Individual,You reply on the 16th of November to Rachel Panter.,Day156
1381,Cartwright King,Cartwright King,Individual,"She was a lawyer working for Cartwright King, I believe.",Day156
1382,Rachel,Rachel,Individual,"And you say, Rachel, can't you use the report I've already sent you?",Day156
1384,the Post Office,Post Office,Organisation,You should really be addressing such requests through the Post Office.,Day156
1387,Nimesh Patel,Nimesh Patel,Organisation,"As far as I know, there's no commercial cover in place for me to spend my time on such activities, and that includes the case of Nimesh Patel.",Day156
1389,James Davidson,James Davidson,Individual,"James Davidson, a delivery executive, says to Miss Panton— and you're copied in— so Panter, I'm concerned at the engagement approach being taken here.",Day156
1389,Panton,Panton,Individual,"James Davidson, a delivery executive, says to Miss Panton— and you're copied in— so Panter, I'm concerned at the engagement approach being taken here.",Day156
1389,Panter,Panter,Individual,"James Davidson, a delivery executive, says to Miss Panton— and you're copied in— so Panter, I'm concerned at the engagement approach being taken here.",Day156
1390,Post Office,Post Office,Organisation,"We're fully on board to support, but all approaches must come through Post Office by the correct change process.",Day156
1391,the Post Office,Post Office,Organisation,Is this an example of you pulling the Post Office up on direct approaches to you?,Day156
1392,Rachel Panter,Rachel Panter,Individual,"Indeed it was, and if you've noticed on the previous email, although I'd been sent the email directly by Rachel Panter, When I responded, I copied in both Penny Thomas and James Davidson, so they were aware of the fact that I'd been approached.",Day156
1392,Penny Thomas,Penny Thomas,Individual,"Indeed it was, and if you've noticed on the previous email, although I'd been sent the email directly by Rachel Panter, When I responded, I copied in both Penny Thomas and James Davidson, so they were aware of the fact that I'd been approached.",Day156
1392,James Davidson,James Davidson,Individual,"Indeed it was, and if you've noticed on the previous email, although I'd been sent the email directly by Rachel Panter, When I responded, I copied in both Penny Thomas and James Davidson, so they were aware of the fact that I'd been approached.",Day156
1393,the Post Office,Post Office,Organisation,And what was the issue in your mind with a direct approach from the Post Office?,Day156
1395,Penny,Penny,Organisation,"The main one was that I felt that the prosecution support team, namely Penny, needed to be aware of what was going on and and that we actually had a single point of contact so that Fujitsu was aware of what Post Office was requiring them to do in terms of legal processes and so on.",Day156
1395,Fujitsu,Fujitsu,Organisation,"The main one was that I felt that the prosecution support team, namely Penny, needed to be aware of what was going on and and that we actually had a single point of contact so that Fujitsu was aware of what Post Office was requiring them to do in terms of legal processes and so on.",Day156
1395,Post Office,Post Office,Organisation,"The main one was that I felt that the prosecution support team, namely Penny, needed to be aware of what was going on and and that we actually had a single point of contact so that Fujitsu was aware of what Post Office was requiring them to do in terms of legal processes and so on.",Day156
1397,Post Office,Post Office,Organisation,"Just so that the right people knew what was going on, and then there was separately the question of making sure that Post Office was being charged correctly for the use of time and so on.",Day156
1399,Fujitsu,Fujitsu,Organisation,"So just going back to the first reason you gave there, or the first issue, why was it important that the Fujitsu prosecution support team were cited on these exchanges?",Day156
1402,Post Office,Post Office,Organisation,"There was supposed to be a line of communication between the Post Office legal department— well, not the legal department, their investigators.",Day156
1403,Jane Owen,Jane Owen,Individual,"Jane Owen is the name that I think of in that role, and the Fujitsu team, to actually know what was going on, to coordinate the work, so as to be aware of what was happening and what was going on.",Day156
1403,Fujitsu,Fujitsu,Organisation,"Jane Owen is the name that I think of in that role, and the Fujitsu team, to actually know what was going on, to coordinate the work, so as to be aware of what was happening and what was going on.",Day156
1410,Fujitsu,Fujitsu,Organisation,Was it in your mind that Fujitsu was a third party to a prosecution might be required to disclose material to a court?,Day156
1414,Fujitsu,Fujitsu,Organisation,Did you ever come to understand that Fujitsu may owe duties of disclosure?,Day156
1415,Post Office,Post Office,Organisation,"No, as far as I understood it, the disclosure was something that Post Office needed to worry about, not— it wasn't something that affected me or Fujitsu.",Day156
1415,Fujitsu,Fujitsu,Organisation,"No, as far as I understood it, the disclosure was something that Post Office needed to worry about, not— it wasn't something that affected me or Fujitsu.",Day156
1416,the Post Office's,Post Office,Organisation,What was your understanding of the Post Office's duties of disclosure?,Day156
1421,Fujitsu,Fujitsu,Organisation,"In any of those discussions, Were the extent of Fujitsu or your own duties of disclosure discussed?",Day156
1427,Jane Irwin,Jane Irwin,Individual,"An email from Jane Irwin on the 16th of November 2012, which is the same day we were looking at the moment, to Penny Thomas, copied to Jane Bradbury.",Day156
1427,Penny Thomas,Penny Thomas,Individual,"An email from Jane Irwin on the 16th of November 2012, which is the same day we were looking at the moment, to Penny Thomas, copied to Jane Bradbury.",Day156
1427,Jane Bradbury,Jane Bradbury,Individual,"An email from Jane Irwin on the 16th of November 2012, which is the same day we were looking at the moment, to Penny Thomas, copied to Jane Bradbury.",Day156
1431,Jane Owen,Jane Owen,Individual,"Anyway, Jane Owen, security manager in the Post Office, says, hi Penny, I'm a little out of the loop with this now, I've changed roles.",Day156
1431,the Post Office,Post Office,Organisation,"Anyway, Jane Owen, security manager in the Post Office, says, hi Penny, I'm a little out of the loop with this now, I've changed roles.",Day156
1431,Penny,Penny,Individual,"Anyway, Jane Owen, security manager in the Post Office, says, hi Penny, I'm a little out of the loop with this now, I've changed roles.",Day156
1432,Mark,Mark,Individual,I asked Mark about raising an invoice.,Day156
1433,Sharon,Sharon,Individual,"He has the budget to cover the expert witness requirements for one of Sharon's cases, which I think the email below will relate Back in April, an order was raised, but we were never invoiced.",Day156
1435,Gareth,Gareth,Individual,"Gareth has been approached directly by an external solicitor, and Jane will need to start discussions with our team leaders on how we prevent this from happening going forward, as it's clearly unacceptable that he be, quote, ambushed, um, in this way.",Day156
1435,Jane,Jane,Individual,"Gareth has been approached directly by an external solicitor, and Jane will need to start discussions with our team leaders on how we prevent this from happening going forward, as it's clearly unacceptable that he be, quote, ambushed, um, in this way.",Day156
1436,the Post Office,Post Office,Organisation,And did you feel that you were being ambushed by the Post Office?,Day156
1438,Rachel Panter,Rachel Panter,Individual,"I wouldn't necessarily have used that word, but I mean, clearly having this email out of the blue from Rachel Panter in November, when the last contact I'd had about any of these cases was about a month before that, was a bit of a surprise.",Day156
1439,Post Office,Post Office,Organisation,"And clearly I felt that we needed to have some sort of control as to how my work was to be scheduled and how Post Office was managing this, and I see this as being Post Office trying to actually get that— some control put back in there.",Day156
1453,Angela Vandenberghe,Angela Vandenberghe,Individual,This is an email exchange between you and Angela Vandenberghe.,Day156
1464,Helen Rose,Helen Rose,Individual,"When you say Helen Rose report, I'm aware of 2 Helen Rose reports.",Day156
1465,Lepton,Lepton,Individual,Are we talking about Lepton here?,Day156
1468,Vanden Bogart,Vanden Bogart,Individual,I think Ms Vanden Bogart is asking you questions about it.,Day156
1469,Angela Vanden Bogart,Angela Vanden Bogart,Individual,"Yes, this looks again like an email from Angela Vanden Bogart to myself.",Day156
1470,GIJ,GIJ,Organisation,where I have actually inserted with the GIJ prefix my responses to her various questions.,Day156
1473,Gareth Idris Jenkins GIJ,Gareth Idris Jenkins GIJ,Individual,"In the first paragraph you say, I've added replies with Gareth Idris Jenkins GIJ.",Day156
1480,Penny,Penny,Individual,"I probably spent about half an hour or an hour replying to this email, so I thought it was simpler to just reply to the email, then point out that this should really go through official channels, and that is why I'd copied Penny in on the response, because I saw her as being the official channel.",Day156
1485,Post Office,Post Office,Organisation,"Because my job was designing new changes to the system, not answering questions from random people in Post Office.",Day156
1486,Post Office,Post Office,Organisation,Why did you answer random questions from people in Post Office?,Day156
1488,Helen Rose,Helen Rose,Individual,"I think at this stage I may have already had some sort of contact with Helen Rose about this, but I can't remember exactly the chronology.",Day156
1491,Penny,Penny,Individual,"I try and be helpful when I can, yes, but I'm aware that I also need to try and put some sort of control in, which is why I copied Penny in on this to make her aware that I was being asked these sort of questions.",Day156
1504,Allen,Allen,Individual,"Mr. Allen's case, paragraph 619.",Day156
1505,Sefton,Sefton,Individual,"And in Miss Sefton and Miss Neill's case, paragraph 689.",Day156
1505,Neill,Neill,Individual,"And in Miss Sefton and Miss Neill's case, paragraph 689.",Day156
1508,the Post Office,Post Office,Organisation,You say you were never provided with written instructions to be an expert witness in any case in which the Post Office asked you to give evidence?,Day156
1510,Thomas,Thomas,Individual,"And that includes in Mr Thomas's case, para 313, Ms Misra's case, para 329, Mr Allen's case, para 619, Ms Sefton and Ms Neild's case, para 689, And Mr. Ishaq's case, paragraphs 643 and 646?",Day156
1510,Ms Misra's,Ms Misra's,Organisation,"And that includes in Mr Thomas's case, para 313, Ms Misra's case, para 329, Mr Allen's case, para 619, Ms Sefton and Ms Neild's case, para 689, And Mr. Ishaq's case, paragraphs 643 and 646?",Day156
1510,Allen,Allen,Individual,"And that includes in Mr Thomas's case, para 313, Ms Misra's case, para 329, Mr Allen's case, para 619, Ms Sefton and Ms Neild's case, para 689, And Mr. Ishaq's case, paragraphs 643 and 646?",Day156
1510,Ms Sefton,Ms Sefton,Individual,"And that includes in Mr Thomas's case, para 313, Ms Misra's case, para 329, Mr Allen's case, para 619, Ms Sefton and Ms Neild's case, para 689, And Mr. Ishaq's case, paragraphs 643 and 646?",Day156
1510,Ms Neild's,Ms Neild's,Individual,"And that includes in Mr Thomas's case, para 313, Ms Misra's case, para 329, Mr Allen's case, para 619, Ms Sefton and Ms Neild's case, para 689, And Mr. Ishaq's case, paragraphs 643 and 646?",Day156
1510,Ishaq,Ishaq,Individual,"And that includes in Mr Thomas's case, para 313, Ms Misra's case, para 329, Mr Allen's case, para 619, Ms Sefton and Ms Neild's case, para 689, And Mr. Ishaq's case, paragraphs 643 and 646?",Day156
1514,Misra,Misra,Individual,"And that applied in both Ms. Misra's case, para 478, and Mr. Ishaq's case, Correct.",Day156
1514,Ishaq,Ishaq,Individual,"And that applied in both Ms. Misra's case, para 478, and Mr. Ishaq's case, Correct.",Day156
1514,Correct,Correct,Organisation,"And that applied in both Ms. Misra's case, para 478, and Mr. Ishaq's case, Correct.",Day156
1515,the Post Office,Post Office,Organisation,"And fourthly, you say that you were never asked by the Post Office to provide a witness statement that contained an expert witness's declaration.",Day156
1517,Misra,Misra,Individual,"That applied in Ms. Misra's case, paragraphs 233, 466, and 483; Mr. Allen's case, para 619; Ms. Sefton and Ms. Neill's case, para 689, and Mr. Ishaq's case, para 669?",Day156
1517,Allen,Allen,Individual,"That applied in Ms. Misra's case, paragraphs 233, 466, and 483; Mr. Allen's case, para 619; Ms. Sefton and Ms. Neill's case, para 689, and Mr. Ishaq's case, para 669?",Day156
1517,Sefton,Sefton,Individual,"That applied in Ms. Misra's case, paragraphs 233, 466, and 483; Mr. Allen's case, para 619; Ms. Sefton and Ms. Neill's case, para 689, and Mr. Ishaq's case, para 669?",Day156
1517,Neill,Neill,Individual,"That applied in Ms. Misra's case, paragraphs 233, 466, and 483; Mr. Allen's case, para 619; Ms. Sefton and Ms. Neill's case, para 689, and Mr. Ishaq's case, para 669?",Day156
1517,Ishaq,Ishaq,Individual,"That applied in Ms. Misra's case, paragraphs 233, 466, and 483; Mr. Allen's case, para 619; Ms. Sefton and Ms. Neill's case, para 689, and Mr. Ishaq's case, para 669?",Day156
1519,Seema Misra's,Seema Misra,Individual,You tell us in your witness statement— it's your 3rd witness statement— about circumstances in which you asked for guidance in the run-up to Seema Misra's trial as to what was expected of you as a witness.,Day156
1521,the Post Office,Post Office,Organisation,"By that time, had you suffered from a lack of confidence in the management of the requests coming from the Post Office?",Day156
1529,Thomas,Thomas,Individual,"That's going back to— that was Mr Thomas's case, I believe.",Day156
1535,Fujitsu,Fujitsu,Organisation,Why do we not see you asking any of your own managers at Fujitsu for assistance in this regard.,Day156
1538,Post Office,Post Office,Organisation,"I thought I was being told what was required of me by Post Office, so I didn't really understand that I wasn't being told the right thing.",Day156
1539,Post Office,Post Office,Organisation,So I just trusted what I was being asked by Post Office and didn't see the need to involve my management.,Day156
1541,Post Office,Post Office,Organisation,"from them, in that I thought what I'm looking for is guidance about legal things, therefore I'd probably get it better from the lawyers that I'm talking to in Post Office than managers in Fujitsu who know, know more about the law than I do.",Day156
1541,Fujitsu,Fujitsu,Organisation,"from them, in that I thought what I'm looking for is guidance about legal things, therefore I'd probably get it better from the lawyers that I'm talking to in Post Office than managers in Fujitsu who know, know more about the law than I do.",Day156
1542,the Post Office,Post Office,Organisation,But you got no guidance from the Post Office?,Day156
1545,the Post Office,Post Office,Organisation,What guidance did you think you were getting from the Post Office at the time?,Day156
1548,Fujitsu,Fujitsu,Organisation,"Why do we not see you asking the lawyers at Fujitsu, with whom you did correspond relatively frequently, for greater support and guidance on the role that you were to perform?",Day156
1549,Mrs Misra's,Mrs Misra's,Organisation,"I think that came after about 2010, sort of in Mrs Misra's case, and I did seek guidance from David Jones and I had that meeting with him in February, and for a while then he actually acted as a buffer between me and Post Office lawyers and so on.",Day156
1549,David Jones,David Jones,Individual,"I think that came after about 2010, sort of in Mrs Misra's case, and I did seek guidance from David Jones and I had that meeting with him in February, and for a while then he actually acted as a buffer between me and Post Office lawyers and so on.",Day156
1549,Post Office,Post Office,Organisation,"I think that came after about 2010, sort of in Mrs Misra's case, and I did seek guidance from David Jones and I had that meeting with him in February, and for a while then he actually acted as a buffer between me and Post Office lawyers and so on.",Day156
1550,Jean-Pierre,Jean-Pierre,Individual,"Then later on I was involved with Jean-Pierre, who, who did give me a bit of further guidance, but not the true guidance that maybe I should have had in terms of what an expert duty were.",Day156
1555,David Jennings,David Jennings,Individual,An email exchange between you and David Jennings.,Day156
1556,David Jennings,David Jennings,Individual,Who was David Jennings?,Day156
1560,Post Office,Post Office,Organisation,This looks to be to do with booking time and concerned about what time I was charging to Post Office for activities in support of Penny.,Day156
1560,Penny,Penny,Organisation,This looks to be to do with booking time and concerned about what time I was charging to Post Office for activities in support of Penny.,Day156
1563,Dave,Dave,Individual,"And you say, Dave, in response to your questions— and then his question is, I understand you act from time to time to support prosecution activity, sort of an expert witness, I suppose.",Day156
1567,Horizon,Horizon,Technical System,"Well, I was clearly an expert in how Horizon operated and that's what I assumed that meant.",Day156
1570,Penny,Penny,Organisation,"You say it's ad hoc, tend to have various questions from Penny a couple of times a month, how much effort, it varies.",Day156
1584,Dave Jennings's,Dave Jennings's,Individual,"Yeah, and I, I think that must have been Dave Jennings's role, was looking at, at the commercials of it, because I think he comes back to say that I'd spent about a week on it and over the past year or something like that.",Day156
1587,Fujitsu,Fujitsu,Organisation,"Were there any exchanges internally with Fujitsu, to your knowledge, over the status of your evidence?",Day156
1590,the Post Office,Post Office,Organisation,"What usually happened is if there was going to be some sort of engagement of my time for a particular case, then they would arrange with the Post Office to have some sort of commercial cover for a number of days of my time, and if necessary that would get extended so that I had something to book the time against.",Day156
1591,Penny,Penny,Organisation,"But exactly how those— I left that really to Penny to sort out, as long as I had a timecode to book to on a Friday afternoon.",Day156
1599,Patel,Patel,Individual,"This case, that's Patel, is due for trial.",Day156
1603,Sharon Jennings,Sharon Jennings,Individual,Reply from Sharon Jennings.,Day156
1604,Gareth,Gareth,Individual,"Gareth, this is the one you supplied the expert report and witness statement for the week before last.",Day156
1618,Horizon,Horizon,Technical System,"Again, as an expert on how Horizon operated.",Day156
100,Fujitsu,Fujitsu,Organisation,And ICL became Fujitsu Services Limited in 2002.,Day156
108,Fujitsu,Fujitsu,Organisation,"Dealing briefly at the moment with the stages of your career at ICL Fujitsu, So far as concerns us, from about 1996 to about 2000, did you work in the agent team?",Day156
316,Post Office,Post Office,Organisation,"He told the inquiry— it was back on the 2nd of November, uh, 2022— that we— and by that he meant, um, the Benefits Agency and the Post Office Counters Limited team had, quote, been denied viability of the application design.",Day156
782,Post Office,Post Office,Organisation,"Between those dates, Mr. Castleton was a subpostmaster at the Marine Drive Post Office.",Day156
133,Horizon,Horizon,Technical System,Then I worked on Bureau de Change and credit card changes and then a few other minor things before I moved on to Horizon Online requirements capture.,Day156
134,Horizon,Horizon,Technical System,Did you move on to Horizon Online from about 2008?,Day156
137,Horizon,Horizon,Technical System,And did you work on Horizon Online from 2008 to about 2015?,Day156
139,Horizon,Horizon,Technical System,"You tell us in your witness statement that you, quote, worked with Post Office analysts in defining the technical requirements for Horizon Online.",Day156
145,Legacy Horizon,Legacy Horizon,Technical System,"The contractual definition of how Horizon Online was to work was that the counter should look— should operate in the same way as it did on legacy Horizon, and therefore it was decided that we needed to put in place something that actually defined exactly what that was, and the technique that was decided was that the Post Office would put together the use cases to define the various activities that went on in the Post Office, to define the steps that people went through for doing— from how do you sell a stamp to how do you balance at the end of the week or whatever.",Day156
151,Legacy Horizon,Legacy Horizon,Technical System,"You tell us that during your time at Fujitsu, you were a group of anywhere between 20 and 100 software designers and developers who would provide fourth-line support for both legacy Horizon and Horizon Online.",Day156
152,the system,the system,Technical System,"Yes, the way fourth line support worked was that the people who were doing the development were expected to spend a small part of their time in actually supporting the live service and the system under test, and so that's what fourth line support was all about, and I did that just like everyone else in the development team.",Day156
216,Horizon,Horizon,Technical System,Have you read the Horizon Issues Judgment?,Day156
219,Legacy Horizon,Legacy Horizon,Technical System,"In high-level summary, would you agree that Mr Justice Fraser concluded firstly that legacy Horizon was not remotely robust?",Day156
222,Horizon,Horizon,Technical System,Do you accept that Horizon Online was susceptible to accounting flaws?,Day156
225,Horizon,Horizon,Technical System,"I felt that Horizon Online was and is, because after all this is still the system that's operating today, doing a good job in terms of the accounting, particularly with the monitoring that was going on.",Day156
225,Horizon Online,Horizon Online,Technical System,"I felt that Horizon Online was and is, because after all this is still the system that's operating today, doing a good job in terms of the accounting, particularly with the monitoring that was going on.",Day156
225,the system,the system,Technical System,"I felt that Horizon Online was and is, because after all this is still the system that's operating today, doing a good job in terms of the accounting, particularly with the monitoring that was going on.",Day156
232,Horizon,Horizon,Technical System,"Do I take it that you accept his first finding, that Legacy Horizon was I don't accept that finding.",Day156
233,Horizon,Horizon,Technical System,You don't accept his finding that Horizon Online was susceptible to accounting flaws?,Day156
246,Legacy Horizon,Legacy Horizon,Technical System,"So between 1996 and 2002, you tell us that your initial role with legacy Horizon was, quote, to integrate Riposte and the Oracle-based software.",Day156
252,Riposte,Riposte,Technical System,"Riposte was a messaging— well, step back one.",Day156
257,Riposte,Riposte,Technical System,And that bit of Riposte I had very little involvement with in the early days.,Day156
298,the system,the system,Technical System,"So the main thing I was doing in the early 2000s was network banking was introduced into the system in 2003, and a few months later the support of debit cards was introduced.",Day156
329,the system,the system,Technical System,"There were certainly joint test teams, there was a lot of testing going on, there were Post Office testers involved in testing the system to make sure that it came up with the right, with the right outputs.",Day156
338,the system,the system,Technical System,"Were you conscious, and those with whom you worked conscious, that the nature of the contract was a PFI contract and therefore the client had no rights, no visibility over the way the system was built?",Day156
359,Legacy Horizon,Legacy Horizon,Technical System,"Within your roles in legacy Horizon, did you have any oversight of all bugs, errors and defects within the system at any given time?",Day156
359,the system,the system,Technical System,"Within your roles in legacy Horizon, did you have any oversight of all bugs, errors and defects within the system at any given time?",Day156
361,the system,the system,Technical System,"So you couldn't at any particular time speak to the existence or non-existence of bugs, errors and defects in the system?",Day156
363,the system,the system,Technical System,"If you did not have knowledge of or oversight of all bugs, errors and defects within the system at any given time, who did?",Day156
368,the system,the system,Technical System,"So I would have thought that if there was an overall knowledge of how well the system was behaving, it would be part of their role.",Day156
376,the system,the system,Technical System,"including knowledge of what had been going on in the system, what sort of problems there were and things like that.",Day156
382,PinICL,PinICL,Technical System,There was a system called Peak and it had a predecessor called PinICL.,Day156
382,PEAK,PEAK,Technical System,There was a system called Peak and it had a predecessor called PinICL.,Day156
384,PinICL,PinICL,Technical System,"And what happened was that peaks or PinICL would be allocated to a particular person, and I think you'd normally get an email saying you've had this peak that's allocated to you.",Day156
384,PEAK,PEAK,Technical System,"And what happened was that peaks or PinICL would be allocated to a particular person, and I think you'd normally get an email saying you've had this peak that's allocated to you.",Day156
385,PEAK,PEAK,Technical System,"you could then log into the peak system, have a look at the peak, see what it said, and then decide what you needed to do with it next.",Day156
387,Horizon,Horizon,Technical System,"Within your various roles within Horizon Online, did you have oversight of all bugs, errors and defects?",Day156
387,Horizon Online,Horizon Online,Technical System,"Within your various roles within Horizon Online, did you have oversight of all bugs, errors and defects?",Day156
388,Horizon,Horizon,Technical System,"Not as such, but I did have a— probably a better view of them, particularly during the pilot phase of Horizon Online, because during the pilot phase there was a project team in place that was managing the pilot and taking very close monitoring of any issues that were going on during the pilot, and I would often get called in to that— by that team to investigate particular problems, particularly ones that affected the counter.",Day156
394,Horizon,Horizon,Technical System,"How would you generally become aware of such bugs, errors and defects as you became aware of in Horizon Online?",Day156
394,Horizon Online,Horizon Online,Technical System,"How would you generally become aware of such bugs, errors and defects as you became aware of in Horizon Online?",Day156
395,Legacy Horizon,Legacy Horizon,Technical System,The peak system was working— it was the same peak system that operated for both legacy Horizon and Horizon Online.,Day156
395,PEAK,PEAK,Technical System,The peak system was working— it was the same peak system that operated for both legacy Horizon and Horizon Online.,Day156
396,Legacy Horizon,Legacy Horizon,Technical System,"And so for both legacy Horizon and Horizon Online, you became aware of things that might be bugs, errors and defects through the PinICL and then the Peak system.",Day156
396,PinICL,PinICL,Technical System,"And so for both legacy Horizon and Horizon Online, you became aware of things that might be bugs, errors and defects through the PinICL and then the Peak system.",Day156
396,PEAK,PEAK,Technical System,"And so for both legacy Horizon and Horizon Online, you became aware of things that might be bugs, errors and defects through the PinICL and then the Peak system.",Day156
398,Horizon,Horizon,Technical System,"So for you personally, there were 2 ways in which you became aware of bugs, errors, and defects in Horizon?",Day156
401,PEAK,PEAK,Technical System,"The 10% wasn't just for the peak, so any time that I spent talking about serious incidents and things like that, that was also— that was all part of what I saw as the 10% of the time.",Day156
404,Legacy Horizon,Legacy Horizon,Technical System,"If it was largely happenstance, that you became aware of a bug, error or defect in both legacy Horizon and Horizon Online, how could you subsequently give full, complete and accurate evidence about the existence or non-existence of bugs, errors and defects in Horizon?",Day156
407,the system,the system,Technical System,"And therefore I was confident in the way that the system was operating, that it was operating correctly.",Day156
411,the system,the system,Technical System,And the that in that sentence Meaning a general confidence in the system and the way that it operated?,Day156
413,the system,the system,Technical System,"So general confidence in the system plus processes that you thought were working allowed you confidently to give a generalised view, is that right?",Day156
426,Horizon,Horizon,Technical System,"Certainly when we got on to things like Horizon Online, if it was seen as having an impact on the accounts, then we realised that that was a very serious problem and that I would be getting involved in those, which is why I got involved with what I see as the main serious issues.",Day156
426,Horizon Online,Horizon Online,Technical System,"Certainly when we got on to things like Horizon Online, if it was seen as having an impact on the accounts, then we realised that that was a very serious problem and that I would be getting involved in those, which is why I got involved with what I see as the main serious issues.",Day156
427,Horizon,Horizon,Technical System,"in Horizon Online, and I was involved— receipts and payments mismatch, the local suspenses issue, and Del Mellington's.",Day156
427,Horizon Online,Horizon Online,Technical System,"in Horizon Online, and I was involved— receipts and payments mismatch, the local suspenses issue, and Del Mellington's.",Day156
428,Horizon,Horizon,Technical System,"Those are the ones I see as being the serious issues with Horizon Online, and I got involved in all of them because they saw me being helpful in terms of my expertise and background for those particular cases.",Day156
442,the system,the system,Technical System,"That didn't occur to me, but I, again, as I've said before, I was confident confident, and possibly wrongly so, that when problems did occur they were quickly fixed and they weren't left to sort of fester in the system to have a larger impact.",Day156
476,Horizon,Horizon,Technical System,"In relation to the development of EPOSS before the rollout of Legacy Horizon, we've heard evidence from David MacDonald.",Day156
527,PinICL,PinICL,Technical System,"It's a report of the EPOSS PinICL Task Force, and it reports on the activities of the EPOSS PinICL Task Force, which was in place between the 19th of August and the 18th of September 1998 to reduce to manageable levels the EPOSS PinICL outstanding at that time.",Day156
553,EPOSS,EPOSS,Technical System,I don't think I had any involvement with the EPOSS PinICL Task Force.,Day156
553,PinICL,PinICL,Technical System,I don't think I had any involvement with the EPOSS PinICL Task Force.,Day156
575,the system,the system,Technical System,"I think maybe later on then that could be said, but at that time my main role was to do with the way the agents worked, which was a fairly small cog in the system.",Day156
617,the system,the system,Technical System,So the fact that there are problems during the pilot and the rollout don't necessarily mean that the problems carry on into the system.,Day156
618,the system,the system,Technical System,I was confident in the way that problems were being picked up and fixed and new things were being put into the system to actually manage the issues that had been found early on.,Day156
622,Horizon,Horizon,Technical System,"Rather than giving evidence about the existence of bugs, errors and defects within Horizon, how quickly they manifested themselves to Fujitsu, how promptly the Post Office was told about them, and the extent to which subpostmasters had themselves been informed?",Day156
641,the system,the system,Technical System,"Whilst with an SAP system, they thought they could get a much more real-time knowledge of what was going on in the system.",Day156
646,Legacy Horizon,Legacy Horizon,Technical System,"Paragraphs 45 and 46, you say, I believe that ICL Fujitsu was only involved in one aspect of Project Impact, which was implementing changes to legacy Horizon that would enable it to interface with the new backend system.",Day156
652,Legacy Horizon,Legacy Horizon,Technical System,"And so, as the counters specialist, which which is what you were, you redesigned part of the legacy Horizon system that produced the accounts for the subpostmaster to sign off, would that be fair?",Day156
653,the system,the system,Technical System,"I oversaw that, I think the main detail was done by other designers, but my main role was actually identifying exactly what the output needed to be of the system,",Day156
705,the system,the system,Technical System,"That is what I understood the Post Office wanted the system to do, so yes.",Day156
734,the system,the system,Technical System,"My main focus on was what was it they wanted changed in the system, not why they were doing it.",Day156
757,the system,the system,Technical System,"in the system, not why it was being done.",Day156
797,the system,the system,Technical System,"We attach an email from Fujitsu to Richard Benton at the Post Office dated the 5th of May, in which Fujitsu state, quote, it is possible that they are not accurately recording all transactions on the system.",Day156
941,Horizon,Horizon,Technical System,"My feeling was that that was more likely than an error in Horizon, yes, but I'm including the option of it being a mistake.",Day156
1126,the system,the system,Technical System,"Basically, they state the Horizon system is equipped with a facility via which its operating software can be updated remotely via the connection to the Post Office's head office, and that the system sometimes went offline when there are software updates.",Day156
1127,the system,the system,Technical System,They've therefore asked for documents relating to the updating of the software of the system.,Day156
1130,the system,the system,Technical System,So this is a question about remote accessing of the system.,Day156
1152,the system,the system,Technical System,I'd expect the system to record details of all software updates.,Day156
1343,the system,the system,Technical System,"So it was really a case of they could pay for me to do designs of new bits of the system, or they could pay for me to do support prosecutions, and it was really up to them.",Day156
1485,the system,the system,Technical System,"Because my job was designing new changes to the system, not answering questions from random people in Post Office.",Day156
199,bug,bug,Event/Issue,"I wasn't involved in any particular prosecutions as such, but there was quite a lot of work going on in the background, which— talking to various lawyers, I got pulled in in 2016 for a bug that had been found that's quite serious, the Dale Mellington bug that I think you may well be coming back to later on.",Day156
201,mismatch,mismatch,Event/Issue,"I spent There was a problem that the Post Office had, again, I can't remember the exact date now, it's in my witness statement, when there was a mismatch in Post Office's backend accounts.",Day156
204,mismatch,mismatch,Event/Issue,"One was taking what the cash positions were at 7 o'clock in the evening and the other was taking it— taking the cash position at midnight, and therefore this accounted for the mismatch that they had in the accounts.",Day156
227,bugs,bug,Event/Issue,"He concluded that subpostmasters were not informed of and were therefore oblivious to a range of bugs, errors and defects.",Day156
227,errors,error,Event/Issue,"He concluded that subpostmasters were not informed of and were therefore oblivious to a range of bugs, errors and defects.",Day156
227,defects,defect,Event/Issue,"He concluded that subpostmasters were not informed of and were therefore oblivious to a range of bugs, errors and defects.",Day156
230,bugs,bug,Event/Issue,"And lastly, that those bugs, errors and defects could result in, i.e., cause discrepancies or shortfalls in the branch accounts of subpostmasters, thereby corrupting transactions, disrupting data processing and recording transactions?",Day156
230,errors,error,Event/Issue,"And lastly, that those bugs, errors and defects could result in, i.e., cause discrepancies or shortfalls in the branch accounts of subpostmasters, thereby corrupting transactions, disrupting data processing and recording transactions?",Day156
230,shortfalls,shortfall,Event/Issue,"And lastly, that those bugs, errors and defects could result in, i.e., cause discrepancies or shortfalls in the branch accounts of subpostmasters, thereby corrupting transactions, disrupting data processing and recording transactions?",Day156
230,defects,defect,Event/Issue,"And lastly, that those bugs, errors and defects could result in, i.e., cause discrepancies or shortfalls in the branch accounts of subpostmasters, thereby corrupting transactions, disrupting data processing and recording transactions?",Day156
231,bugs,bug,Event/Issue,"That was a possibility, but I'm not sure that I, even today, I understand what bugs actually did cause the problems that people are— that people have suffered from.",Day156
234,bugs,bug,Event/Issue,"There were some— there were some discrete bugs that caused problems to the accounts, but they were very discrete and I believe that they were all well controlled and managed at the time.",Day156
235,bugs,bug,Event/Issue,"And you don't accept his findings that bugs, errors and defects could result in, i.e., cause discrepancies or shortfalls in branch accounts?",Day156
235,errors,error,Event/Issue,"And you don't accept his findings that bugs, errors and defects could result in, i.e., cause discrepancies or shortfalls in branch accounts?",Day156
235,shortfalls,shortfall,Event/Issue,"And you don't accept his findings that bugs, errors and defects could result in, i.e., cause discrepancies or shortfalls in branch accounts?",Day156
235,defects,defect,Event/Issue,"And you don't accept his findings that bugs, errors and defects could result in, i.e., cause discrepancies or shortfalls in branch accounts?",Day156
356,bugs,bug,Event/Issue,"In relation to your fourth-line support role, you tell us in your witness statements, the first witness statement at paragraph 25, I would only have been aware of bugs, errors and defects specifically allocated to me by third-line support.",Day156
356,errors,error,Event/Issue,"In relation to your fourth-line support role, you tell us in your witness statements, the first witness statement at paragraph 25, I would only have been aware of bugs, errors and defects specifically allocated to me by third-line support.",Day156
356,defects,defect,Event/Issue,"In relation to your fourth-line support role, you tell us in your witness statements, the first witness statement at paragraph 25, I would only have been aware of bugs, errors and defects specifically allocated to me by third-line support.",Day156
359,bugs,bug,Event/Issue,"Within your roles in legacy Horizon, did you have any oversight of all bugs, errors and defects within the system at any given time?",Day156
359,errors,error,Event/Issue,"Within your roles in legacy Horizon, did you have any oversight of all bugs, errors and defects within the system at any given time?",Day156
359,defects,defect,Event/Issue,"Within your roles in legacy Horizon, did you have any oversight of all bugs, errors and defects within the system at any given time?",Day156
361,bugs,bug,Event/Issue,"So you couldn't at any particular time speak to the existence or non-existence of bugs, errors and defects in the system?",Day156
361,errors,error,Event/Issue,"So you couldn't at any particular time speak to the existence or non-existence of bugs, errors and defects in the system?",Day156
361,defects,defect,Event/Issue,"So you couldn't at any particular time speak to the existence or non-existence of bugs, errors and defects in the system?",Day156
363,bugs,bug,Event/Issue,"If you did not have knowledge of or oversight of all bugs, errors and defects within the system at any given time, who did?",Day156
363,errors,error,Event/Issue,"If you did not have knowledge of or oversight of all bugs, errors and defects within the system at any given time, who did?",Day156
363,defects,defect,Event/Issue,"If you did not have knowledge of or oversight of all bugs, errors and defects within the system at any given time, who did?",Day156
367,bugs,bug,Event/Issue,"Now, incidents could be to do with bugs that are defects, or more commonly, there would be operational issues where a bit of the network went down or connections to banks went down for a few hours, which clearly caused fairly catastrophic effects at the at the time, and so their job was to manage these sort of things.",Day156
367,defects,defect,Event/Issue,"Now, incidents could be to do with bugs that are defects, or more commonly, there would be operational issues where a bit of the network went down or connections to banks went down for a few hours, which clearly caused fairly catastrophic effects at the at the time, and so their job was to manage these sort of things.",Day156
369,bugs,bug,Event/Issue,"We've heard from a lot of people from the SSC and they've told us that there were between 20 and 30 people at any one time working in the SSC, sometimes working shifts, some working at home, some working in office, that they only knew about the bugs that they were allocated on the stack, and that it was correct that there might be informal sharing of information by people who were sitting next to each other or talking about it at the water cooler, but there was no formalised system for sharing knowledge within the SSC.",Day156
374,bugs,bug,Event/Issue,"But when I asked you who may have oversight of all bugs, errors and defects within the Horizon system, you pointed to the SSC.",Day156
374,errors,error,Event/Issue,"But when I asked you who may have oversight of all bugs, errors and defects within the Horizon system, you pointed to the SSC.",Day156
374,defects,defect,Event/Issue,"But when I asked you who may have oversight of all bugs, errors and defects within the Horizon system, you pointed to the SSC.",Day156
378,bugs,bug,Event/Issue,"What I'm looking for, it might be described as an all-seeing eye, but somebody who took a step back and would be able to say we've had these problems in the past with Horizon, these bugs, errors and defects, and at the moment we're servicing the existence of these possible bugs, errors and defects.",Day156
378,errors,error,Event/Issue,"What I'm looking for, it might be described as an all-seeing eye, but somebody who took a step back and would be able to say we've had these problems in the past with Horizon, these bugs, errors and defects, and at the moment we're servicing the existence of these possible bugs, errors and defects.",Day156
378,defects,defect,Event/Issue,"What I'm looking for, it might be described as an all-seeing eye, but somebody who took a step back and would be able to say we've had these problems in the past with Horizon, these bugs, errors and defects, and at the moment we're servicing the existence of these possible bugs, errors and defects.",Day156
381,bugs,bug,Event/Issue,"When you were in fourth-line support, how would you generally become aware of such bugs, errors and defects as you did become aware?",Day156
381,errors,error,Event/Issue,"When you were in fourth-line support, how would you generally become aware of such bugs, errors and defects as you did become aware?",Day156
381,defects,defect,Event/Issue,"When you were in fourth-line support, how would you generally become aware of such bugs, errors and defects as you did become aware?",Day156
383,defects,defect,Event/Issue,"And the way that that operated, that was effectively a database of the various defects, and that included those found during testing as well as those during live.",Day156
387,bugs,bug,Event/Issue,"Within your various roles within Horizon Online, did you have oversight of all bugs, errors and defects?",Day156
387,errors,error,Event/Issue,"Within your various roles within Horizon Online, did you have oversight of all bugs, errors and defects?",Day156
387,defects,defect,Event/Issue,"Within your various roles within Horizon Online, did you have oversight of all bugs, errors and defects?",Day156
389,bugs,bug,Event/Issue,"After the pilot phase of Horizon Online was over, did you have oversight Of all bugs, errors and defects within the Horizon Online system?",Day156
389,errors,error,Event/Issue,"After the pilot phase of Horizon Online was over, did you have oversight Of all bugs, errors and defects within the Horizon Online system?",Day156
389,defects,defect,Event/Issue,"After the pilot phase of Horizon Online was over, did you have oversight Of all bugs, errors and defects within the Horizon Online system?",Day156
394,bugs,bug,Event/Issue,"How would you generally become aware of such bugs, errors and defects as you became aware of in Horizon Online?",Day156
394,errors,error,Event/Issue,"How would you generally become aware of such bugs, errors and defects as you became aware of in Horizon Online?",Day156
394,defects,defect,Event/Issue,"How would you generally become aware of such bugs, errors and defects as you became aware of in Horizon Online?",Day156
396,bugs,bug,Event/Issue,"And so for both legacy Horizon and Horizon Online, you became aware of things that might be bugs, errors and defects through the PinICL and then the Peak system.",Day156
396,errors,error,Event/Issue,"And so for both legacy Horizon and Horizon Online, you became aware of things that might be bugs, errors and defects through the PinICL and then the Peak system.",Day156
396,defects,defect,Event/Issue,"And so for both legacy Horizon and Horizon Online, you became aware of things that might be bugs, errors and defects through the PinICL and then the Peak system.",Day156
397,mismatch,mismatch,Event/Issue,"There was that, but there was also the problem management system, so then when something was identified as being a serious problem, and I think we're probably going to go on talking about the receipts and payments mismatch problem at some stage, then I was often called in to help— well, firstly analyse the problem and explain that problem so that Fujitsu management could understand what it was all about, and I often got involved in explaining it to the equivalent people in Post Office about what the impact of that was and what could be done to remedy it, both in terms of fixing the code but also fixing whatever the business impact of the problem was, which wouldn't necessarily be fixed directly just because you'd fixed the code.",Day156
398,bugs,bug,Event/Issue,"So for you personally, there were 2 ways in which you became aware of bugs, errors, and defects in Horizon?",Day156
398,errors,error,Event/Issue,"So for you personally, there were 2 ways in which you became aware of bugs, errors, and defects in Horizon?",Day156
398,defects,defect,Event/Issue,"So for you personally, there were 2 ways in which you became aware of bugs, errors, and defects in Horizon?",Day156
402,bug,bug,Event/Issue,"In any event, in your role in fourth line support, it would be largely happenstance whether it was you or somebody else, one of the other people performing fourth line support, who had a particular bug, error or defect allocated to them?",Day156
402,error,error,Event/Issue,"In any event, in your role in fourth line support, it would be largely happenstance whether it was you or somebody else, one of the other people performing fourth line support, who had a particular bug, error or defect allocated to them?",Day156
402,defect,defect,Event/Issue,"In any event, in your role in fourth line support, it would be largely happenstance whether it was you or somebody else, one of the other people performing fourth line support, who had a particular bug, error or defect allocated to them?",Day156
404,bug,bug,Event/Issue,"If it was largely happenstance, that you became aware of a bug, error or defect in both legacy Horizon and Horizon Online, how could you subsequently give full, complete and accurate evidence about the existence or non-existence of bugs, errors and defects in Horizon?",Day156
404,error,error,Event/Issue,"If it was largely happenstance, that you became aware of a bug, error or defect in both legacy Horizon and Horizon Online, how could you subsequently give full, complete and accurate evidence about the existence or non-existence of bugs, errors and defects in Horizon?",Day156
404,defect,defect,Event/Issue,"If it was largely happenstance, that you became aware of a bug, error or defect in both legacy Horizon and Horizon Online, how could you subsequently give full, complete and accurate evidence about the existence or non-existence of bugs, errors and defects in Horizon?",Day156
405,bugs,bug,Event/Issue,"I was— what I was aware of was the fact that bugs that actually impacted the accounts were very rare, there was good monitoring in to detect them, and they got fixed shortly afterwards.",Day156
406,bugs,bug,Event/Issue,"So in terms of what was actually there in the live system at any one time, it was very rare for that— for there to be, uh, uh, bugs there that would, would cause problems.",Day156
408,bugs,bug,Event/Issue,To give that kind of very confident answer to a court Wouldn't you want to know of the existence of each of the bugs and how they'd been resolved and whether in fact there was any ongoing impact?,Day156
415,bugs,bug,Event/Issue,"During your employment within Fujitsu, did any of your roles entail any overall responsibility for monitoring, identifying, or fixing bugs, errors, or defects?",Day156
415,errors,error,Event/Issue,"During your employment within Fujitsu, did any of your roles entail any overall responsibility for monitoring, identifying, or fixing bugs, errors, or defects?",Day156
415,defects,defect,Event/Issue,"During your employment within Fujitsu, did any of your roles entail any overall responsibility for monitoring, identifying, or fixing bugs, errors, or defects?",Day156
427,mismatch,mismatch,Event/Issue,"in Horizon Online, and I was involved— receipts and payments mismatch, the local suspenses issue, and Del Mellington's.",Day156
445,bugs,bug,Event/Issue,"What interactions did you have with the third line of support, the SSC, in relation to identifying and rectifying bugs, errors and defects?",Day156
445,errors,error,Event/Issue,"What interactions did you have with the third line of support, the SSC, in relation to identifying and rectifying bugs, errors and defects?",Day156
445,defects,defect,Event/Issue,"What interactions did you have with the third line of support, the SSC, in relation to identifying and rectifying bugs, errors and defects?",Day156
622,bugs,bug,Event/Issue,"Rather than giving evidence about the existence of bugs, errors and defects within Horizon, how quickly they manifested themselves to Fujitsu, how promptly the Post Office was told about them, and the extent to which subpostmasters had themselves been informed?",Day156
622,errors,error,Event/Issue,"Rather than giving evidence about the existence of bugs, errors and defects within Horizon, how quickly they manifested themselves to Fujitsu, how promptly the Post Office was told about them, and the extent to which subpostmasters had themselves been informed?",Day156
622,defects,defect,Event/Issue,"Rather than giving evidence about the existence of bugs, errors and defects within Horizon, how quickly they manifested themselves to Fujitsu, how promptly the Post Office was told about them, and the extent to which subpostmasters had themselves been informed?",Day156
682,errors,error,Event/Issue,"If we just read this together, this area of functions has the purpose of providing mechanisms to make adjustments to branch accounts to correct errors and ensure branch accounts align with the Post Office accounts within POLFS.",Day156
683,errors,error,Event/Issue,"Various mechanisms are available to identify errors that require adjustments, and the discrepancy management functions may be initiated from various places across the business.",Day156
683,discrepancy,discrepancy,Event/Issue,"Various mechanisms are available to identify errors that require adjustments, and the discrepancy management functions may be initiated from various places across the business.",Day156
685,error,error,Event/Issue,These corrections will replace the current error notice processes and should not involve any manual paperwork or processing.,Day156
687,error,error,Event/Issue,"And will be distributed— excuse me— more quickly, potentially only days after an error is recorded.",Day156
688,suspense account,suspense account,Event/Issue,The analysis has also identified requirements to more tightly control and police the use of the suspense account within the branch accounts.,Day156
689,suspense account,suspense account,Event/Issue,Only a limited subset of the existing suspense account products will be retained.,Day156
690,errors,error,Event/Issue,The contractual requirements for agents to make good unknown errors in branch accounts will be used instead.,Day156
693,suspense account,suspense account,Event/Issue,"My understanding was that there were a number of suspense accounts and postmasters could actually post money to the suspense account for some sort of business reason, which I never really did understand.",Day156
697,suspense account,suspense account,Event/Issue,"Were you told why they wanted to, quote, more tightly control and police the use of the suspense account?",Day156
700,suspense account,suspense account,Event/Issue,Were you told that the suspense account was considered by the Post Office to be a vehicle for subpostmasters to hide fraud?,Day156
702,suspense account,suspense account,Event/Issue,"There were various discussions about behaviours of postmasters and things like that, but— and I know the Post Office were quite keen to get rid of the suspense account.",Day156
704,discrepancy,discrepancy,Event/Issue,"Given that reduction on usage, if there was a discrepancy in a subpostmaster's account, after Project Impact, the subpostmaster would have to accept it and pay it before they could roll over into the new trading period, correct?",Day156
731,suspense account,suspense account,Event/Issue,"You tell us in your witness statement, paragraph 43 of your first witness statement, that the decision to remove the ability of subpostmasters to post discrepancies to a suspense account was because the Post Office took what I assume to be a business decision to remove this functionality.",Day156
735,suspense account,suspense account,Event/Issue,Ms Harding told us that it was agreed during the design of the impact programme that the suspense account would be removed because historically it was used by subpostmasters to hide discrepancies in their accounts.,Day156
738,suspense account,suspense account,Event/Issue,But what understanding did you have as to how the local suspense account had worked historically?,Day156
739,suspense account,suspense account,Event/Issue,"We need to be careful here about terminology, because one of the things we introduced here was something called the local suspense account.",Day156
740,suspense account,suspense account,Event/Issue,"I'm talking about at or before 2005, what was your understanding as to how the local suspense account worked?",Day156
742,suspense account,suspense account,Event/Issue,We introduced a new concept as part of Impact called the local suspense account.,Day156
743,suspense account,suspense account,Event/Issue,"So as far as I'm concerned, there wasn't a local suspense account prior to Impact, but I think I know what you're referring to.",Day156
748,suspense account,suspense account,Event/Issue,"I think I understood that in order to post something to the local suspense account, you did need to have permission.",Day156
750,suspense account,suspense account,Event/Issue,"Do you remember being told by the Post Office that subpostmasters, quote, hid their discrepancies in the suspense account?",Day156
783,error,error,Event/Issue,"He was strictly responsible for the safe custody of cash and stock was obliged to make good all losses caused through his own negligence, carelessness, or error, and losses of any kind caused by his assistants.",Day156
789,shortfall,shortfall,Event/Issue,"His case is that any shortfall is entirely the fault of the problems with the Horizon computer and accounting system at Marine Drive, and that the Post Office wrongfully terminated his contract, in respect of which he suffered losses not exceeding £250,000.",Day156
792,suspense account,suspense account,Event/Issue,"Bentley Johnson, they were the authors of the— sorry, Jeninson, the authors of the report in the second attachment, state that deficiencies have probably been brought forward despite the fact that they've been entered onto the suspense account entry.",Day156
793,suspense account,suspense account,Event/Issue,"They suspect this is because the Horizon system, despite the suspense account entry, failed to recognise the entry on the daily snapshots.",Day156
794,discrepancy,discrepancy,Event/Issue,"They've drawn this conclusion through looking at the discrepancy of £3,500 on the 26th of February 2004.",Day156
796,error,error,Event/Issue,"Mr. Castleton believes if he can obtain further documents such as the daily snapshots, he'll be able to undertake a manual reconciliation of the cash account in order to substantiate his belief that the losses are not real but attributable to computer error.",Day156
804,error,error,Event/Issue,"5, if there have been any human errors in the recording— in recording the transactions, could an explanation be that, A, there was nothing wrong with Horizon because it simply reflected the information entered onto it, but B, if staff entered the wrong numbers into Horizon, there may have been no real loss, even though Horizon would show a loss, because there could be human error in accounting, accurately recording transactions.",Day156
893,errors,error,Event/Issue,"And then there's a part in lighter text, almost grey: If there have been human errors in recording the transactions, could an explanation be that: a) there was nothing wrong with Horizon because it simply reflected the information entered onto it; but— just stopping there.",Day156
898,errors,error,Event/Issue,"So in relation to if there have been human errors in recording the transactions, could an explanation be there's nothing wrong with Horizon because it simply reflected information entered into it?",Day156
906,error,error,Event/Issue,"And then part B of the original question, if staff entered the wrong numbers into Horizon, there may have been no real loss, even though Horizon would show a loss, because there could be a human error inaccurately recording transactions.",Day156
910,error,error,Event/Issue,"However, if there is some sort of misentering of data into Horizon, then there would be another corresponding error which should be picked up, e.g., as a stock error or some AP client being credited with an incorrect amount.",Day156
911,error,error,Event/Issue,"Also, such error should show up as part of the balancing process.",Day156
941,error,error,Event/Issue,"My feeling was that that was more likely than an error in Horizon, yes, but I'm including the option of it being a mistake.",Day156
967,errors,error,Event/Issue,"Question 1, if there have been human errors, then A, and you can see your text is faithfully reproduced, yes?",Day156
1017,errors,error,Event/Issue,"As I read this, There must have been an earlier email that we haven't got in which Mr Pinder sent that first paragraph, I've been asked by the fraud investigation team, and then the second paragraph which says if there have been human errors, if that's marked, and then the paragraph at A, if that can be marked.",Day156
1154,audit,audit,Event/Issue,"I don't know how long these are retained, whether they're included in the audit trail, so you can check the history from— excuse me— from Marine Drive in 2004, and then you suggest a place to start.",Day156
1235,audit,audit,Event/Issue,"I may be able to do some— to research some of the areas, such as audit, that I'm claiming ignorance of.",Day156
0,Beer,Beer,Individual,"Mr Beer, can I explain that one of our assessors is joined in remotely this morning, and I understand that before we begin hearing evidence, you wish to raise the issue of disclosure.",Day117
1,Bates,Alan Bates,Individual,"Yes, it's a matter of importance that I wanted to update you and the core participants on before we call Mr Bates to give his oral evidence.",Day117
3,the Post Office,Post Office,Organisation,"The core participants were sent an email by the solicitor to the inquiry yesterday that contained relevant correspondence from the Post Office that dates between the 28th of March and the 5th of April, sent to the inquiry.",Day117
7,the Post Office's,Post Office,Organisation,"So you'll recall that the Post Office's late and problematic disclosure of documents has been a constant theme in this inquiry, resulting in you ordering that we hear oral evidence from the Post Office and its inquiry representatives in 2 disclosure-related hearings held in July and September last year.",Day117
8,Post Office's,Post Office,Organisation,"On the 12th of January this year, the inquiry held a further hearing on disclosure and called Post Office's recognised legal representative, Mr. Jackson of Burgess Salmon LLP, to give oral evidence.",Day117
8,Jackson,Jackson,Individual,"On the 12th of January this year, the inquiry held a further hearing on disclosure and called Post Office's recognised legal representative, Mr. Jackson of Burgess Salmon LLP, to give oral evidence.",Day117
9,the Post Office,Post Office,Organisation,You will recall that by and large the key issue that was discussed at that hearing was how the Post Office had discovered a further Post Office repository or data source known as Microsoft Exchange 365.,Day117
9,Microsoft Exchange,Microsoft Exchange,Technical System,You will recall that by and large the key issue that was discussed at that hearing was how the Post Office had discovered a further Post Office repository or data source known as Microsoft Exchange 365.,Day117
10,the Microsoft Exchange,Microsoft Exchange,Technical System,"You'll recall that the Microsoft Exchange 365 repository was brought to the inquiry's attention during the Phase 4 hearings, and as a result, the inquiry received numerous sometimes voluminous last-minute disclosure of documents said to relate to Phase 4 witnesses, on some occasions only days before some witnesses were due to give their evidence.",Day117
10,Phase 4,Phase 4,Organisation,"You'll recall that the Microsoft Exchange 365 repository was brought to the inquiry's attention during the Phase 4 hearings, and as a result, the inquiry received numerous sometimes voluminous last-minute disclosure of documents said to relate to Phase 4 witnesses, on some occasions only days before some witnesses were due to give their evidence.",Day117
11,Jackson,Jackson,Individual,"During the January hearing, Mr. Jackson, Jackson said that such last-minute disclosure by the Post Office during the Phase 4 hearings had been, quote, suboptimal.",Day117
11,Post Office,Post Office,Organisation,"During the January hearing, Mr. Jackson, Jackson said that such last-minute disclosure by the Post Office during the Phase 4 hearings had been, quote, suboptimal.",Day117
13,Jenkins,Gareth Jenkins,Individual,"In some instances, regrettably, a decision was made to postpone or reschedule a witness at short notice, including, you'll remember, Mr Jenkins and Mr Longman, both of whom the inquiry has now scheduled to hear during Phases 5 and 6.",Day117
13,Mr Longman,Mr Longman,Individual,"In some instances, regrettably, a decision was made to postpone or reschedule a witness at short notice, including, you'll remember, Mr Jenkins and Mr Longman, both of whom the inquiry has now scheduled to hear during Phases 5 and 6.",Day117
14,the Post Office's,Post Office,Organisation,"Whilst other matters were discussed at the hearing held on the night— on the 12th of January, the focus was on the Post Office's work related to the Microsoft Exchange repository.",Day117
14,the Microsoft Exchange,Microsoft Exchange,Technical System,"Whilst other matters were discussed at the hearing held on the night— on the 12th of January, the focus was on the Post Office's work related to the Microsoft Exchange repository.",Day117
16,the Post Office,Post Office,Organisation,"Those directions provided that firstly, a meeting would be held between the representatives of the inquiry and the Post Office to discuss disclosure issues as soon as reasonably practicable, and in any event well before the commencement of oral hearings in phases 5 and 6.",Day117
19,the Post Office,Post Office,Organisation,"On the 28th of February 2024, members of the inquiry team and information management team met with the Post Office and its representatives in this building as directed by you, and the inquiry later circulated a copy of the minutes of that meeting as agreed with the Post Office to core participants.",Day117
21,the Post Office,Post Office,Organisation,"At the outset of the meeting, leading counsel to the inquiry— that's me— noted that from the inquiry's perspective, the aim of the meeting was to ensure that the Post Office are doing as much as possible to ensure phases 5 and 6 can proceed in accordance with the inquiry timetable.",Day117
22,Jackson,Jackson,Individual,"Mr. Jackson confirmed that the Post Office agreed and noticed noted that the Post Office's starting point for the meeting was prioritising and clarifying what needed to be done in line with your directions, ensuring reasonable and proportionate disclosure whilst minimising and hopefully avoiding disruption to the hearing timetable and the inquiry's proceedings.",Day117
22,Post Office,Post Office,Organisation,"Mr. Jackson confirmed that the Post Office agreed and noticed noted that the Post Office's starting point for the meeting was prioritising and clarifying what needed to be done in line with your directions, ensuring reasonable and proportionate disclosure whilst minimising and hopefully avoiding disruption to the hearing timetable and the inquiry's proceedings.",Day117
24,the Post Office's,Post Office,Organisation,Given the Post Office's highly disruptive late disclosure in Phase 4.,Day117
25,Jackson,Jackson,Individual,"Mr Jackson confirmed that the Post Office also aspired to eliminate disruption wherever it was possible to do so, and that the Post Office's recent structural work should have mitigated the likelihood that a new disclosure issue would come from left field.",Day117
25,the Post Office,Post Office,Organisation,"Mr Jackson confirmed that the Post Office also aspired to eliminate disruption wherever it was possible to do so, and that the Post Office's recent structural work should have mitigated the likelihood that a new disclosure issue would come from left field.",Day117
26,the Post Office,Post Office,Organisation,"In order to achieve that objective, prior to the meeting, the inquiry had provided the Post Office with a series of deadlines for any further late disclosure of Microsoft Exchange documents and correspondence.",Day117
26,Microsoft Exchange,Microsoft Exchange,Technical System,"In order to achieve that objective, prior to the meeting, the inquiry had provided the Post Office with a series of deadlines for any further late disclosure of Microsoft Exchange documents and correspondence.",Day117
27,the Post Office,Post Office,Organisation,"In summary, quote, for all oral witnesses but for those listed within the 4 weeks of the inquiry timetable, the inquiry directed that any late disclosure must be provided by the Post Office no later than 6 weeks before the date on which the witness is due to be called to give evidence.",Day117
29,the Post Office,Post Office,Organisation,"The inquiry and the Post Office also discussed other— what the inquiry understood to be relatively ad hoc and less significant potential document sources, i.e., other than Microsoft Exchange.",Day117
29,Microsoft Exchange,Microsoft Exchange,Technical System,"The inquiry and the Post Office also discussed other— what the inquiry understood to be relatively ad hoc and less significant potential document sources, i.e., other than Microsoft Exchange.",Day117
31,Jackson,Jackson,Individual,"Quote, Mr. Jackson then took the inquiry legal team through the work completed by the Post Office regarding other potential document sources, including Mimecast, SMS and instant messaging, and e-media sources, brackets, corporate devices, servers, backup tapes, and file stores.",Day117
31,the Post Office,Post Office,Organisation,"Quote, Mr. Jackson then took the inquiry legal team through the work completed by the Post Office regarding other potential document sources, including Mimecast, SMS and instant messaging, and e-media sources, brackets, corporate devices, servers, backup tapes, and file stores.",Day117
31,SMS,SMS,Organisation,"Quote, Mr. Jackson then took the inquiry legal team through the work completed by the Post Office regarding other potential document sources, including Mimecast, SMS and instant messaging, and e-media sources, brackets, corporate devices, servers, backup tapes, and file stores.",Day117
32,Post Office,Post Office,Organisation,Post Office representatives confirmed that they had sent and were still sending questionnaires regarding data sources to specific former specific former Post Office employees and board members.,Day117
34,Post Office,Post Office,Organisation,"In short, the inquiry understood that work was still ongoing in relation to some of the additional data sources, but should Post Office have any material update, and in particular should any particular data source contain highly relevant material, Post Office would alert the inquiry as soon as possible.",Day117
35,the Post Office,Post Office,Organisation,"On distributing the minute to core participants, the inquiry noted that as the disclosure process by the Post Office was continuing and the disclosure of additional documents to the inquiry had only recently started, I had advised you that the inquiry legal team ought to continue to monitor the Post Office's compliance with the inquiry disclosure requirements and report to you at regular intervals.",Day117
36,Post Office,Post Office,Organisation,"The reporting ought to include whether the Post Office continued to meet the deadlines the inquiry had set in order to enable the Phase 5 and 6 oral hearings to proceed, and thereafter continued as scheduled.",Day117
37,Phases 5,Phases 5,Organisation,"At that stage, I and the solicitor to the inquiry advised that we considered it premature for the inquiry to hold a further disclosure hearing prior to the commencement of Phases 5 and 6 today.",Day117
39,the Post Office's,Post Office,Organisation,"But in the light of the historic disclosure issues and the disruptive nature of the Post Office's late disclosure of Microsoft Exchange material in Phase 4, you noted that you wanted to keep this on— this issue under very close consideration.",Day117
39,Microsoft Exchange,Microsoft Exchange,Technical System,"But in the light of the historic disclosure issues and the disruptive nature of the Post Office's late disclosure of Microsoft Exchange material in Phase 4, you noted that you wanted to keep this on— this issue under very close consideration.",Day117
41,Post Office,Post Office,Organisation,"Throughout February and March, the Post Office continued to disclose a large volume of material as a result of its Microsoft Exchange disclosure failings and the remediation exercises put in place to rectify them.",Day117
41,Microsoft Exchange,Microsoft Exchange,Technical System,"Throughout February and March, the Post Office continued to disclose a large volume of material as a result of its Microsoft Exchange disclosure failings and the remediation exercises put in place to rectify them.",Day117
44,Post Office,Post Office,Organisation,"On Thursday the 28th of March, the legal representatives for the Post Office notified the inquiry that the Post Office would be providing the inquiry with documents that day and the following week in relation to witnesses giving evidence during the first week of phases 5 and 6 of the hearings and in the latter part of April, or documents which might otherwise be, quote, of interest to the inquiry.",Day117
49,Post Office,Post Office,Organisation,"As I say, Section 21 was sent by the inquiry to the Post Office back on the 21st of July last year, in which the inquiry mandated that the Post Office disclose several categories of material relevant to phases 5 and 6 of the inquiry, i.e., documents addressing what was defined in the notice as relevant issues.",Day117
50,Ernst Young,Ernst Young,Individual,"The relevant issues including reviews of Horizon carried out by Ernst Young, Deloitte, KPMG, and Linklaters.",Day117
50,Deloitte,Deloitte,Organisation,"The relevant issues including reviews of Horizon carried out by Ernst Young, Deloitte, KPMG, and Linklaters.",Day117
50,KPMG,KPMG,Organisation,"The relevant issues including reviews of Horizon carried out by Ernst Young, Deloitte, KPMG, and Linklaters.",Day117
51,the Post Office,Post Office,Organisation,"The notice expressly stated the documents Um, that the documents be those created by, sent to, or received by, that recorded a conversation or meeting involving, or otherwise made reference to, 19 specific individuals within the Post Office.",Day117
52,Paula Venells,Paula Venells,Individual,"The individuals named in the notice included but were not limited to Paula Venells, Alice Perkins, Alwen Lyons, Angela Vandenbergard, Mark Davis, Tim Parker, and Susan Crichton.",Day117
52,Alice Perkins,Alice Perkins,Individual,"The individuals named in the notice included but were not limited to Paula Venells, Alice Perkins, Alwen Lyons, Angela Vandenbergard, Mark Davis, Tim Parker, and Susan Crichton.",Day117
52,Alwen Lyons,Alwen Lyons,Individual,"The individuals named in the notice included but were not limited to Paula Venells, Alice Perkins, Alwen Lyons, Angela Vandenbergard, Mark Davis, Tim Parker, and Susan Crichton.",Day117
52,Angela Vandenbergard,Angela Vandenbergard,Individual,"The individuals named in the notice included but were not limited to Paula Venells, Alice Perkins, Alwen Lyons, Angela Vandenbergard, Mark Davis, Tim Parker, and Susan Crichton.",Day117
52,Mark Davis,Mark Davis,Individual,"The individuals named in the notice included but were not limited to Paula Venells, Alice Perkins, Alwen Lyons, Angela Vandenbergard, Mark Davis, Tim Parker, and Susan Crichton.",Day117
52,Tim Parker,Tim Parker,Individual,"The individuals named in the notice included but were not limited to Paula Venells, Alice Perkins, Alwen Lyons, Angela Vandenbergard, Mark Davis, Tim Parker, and Susan Crichton.",Day117
52,Susan Crichton,Susan Crichton,Individual,"The individuals named in the notice included but were not limited to Paula Venells, Alice Perkins, Alwen Lyons, Angela Vandenbergard, Mark Davis, Tim Parker, and Susan Crichton.",Day117
53,Post Office,Post Office,Organisation,"At 5:20— 5:32 on Thursday the 28th of March, the Post Office sent a cover letter for a production of 1,071 documents.",Day117
54,COVID,COVID,Organisation,"The COVID letter noticed that the Post Office had, quote, initiated 2 assurance exercises, the first being a review of specific third-party material— sorry, third-party advisor material, and the second being search and review of email inboxes of personal assistants, PAs, to the Section 21 individuals and other email inboxes of potential relevance where considered appropriate for this exercise.",Day117
54,the Post Office,Post Office,Organisation,"The COVID letter noticed that the Post Office had, quote, initiated 2 assurance exercises, the first being a review of specific third-party material— sorry, third-party advisor material, and the second being search and review of email inboxes of personal assistants, PAs, to the Section 21 individuals and other email inboxes of potential relevance where considered appropriate for this exercise.",Day117
55,the Post Office's,Post Office,Organisation,"The letter further explained that the Post Office's, quote, Section 21 search method methodology focused on the relevant individuals' data sources.",Day117
57,Post Office,Post Office,Organisation,"However, as part of assurance, Post Office has now run such searches across specific third-party adviser files, as was set out in the letter.",Day117
58,Deloitte,Deloitte,Organisation,"So such third-party advisers included those who the inquiry had specifically named in the Section 21 notice, including Linklaters, Deloitte, and KPMG.",Day117
58,KPMG,KPMG,Organisation,"So such third-party advisers included those who the inquiry had specifically named in the Section 21 notice, including Linklaters, Deloitte, and KPMG.",Day117
59,The Post Office,Post Office,Organisation,"The Post Office explained that within the production of 1,071 documents, 788 of them were said to be relevant to Section 21, of which 583 related to witnesses, and 15 documents were said to be, quote, high— of high relevance and material.",Day117
60,the Post Office,Post Office,Organisation,"44 documents were said to be documents of interest, being documents that the Post Office said were not directly responsive to the notice but were otherwise of relevance to the inquiry's terms of reference.",Day117
63,The Post Office,Post Office,Organisation,"The Post Office noted that a number of the documents could be apparent duplicates of previous documents already produced, but that information to assist in identifying duplicates would be provided separately.",Day117
64,Easter,Easter,Individual,So the Easter break then took place between Friday the 29th of March and Monday the 1st of April.,Day117
65,the Post Office's,Post Office,Organisation,"At around 10 AM on the 2nd of April, the Post Office's legal representative contacted inquiry legal team to note that further documents were to be expected.",Day117
66,The Post Office,Post Office,Organisation,The Post Office requested a meeting with the inquiry to provide an update and discuss how the Post Office intended to disclose further documents.,Day117
67,the Post Office,Post Office,Organisation,"At 11:47 on the 2nd of April, the inquiry confirmed it would be grateful if the Post Office could please provide the inquiry with the information it should have or would be assisted in have— in having in relation to the late disclosure that was relevant to hearings or witnesses this week.",Day117
68,Post Office,Post Office,Organisation,"At 6:58 PM that day, the Post Office sent the inquiry a 4-page letter seeking, quote, to provide a brief update regarding the Post Office's further urgent witness-focused review to best assist the inquiry with anticipated timings for further productions.",Day117
70,the Post Office,Post Office,Organisation,"However, it was in this letter received after hours on Tuesday that the inquiry was informed that the Post Office intended to make, quote, a small number of further Burgess Salmon Field Fisher productions in the near future of further documents relevant to phases 5 and 6.",Day117
73,the Post Office,Post Office,Organisation,"The letter said that the Post Office anticipated that the documents that relate to witnesses appearing this week are likely to be low in number and/or likely— not likely to contain many documents that will give rise to potential questions for those witnesses, but will rather, particularly for non-Post Office or Royal Mail Group witnesses, for the most part be documents that refer to them.",Day117
73,non-Post Office,non-Post Office,Organisation,"The letter said that the Post Office anticipated that the documents that relate to witnesses appearing this week are likely to be low in number and/or likely— not likely to contain many documents that will give rise to potential questions for those witnesses, but will rather, particularly for non-Post Office or Royal Mail Group witnesses, for the most part be documents that refer to them.",Day117
73,Royal Mail Group,Royal Mail Group,Organisation,"The letter said that the Post Office anticipated that the documents that relate to witnesses appearing this week are likely to be low in number and/or likely— not likely to contain many documents that will give rise to potential questions for those witnesses, but will rather, particularly for non-Post Office or Royal Mail Group witnesses, for the most part be documents that refer to them.",Day117
74,the Post Office,Post Office,Organisation,"Importantly, The, the letter said that the Post Office anticipated making yet further productions of material following 5 further reviews.",Day117
75,Microsoft Exchange,Microsoft Exchange,Technical System,"It confirmed that the reviews were not related to the Microsoft Exchange remediation process, but as noted already, the documents were relevant to phases 5 and 6 and to witnesses scheduled to be called as early as this week.",Day117
76,the Post Office,Post Office,Organisation,Those 5 reviews were summarised by the Post Office as follows.,Day117
78,NAS,NAS,Organisation,"Secondly, the NAS drive and file share review.",Day117
81,Patrick Baulk 2017,Patrick Baulk 2017,Individual,"And finally, the Patrick Baulk 2017 Mimecast data review.",Day117
82,The Post Office,Post Office,Organisation,"The Post Office did not provide the numbers of documents for witnesses commencing this week, although they anticipated providing those numbers shortly.",Day117
85,the Post Office,Post Office,Organisation,"Within those letters, the Post Office disclosed a number of additional documents as follows.",Day117
86,NAS,NAS,Organisation,"On the 3rd of April, 196 documents were disclosed, said to be from the NAS drive.",Day117
87,The Post Office,Post Office,Organisation,The Post Office said they were continuing to collect material from the Post Office file share that might be relevant to the Phase 5 and 6 hearings.,Day117
91,Post Office,Post Office,Organisation,"On Friday the 5th of April, so the Friday that's just passed, the Post Office disclosed 189 documents following a review of Post Office's hard copy material, 200 documents following an additional precautionary Mimecast review, a further 374 documents were disclosed, said to be the third tranche of documents, including, quote, further material identified as part of a second assurance review involving searches of email inboxes of personal assistants to Section 21 individuals.",Day117
93,The Post Office,Post Office,Organisation,"The Post Office said that it was now, quote, urgently reviewing data for personal assistants assistance to the Section 21 individuals who are witnesses and are due to give evidence from the 23rd of April onwards, and they anticipated they would provide the documents to the inquiry on or before this Friday, the 12th of April.",Day117
95,The Post Office,Post Office,Organisation,The Post Office has told us that that review is not yet complete.,Day117
96,NAS,NAS,Organisation,"The NAS drive and file share saw the disclosure of 196 documents from the NAS drive last week, but the review is ongoing in relation to other witnesses.",Day117
100,Mimecast,Mimecast,Organisation,The Patrick Bourke 2017 Mimecast data work appears to be ongoing.,Day117
102,the Post Office,Post Office,Organisation,"The volume and timing of such disclosure is unknown, but the Post Office said that they were working to disclose any further documents well in advance of Patrick Baulk's hearing on the 7th of May.",Day117
102,Patrick Baulk's,Patrick Baulk's,Individual,"The volume and timing of such disclosure is unknown, but the Post Office said that they were working to disclose any further documents well in advance of Patrick Baulk's hearing on the 7th of May.",Day117
106,the Post Office,Post Office,Organisation,"Since the end of the Phase 4 hearings alone, so that's since the closing submissions on the 2nd of February 2024, the Post Office has disclosed 73,720 documents to the inquiry, of which the inquiry legal team have characterised 67,210 documents as possibly relating to phases 5 and 6 of the inquiry.",Day117
107,the Post Office,Post Office,Organisation,"The inquiry has received documents from other providers during that time, albeit none as substantial in volume as the Post Office.",Day117
108,the Post Office's,Post Office,Organisation,"And the inquiry's information management team have confirmed that as of late yesterday, at least 78,211 documents, including but not limited to the Post Office's documents, that likely or potentially relate to phases 5 and 6 of the inquiry may fall for disclosure to core participants.",Day117
113,the Post Office,Post Office,Organisation,"This was communicated to the Post Office, and the inquiry understood that the Post Office considered that it had completed its Phase 5/6 exchange remediation exercises by the 22nd of March.",Day117
113,Phase 5/6,Phase 5/6,Organisation,"This was communicated to the Post Office, and the inquiry understood that the Post Office considered that it had completed its Phase 5/6 exchange remediation exercises by the 22nd of March.",Day117
117,the Post Office's,Post Office,Organisation,But the issues that the Post Office's disclosure to this inquiry have presented have been much more than minor ad hoc or additional disclosure.,Day117
118,the Post Office's,Post Office,Organisation,"In particular, the Post Office's assurance review as it has called it, of personal assistant emails and other inboxes of potential relevance in response to the inquiry Section 21 notice of last year is very concerning.",Day117
120,Post Office,Post Office,Organisation,It lists a number of senior key Post Office individuals.,Day117
122,the Post Office,Post Office,Organisation,"The inboxes of what are called inboxes of potential relevance have not been explained by the Post Office, so we don't know to whom they relate.",Day117
123,Post Office,Post Office,Organisation,"Even more concerning, the inquiry emphasised that the inquiry— that the Post Office ought to apply a common-sense approach to senior custodians as far back as a meeting with the Post Office in April 2023.",Day117
124,the Post Office's,Post Office,Organisation,So you asked for your team closely to monitor the Post Office's disclosure to the inquiry.,Day117
128,the Post Office,Post Office,Organisation,"The alternative, further delay to allow the Post Office to get its disclosure house in order, is not one which is acceptable.",Day117
130,Post Office,Post Office,Organisation,"So that's the, the approach that we intend to take, and that's all I say at the moment about this latest late Post Office disclosure.",Day117
132,Beer,Beer,Individual,"Thank you, Mr. Beer.",Day117
133,Beer,Beer,Individual,"The substance, or a summary, of what Mr. Beer has just explained publicly was provided to me late last week, together with Mr. Beer's and his team's advice that despite the problems which have occurred, we should carry on.",Day117
139,Beer,Beer,Individual,"But as Mr. Beer has explained, that can be cured albeit with some cost to the witness, by recalling them if necessary.",Day117
146,Beer,Beer,Individual,"I stress, as Mr Beer has stressed, that the monitoring of disclosure which I promised would continue throughout will continue throughout.",Day117
156,Beer,Beer,Individual,"So thank you for your words, Mr. Beer.",Day117
160,Andrew,Andrew,Individual,"As you know, Sir Andrew was publicly announced by the inquiry on the 9th of January this year.",Day117
161,Sandra Dawson,Sandra Dawson,Individual,The inquiry jointly appointed Dame Sandra Dawson and Dr Katie Stewart to the role of governance expert witnesses.,Day117
161,Katie Stewart,Katie Stewart,Individual,The inquiry jointly appointed Dame Sandra Dawson and Dr Katie Stewart to the role of governance expert witnesses.,Day117
162,Sandra,Sandra,Individual,"Dame Sandra is Professor Emerita of Management Studies, University College Cambridge, and a Fellow, formerly the Master, of Sidney Sussex College, Cambridge.",Day117
162,Emerita,Emerita,Individual,"Dame Sandra is Professor Emerita of Management Studies, University College Cambridge, and a Fellow, formerly the Master, of Sidney Sussex College, Cambridge.",Day117
162,University College Cambridge,University College Cambridge,Organisation,"Dame Sandra is Professor Emerita of Management Studies, University College Cambridge, and a Fellow, formerly the Master, of Sidney Sussex College, Cambridge.",Day117
162,Sidney Sussex College,Sidney Sussex College,Organisation,"Dame Sandra is Professor Emerita of Management Studies, University College Cambridge, and a Fellow, formerly the Master, of Sidney Sussex College, Cambridge.",Day117
163,the Windrush Lessons Learned Review,the Windrush Lessons Learned Review,Organisation,She acted as an expert member on organisation governance and leadership on the expert advisory group on the Windrush Lessons Learned Review and regularly advises on leadership governance and organisation structure.,Day117
164,Stewart,Stewart,Individual,"Dr Stewart is a policy governance expert and was a visiting scholar at Sydney Sussex College, Cambridge.",Day117
164,Sydney Sussex College,Sydney Sussex College,Organisation,"Dr Stewart is a policy governance expert and was a visiting scholar at Sydney Sussex College, Cambridge.",Day117
165,Stewart,Stewart,Individual,"Dame Sandra and Dr. Stewart have been instructed to produce 2 reports addressing issues relating to leadership, management, and governance.",Day117
168,the Post Office,Post Office,Organisation,"It sets out the expected and best practice in relation to the standards of governance, management, and leadership in companies such as the Post Office in the period 1999 to 2019.",Day117
171,Stewart,Stewart,Individual,"Dame Sandra and Dr. Stewart will be considering the evidence given in phases 5 and 6 of the inquiry, both the written evidence and the oral evidence, and will produce a second report in the light of that evidence when phases 5 and 6 have concluded.",Day117
172,Beer,Beer,Individual,"Thank you, Mr. Beer.",Day117
174,Alan Bates,Alan Bates,Individual,"Can I call Alan Bates, please?",Day117
189,Bates,Alan Bates,Individual,"Good morning, Mr. Bates.",Day117
191,Jason Beer,Beer,Individual,"My name is Jason Beer, as you know, and I ask questions on behalf of the inquiry.",Day117
193,Alan Bates,Alan Bates,Individual,"Uh, Alan Bates.",Day117
201,CWU,CWU,Organisation,"If we look at page 23 and the foot of page 23 at paragraph 75, it says the CWU were not involved in this period, as I recall.",Day117
202,Colin Baker,Colin Baker,Individual,The NFSP the letter— should that say from Colin Baker?,Day117
205,Baker,Baker,Individual,"So cross out the words January 200 and put in the words Baker, the word Baker.",Day117
208,O'Neill,O'Neill,Individual,It says in my letter to Mr. O'Neill dated the 9th of September 2009.,Day117
220,Bates,Alan Bates,Individual,"Thank you very much, Mr Bates.",Day117
227,EPOSS,EPOSS,Technical System,"And is it right that in the course of that work You developed experience in electronic point-of-sale, EPOSS, systems?",Day117
231,Horizon,Horizon,Technical System,"To what extent, if any, did that background assist you when you became a subpostmaster and were later required to work with the Horizon IT system?",Day117
232,Horizon,Horizon,Technical System,"I think when Horizon came in, I think I was quite positive about it, because I knew what technology and these sorts of systems could do, so I was quite positive.",Day117
241,Post Office,Post Office,Organisation,"Sorry, it is, but it's due to Post Office, not to myself.",Day117
246,Post Office,Post Office,Organisation,"Because— well, initially it was because Post Office terminated my contract, giving me 3 months' notice and not giving me a reason for doing so, purely because, in my belief, is that I kept raising problems and concerns over its Horizon system due to a number of faults I'd found over the years.",Day117
246,Horizon,Horizon,Technical System,"Because— well, initially it was because Post Office terminated my contract, giving me 3 months' notice and not giving me a reason for doing so, purely because, in my belief, is that I kept raising problems and concerns over its Horizon system due to a number of faults I'd found over the years.",Day117
266,Craigadon Post Office,Craigadon Post Office,Organisation,It's Craigadon Post Office in Llandudno.,Day117
268,Craigadon Post Office,Craigadon Post Office,Organisation,Craigadon Post Office in Llandudno.,Day117
279,Suzanne,Suzanne,Individual,"And I think you and your wife Suzanne were 44 years old when you took it over, is that right?",Day117
285,the High Court,the High Court,Organisation,"This is a witness statement you made in the course of the group litigation proceedings in the High Court, and we'll deal more about that later today.",Day117
295,the Post Office,Post Office,Organisation,You say a key attraction to working with the Post Office was that it would provide secure employment based upon the fact it provides a community service and has an established brand in the community.,Day117
296,Post Office,Post Office,Organisation,"From among the various small business options available, a Post Office branch would in my mind be a safe option.",Day117
297,Post Office,Post Office,Organisation,I was also encouraged by the fact I could run a secondary business such as a retail shop alongside the Post Office branch.,Day117
298,Post Office,Post Office,Organisation,"That sets out in summary your reasons for picking Post Office as a future enterprise with your wife, is Is that right?",Day117
300,Peter Savage,Peter Savage,Individual,"Now, um, paragraph 12 on this page right through to paragraph 23 on page 5 addresses the initial inquiries you made with the existing or the outgoing subpostmaster, Peter Savage I think his name was.",Day117
306,Savage,Savage,Individual,"You say that you do remember that during one of my visits Um, to the branch, Mr Savage explained that he had a practice of keeping unders and overs in a tin in the safe as a system to deal with any odd shorts or overs.",Day117
310,Post Office,Post Office,Organisation,"and you didn't provide Post Office with returns of the position each week in there as well, but that seemed to be the way it operated.",Day117
313,the Post Office,Post Office,Organisation,"On, um, from paragraph 24, if we scroll down please, right through to paragraph 33 at the bottom of page 7, you deal with the agreement to purchase the Post Office, yes?",Day117
318,the Post Office,Post Office,Organisation,"Firstly, the application to the Post Office to be a subpostmaster.",Day117
319,Bangor,Bangor,Organisation,"Secondly, the interview at the regional office in Bangor that you and your wife attended.",Day117
325,Post Office,Post Office,Organisation,"Now, we'll hear later that— is this right— that the Post Office robustly challenged you on that issue alongside other issues at the trial, and then the trial judge, then Mr. Justice Fraser, held that you were an honest witness, that you were telling the truth, and that like many other subpostmasters, you did not receive a copy of this document?",Day117
325,Justice Fraser,Justice Fraser,Individual,"Now, we'll hear later that— is this right— that the Post Office robustly challenged you on that issue alongside other issues at the trial, and then the trial judge, then Mr. Justice Fraser, held that you were an honest witness, that you were telling the truth, and that like many other subpostmasters, you did not receive a copy of this document?",Day117
329,Horizon,Horizon,Technical System,Can we turn to the introduction of the Horizon system into your branch?,Day117
331,Post Office,Post Office,Organisation,"At paragraph 14, you tell us that in October 2000, the Post Office introduced Horizon at my branch.",Day117
331,Horizon,Horizon,Technical System,"At paragraph 14, you tell us that in October 2000, the Post Office introduced Horizon at my branch.",Day117
333,Horizon,Horizon,Technical System,"To the best of my recollection, Horizon was installed from the 2nd of October 2000.",Day117
335,Horizon,Horizon,Technical System,So Horizon installed under 2 years after you took up the position of subpostmaster of this office?,Day117
338,Horizon,Horizon,Technical System,"You say, I didn't have any involvement in discussions about the introduction of Horizon.",Day117
342,Horizon,Horizon,Technical System,"You say, when Horizon was introduced, given my background with electronic point-of-sale systems, I regarded the introduction of Horizon at first as a positive innovation, and you've told us that in summary this morning.",Day117
343,Post Office Limited,Post Office Limited,Organisation,"However, I did not expect there to be any apparent discrepancies shown on the system that I was unable to identify the cause of and resolve, either by myself or with support or information from Post Office Limited.",Day117
344,the Post Office,Post Office,Organisation,Certainly I did not expect discrepancies to occur for which the Post Office would try and hold me liable without the cause being investigated and established.,Day117
345,CAPTCHA,CAPTCHA,Organisation,"To that point, I'd been preparing accounts manually using the CAPTCHA system.",Day117
350,Post Office,Post Office,Organisation,"But I mean, in previous roles, before Post Office, I'd used something like Crystal Reports on software packages to extract information using certain parameters in there, but there was very little flexibility in Horizon, as I saw it at that time, for reports that you could control the parameters of your searches for.",Day117
350,Crystal Reports,Crystal Reports,Organisation,"But I mean, in previous roles, before Post Office, I'd used something like Crystal Reports on software packages to extract information using certain parameters in there, but there was very little flexibility in Horizon, as I saw it at that time, for reports that you could control the parameters of your searches for.",Day117
352,Horizon,Horizon,Technical System,"And we see this as a feature in the correspondence that you— we're going to turn to a little later today, and a constant theme that you pursued, i.e., the visibility of transactions and the auditability of transactions from a subpostmaster's perspective was lacking in the Horizon system, is that correct?",Day117
354,High Court,High Court,Organisation,"Can we turn, please, back to your High Court statement, poll 3024194, and turn to page 32, please.",Day117
356,the Post Office's,Post Office,Organisation,"You say that you've been referred to a part of the Post Office's defence and to its defence and counterclaim, and you say that you understand from this that the Post Office's case for the purposes of the common issues trial is, quote, that losses do not arise in the ordinary course of things without fault or error on the part of subpostmasters and their assistants.",Day117
357,the Post Office,Post Office,Organisation,And this is what the Post Office said: it would not be right to infer or presume that a shortfall and loss was caused instead by a bug or error in Horizon.,Day117
359,Post Office,Post Office,Organisation,"You say, these things were in my own experience very far from the the case, and then you set out from your own experience, by comparison, what you say by reference to what the Post Office suggests.",Day117
364,Horizon,Horizon,Technical System,"And then 146, you say, one of my fundamental concerns when Horizon was introduced, which you clearly communicated through various letters, was the lack of transparency and control available to me in reviewing transactions when trying to balance You refer to a letter and you say, I could not fully access data that I needed in order to properly track and, if necessary, to correct transactions.",Day117
366,the Post Office,Post Office,Organisation,"You were therefore dependent, you say, upon the Post Office for this sort of information and therefore in order to ascertain determine the cause of any apparent shortfall and whether it was in fact a real loss.",Day117
367,Post Office,Post Office,Organisation,"And then you say in 147, although Post Office later moved to monthly balancing, during your tenure you were required to produce weekly accounts, which meant you had to conduct a balance on a weekly basis on a Wednesday.",Day117
368,Horizon,Horizon,Technical System,"When carrying out this balance on Wednesday the 13th of December 2000, the Horizon system showed there was an unexplained variance of over £6,000 relating to gyro deposits.",Day117
394,Post Office,Post Office,Organisation,"And just by way of an aside, I think you tell us in your statement that Post Office records subsequently disclosed to you show that in the 2-year and 9-month period up until February— up until November 2003, i.e., when your contract was terminated, you and your assistants made 507 calls to the helpline?",Day117
396,Horizon,Horizon,Technical System,Of which 85 related to Horizon and balancing problems?,Day117
400,High Court,High Court,Organisation,Can we go on to paragraph 149 of your High Court witness statement here?,Day117
401,Horizon,Horizon,Technical System,"You say, using the limited reports you were able to print, you ascertained that around £5,000 of the alleged shortfall related to gyro items that had become wrongly duplicated on Horizon These reports were in the form of lengthy multi-line narrow till receipts and were many metres long, making them difficult to review in any event.",Day117
406,Gerry Hayes,Gerry Hayes,Individual,"I also called my retail line— sorry, my retail network manager, Gerry Hayes, the following day to inform him.",Day117
407,the Post Office,Post Office,Organisation,"In the absence of a proper response from the Post Office, I carried out— I carried over the apparent shortfall from that week's cash account to the following week's cash account by transferring it to a suspense account which was visible to the Post Office.",Day117
410,Post Office,Post Office,Organisation,"And is it that sum, £1,100, that you ended up in dispute with the Post Office over?",Day117
412,Post Office,Post Office,Organisation,And I think the first thing you did was to write a detailed letter to the Post Office about it?,Day117
415,POL 004598,POL 004598,Organisation,POL 004598.,Day117
417,Horizon,Horizon,Technical System,"We can see this is dated the 19th of December 2000, so about 6 days after the balancing issue emerged, and again about 2 and a bit months after the installation of Horizon at your branch, and it must be noted, I think, very early in the life of the Horizon system taken as a whole, would you agree?",Day117
419,Horizon,Horizon,Technical System,You'll see that the heading of it is Horizon faults.,Day117
420,Horizon,Horizon,Technical System,"Can we read the letter together, because this sets out what might be an important account early in the life of Horizon.",Day117
423,Horizon,Horizon,Technical System,The evidence that appeared during that day proved beyond any doubt that the Horizon system cannot be relied upon to give 100% accurate figures.,Day117
428,Horizon,Horizon,Technical System,"I can without any doubt attribute £368,500 of that to gyro items that have been double-entered, and that I'm unable to track because of the way Horizon is set up.",Day117
432,Horizon,Horizon,Technical System,"Unfortunately, the current Horizon system does not let you access previous transactions adequately enough to track problems with shorts or overs at the end of the week.",Day117
434,the Federation of Subpostmasters,the Federation of Subpostmasters,Organisation,"Having spoken to the local branch secretary of the Federation of Subpostmasters on these problems, and realizing the problems I'm experiencing are being found by others around the country, I do not— I really do not believe it would be unreasonable for Post Office Network to hold me liable for losses on the cash account until such time as 100% guarantee can be given about the accuracy of Horizon.",Day117
434,Post Office Network,Post Office Network,Organisation,"Having spoken to the local branch secretary of the Federation of Subpostmasters on these problems, and realizing the problems I'm experiencing are being found by others around the country, I do not— I really do not believe it would be unreasonable for Post Office Network to hold me liable for losses on the cash account until such time as 100% guarantee can be given about the accuracy of Horizon.",Day117
434,Horizon,Horizon,Technical System,"Having spoken to the local branch secretary of the Federation of Subpostmasters on these problems, and realizing the problems I'm experiencing are being found by others around the country, I do not— I really do not believe it would be unreasonable for Post Office Network to hold me liable for losses on the cash account until such time as 100% guarantee can be given about the accuracy of Horizon.",Day117
439,the Post Office,Post Office,Organisation,"I'm a firm believer in the way forward through such a system, but bear in mind my comments are made by someone who's had considerable experience of electronic point-of-sale systems before joining the Post Office in 1998.",Day117
445,Horizon,Horizon,Technical System,"So in that letter, you make it clear on a number of occasions that Horizon is at fault, and you explain in detail why, so far as you could tell, that was so.",Day117
448,the Post Office,Post Office,Organisation,You tell the Post Office that you're not alone and that this was happening around the country.,Day117
452,Dave Foster,Dave Foster,Individual,Was that Dave Foster?,Day117
453,Dave Foster,Dave Foster,Individual,It was Dave Foster.,Day117
462,Post Office,Post Office,Organisation,So now over a year has passed and you're writing to the Post Office about this long-in-the-tooth alleged shortfall.,Day117
464,Horizon,Horizon,Technical System,"This cumulative figure was placed in the suspense account towards the end of 2000, and I have no doubt at all that it was due to errors in the Horizon system over a number of weeks at that time.",Day117
465,Gerry Hayes,Gerry Hayes,Individual,"In my letters to Gerry Hayes of the 19th of December, which we've just looked at, and 16th of July 2001— I've skipped over that one because of time— neither of which did I receive a written reply to.",Day117
467,Post Office,Post Office,Organisation,"I really do think that enough time has now passed for Post Office to have resolved this issue, and that unless I receive a written comment to the contrary by the end of this month, I'll take it the matter's closed.",Day117
468,Post Office Counters,Post Office Counters,Organisation,"When I signed my contract with Post Office Counters, I did not sign to accept the liabilities arising from the shortcomings of a less than adequate Horizon system.",Day117
468,Horizon,Horizon,Technical System,"When I signed my contract with Post Office Counters, I did not sign to accept the liabilities arising from the shortcomings of a less than adequate Horizon system.",Day117
469,Post Office Limited,Post Office Limited,Organisation,All liabilities from such a system are clearly the responsibility of Post Office Limited or ICL Pathway.,Day117
469,ICL Pathway,ICL Pathway,Organisation,All liabilities from such a system are clearly the responsibility of Post Office Limited or ICL Pathway.,Day117
473,Post Office,Post Office,Organisation,"You say, finally, by letter of the 6th of March 2002, I was notified that, quote, Post Office has decided to take no further action in respect of the loss at my branch and that this will be written off.",Day117
474,the Post Office,Post Office,Organisation,"No reason was given But I've since seen a copy of a, quote, write-off authority voucher disclosed by the Post Office, which gives the reason for the write-off as, quote, disputed Horizon Cash account shortage.",Day117
474,Horizon Cash,Horizon Cash,Organisation,"No reason was given But I've since seen a copy of a, quote, write-off authority voucher disclosed by the Post Office, which gives the reason for the write-off as, quote, disputed Horizon Cash account shortage.",Day117
475,the Post Office,Post Office,Organisation,"The letter of the 6th of March also said that the Post Office had taken time to respond because, quote, it has been necessary to formulate a consistent response to all such cases.",Day117
476,the Post Office,Post Office,Organisation,I take it from this that the Post Office was aware at the time of many such complaints.,Day117
477,the Post Office,Post Office,Organisation,"I also take from the fact that the Post Office was willing to write off the considerable apparent discrepancy I disputed that my complaints were valid and that the Post Office was aware that was the case and wished to avoid the controversy on this matter, given that I was willing to assert my legal rights.",Day117
482,Post Office,Post Office,Organisation,"And, um, if we look at the 3rd paragraph, there's the passage that you cited: after due consideration of the facts surrounding your loss in your report, Post Office has decided to take no further action in respect of the loss, which will be written off.",Day117
498,Post Office,Post Office,Organisation,This is an internal Post Office document?,Day117
504,FAD,FAD,Organisation,"It's got your branch name and your FAD code, the amount of money, and it says the following decision has been made with regard to the lot at the above office which relates to an aged shortage which the subpostmaster insists was attributable to a Horizon system software, equipment, training failure.",Day117
504,Horizon,Horizon,Technical System,"It's got your branch name and your FAD code, the amount of money, and it says the following decision has been made with regard to the lot at the above office which relates to an aged shortage which the subpostmaster insists was attributable to a Horizon system software, equipment, training failure.",Day117
508,Horizon,Horizon,Technical System,"Did you see this document, the writing off of a loss, because you said the loss was attributable to the Horizon system, at the time of the dispute with the Post Office in 2002 and 2003, i.e., before termination of your contract?",Day117
508,the Post Office,Post Office,Organisation,"Did you see this document, the writing off of a loss, because you said the loss was attributable to the Horizon system, at the time of the dispute with the Post Office in 2002 and 2003, i.e., before termination of your contract?",Day117
510,the Post Office,Post Office,Organisation,And so were you aware at that time that the Post Office seemingly used the standard form with delete as appropriate boxes on it?,Day117
514,Horizon,Horizon,Technical System,"oh, it's another one, the Horizon losses.",Day117
527,Post Office,Post Office,Organisation,"We've heard from some Post Office staff, the evidence of Susan Harding springs to mind, particularly to me, that the Post Office believed that the suspense account was used by subpostmasters to cover up theft and fraud.",Day117
527,Susan Harding,Susan Harding,Individual,"We've heard from some Post Office staff, the evidence of Susan Harding springs to mind, particularly to me, that the Post Office believed that the suspense account was used by subpostmasters to cover up theft and fraud.",Day117
528,Horizon,Horizon,Technical System,"Your evidence is that you were being transparent from an early stage in the life of Horizon in your complaints about Horizon discrepancies, about the use of the suspense account to hold over disputed sums whilst continued— whilst continuing to assert that the money wasn't owed and ought not to be made good.",Day117
533,Horizon,Horizon,Technical System,"I think after this write-off there continued to be some shortages, shortfalls shown on Horizon, is that right?",Day117
557,Post Office,Post Office,Organisation,And Post Office were aware of what I was doing.,Day117
558,Mike Wakely,Mike Wakely,Individual,"Did the installation of a new retail line manager, Mike Wakely, cause matters to be brought to a head in that respect?",Day117
572,Horizon,Horizon,Technical System,"That's the one we've just read, confirming our conversation regarding losses and gains at our office, which have always been rolled over since the installation of Horizon.",Day117
573,Post Office,Post Office,Organisation,"I appreciate you may well have been unaware of this practice at the office, but can assure you that many others at Post Office— many other Post Office staff knew of it.",Day117
575,Horizon,Horizon,Technical System,"The problem with rolling over the losses and gains is that I presume I'd be accepting liability for them, which is something that I've pointed out in writing to you since the introduction of Horizon here.",Day117
583,Wakely,Wakely,Individual,"Um, letter from Mr. Wakely, um, 2nd of May.",Day117
592,Post Office,Post Office,Organisation,"To this effect, you're charged with ensuring that all accounts entrusted to you are kept in the form prescribed by Post Office using the approved accounting system, and therefore, in the event of any losses occurring, these should be made good without delay.",Day117
603,Horizon,Horizon,Technical System,"To take an extreme, if the Horizon system said I owed £1 million, would you say I'd have to make good the loss without delay and without question?",Day117
608,the Post Office,Post Office,Organisation,"So you correct the Post Office on the terms and conditions, you make it clear the point that many have missed, that the contract does not oblige you to repay all losses, and then you make a point of emphasis it's the million pounds example in your third paragraph.",Day117
609,the Post Office,Post Office,Organisation,Was there any effort by the Post Office to engage with the points that you were making in this letter?,Day117
615,Wakely,Wakely,Individual,"Mr. Wakely, in accordance with your contracts, I'm writing to issue you with 3 months' notice of termination of your contract.",Day117
622,the Post Office,Post Office,Organisation,Was any such explanation given to you by the Post Office at this time?,Day117
632,Post Office,Post Office,Organisation,You'd had the Post Office acknowledging that it was because of a genuine dispute.,Day117
633,Horizon,Horizon,Technical System,"Over whether Horizon was to blame for it, over the operation of Horizon.",Day117
634,Post Office,Post Office,Organisation,"You'd been rolling over other shortfalls and surpluses since then with Post Office knowledge, and then this arrives.",Day117
635,Post Office,Post Office,Organisation,"Well, it was, it was a bit strange in a way, because we were a very busy Post Office.",Day117
636,Post Office,Post Office,Organisation,"In fact, it was a time when a lot of Post Office places were losing trade, but our sales figures were extremely high in the region.",Day117
641,Alan,Alan,Individual,"He was saying, come on, Alan, you know, change your mind.",Day117
643,Post Office,Post Office,Organisation,"And I'm saying, look, if you're unhappy with the way that I'm providing your service, then pay us back our initial investment and take the Post Office away.",Day117
645,the Post Office,Post Office,Organisation,"But I mean, it's— they just decided they were going to— I felt They were going to make a lesson of my case, because a number of other people knew what was going on at that time, and I think it was something the Post Office liked to try and give lessons of how they were in charge.",Day117
646,the Post Office,Post Office,Organisation,Can we just look before the morning break at some reasoning that the Post Office gave subsequently for terminating your contract?,Day117
649,Betty Williams,Betty Williams,Individual,"This is a letter written to an MP, Betty Williams, in relation to a letter that she wrote as a constituency MP to Alan Layton, the then chairman of the Post Office, and it's the 29th of October.",Day117
649,Alan Layton,Alan Layton,Individual,"This is a letter written to an MP, Betty Williams, in relation to a letter that she wrote as a constituency MP to Alan Layton, the then chairman of the Post Office, and it's the 29th of October.",Day117
649,the Post Office,Post Office,Organisation,"This is a letter written to an MP, Betty Williams, in relation to a letter that she wrote as a constituency MP to Alan Layton, the then chairman of the Post Office, and it's the 29th of October.",Day117
650,Dave Barrett,Dave Barrett,Individual,"If we just go to the second page, scroll down, we can see here it's written by Dave Barrett, Head of Commercial Urban Area for Wales, the Marches and Merseyside.",Day117
652,Bates,Alan Bates,Individual,"Briefly, we've given notice to Mr Bates, the present subpostmaster, that we're withdrawing from our contract with him, and then this: this is because we've lost confidence in his willingness to conduct the job in the manner expected.",Day117
656,Horizon Integrity,Horizon Integrity,Organisation,This is a presentation on Horizon Integrity prepared by Dave Smith.,Day117
656,Dave Smith,Dave Smith,Individual,This is a presentation on Horizon Integrity prepared by Dave Smith.,Day117
657,Horizon,Horizon,Technical System,It's undated and it seeks to tell a story about the integrity of Horizon.,Day117
660,Smith,Smith,Individual,"Mr Smith says, of the cases I'm aware, Bates had discrepancies was dismissed because he became unmanageable.",Day117
660,Bates,Alan Bates,Individual,"Mr Smith says, of the cases I'm aware, Bates had discrepancies was dismissed because he became unmanageable.",Day117
663,Smith,Smith,Individual,"And then Mr. Smith says of you that you, quote, clearly struggled with accounting and despite copious support did not follow instructions.",Day117
667,the Post Office,Post Office,Organisation,No. Did you seek to follow the instructions that you had been given by the Post Office?,Day117
682,GLO,GLO,Organisation,You say this is your High Court statement for the GLO common issues trial.,Day117
683,Horizon,Horizon,Technical System,"I've little doubt that the reason for my termination is that I had not only uncovered limitations and potential errors with the Horizon system, but that I continued to question the Post Office on the contractual relationship between subpostmasters and the Post Office.",Day117
683,the Post Office,Post Office,Organisation,"I've little doubt that the reason for my termination is that I had not only uncovered limitations and potential errors with the Horizon system, but that I continued to question the Post Office on the contractual relationship between subpostmasters and the Post Office.",Day117
689,Bates,Alan Bates,Individual,"Mr Bates, thank you.",Day117
696,Bates,Alan Bates,Individual,"If we continue Please, Mr Bates, with August 2003.",Day117
699,the Royal Mail Group PLC,the Royal Mail Group PLC,Organisation,I think one of the first things you did was to write to the chairman of the Royal Mail Group PLC; is that right?,Day117
703,Alan Layton,Alan Layton,Individual,"We'll see that this is dated 7 August 2003, to Mr Alan Layton, Chairman of Royal Mail Group PLC.",Day117
703,Royal Mail Group PLC,Royal Mail Group PLC,Organisation,"We'll see that this is dated 7 August 2003, to Mr Alan Layton, Chairman of Royal Mail Group PLC.",Day117
704,Royal Mail Group PLC,Royal Mail Group PLC,Organisation,"We'll look at the detail in a moment, but can I ask you in general terms what the purpose was in writing to the chairman of Royal Mail Group PLC.",Day117
705,Post Office's,Post Office,Organisation,By this time you'd received Post Office's decision to terminate your contract.,Day117
710,Horizon,Horizon,Technical System,Horizon had only been rolled out for 3 years or so.,Day117
716,Post Office Limited,Post Office Limited,Organisation,That first paragraph: I'm writing to you with regard to a letter I've just received from Post Office Limited giving me formal notification of their decision to terminate my subpostmaster contract.,Day117
717,Post Office Limited,Post Office Limited,Organisation,"As chairman of the group responsible for Post Office Limited, I thought important that you should be aware of what is being undertaken in your name.",Day117
727,Post Office,Post Office,Organisation,"In reality, this matter should never have reached this stage, but the extremely poor handling by Post Office management in the past has led to the situation which could result in us not only losing our business but something else.",Day117
728,the Post Office,Post Office,Organisation,"Unlike the Post Office, I do not have endless funds to fight this injustice through the courts.",Day117
730,Post Office,Post Office,Organisation,"Well, I suppose realistically I have been speaking with lawyers at that time and I was being advised that you probably wouldn't be able to afford to take Post Office on.",Day117
733,Royal Mail Group,Royal Mail Group,Organisation,I do realise it is imperative for as many people as possible to have an opportunity to see in detail the management style applied by Royal Mail Group to the very public face of the local post office.,Day117
734,Stalinistic,Stalinistic,Organisation,It is again trying to use what seems to be so often described in its outdated Stalinistic management approach in order to bludgeon its will onto the poor subpostmaster.,Day117
736,the Post Office,Post Office,Organisation,"Whilst I appreciate that principles can be expensive, I cannot agree to any position which would leave me and every other sub-postmaster liable for claims of millions of pounds from the Post Office without any redress or access to data to check such claims.",Day117
740,www.postofficevictims.org.uk,www.postofficevictims.org.uk,Organisation,"To that end, these documents enclosed and others will shortly be available online once the hoarding at the— for the front of our building advertising our website, www.postofficevictims.org.uk, is ready in a week or so.",Day117
748,Leighton,Leighton,Individual,"Now, I don't think you got a reply from Mr. Leighton, did you?",Day117
753,Alan Layton,Alan Layton,Individual,"Thank you for your letter dated the 7th of August addressed to Alan Layton, which has been forwarded to me for reply.",Day117
755,Rhea McQueen,Rhea McQueen,Organisation,"You can see, you can see that it's from somebody in the operations department, Rhea McQueen, a case liaison manager.",Day117
756,Next,Next,Organisation,"Go back to the first Next page, please.",Day117
760,Quote,Quote,Individual,"Although I regret that the situation has reached the point of termination of your contract, Quote, I am confident that the various teams concerned in the events have worked hard to provide support and assistance to you in a consistent and sympathetic manner.",Day117
762,Post Office's,Post Office,Organisation,"No, but this is Post Office's view, it's not mine.",Day117
766,Horizon,Horizon,Technical System,"And also to provide extra training on the Horizon system, did you get additional training on the Horizon system?",Day117
769,Horizon,Horizon,Technical System,"The Horizon system at the branch has been reviewed and interrogated in response to your complaints, and the reports from the Horizon field support team and the NBSC have confirmed that there's nothing inherently wrong with the Horizon system installed at the branch.",Day117
769,NBSC,NBSC,Organisation,"The Horizon system at the branch has been reviewed and interrogated in response to your complaints, and the reports from the Horizon field support team and the NBSC have confirmed that there's nothing inherently wrong with the Horizon system installed at the branch.",Day117
785,the Post Office Limited's,the Post Office Limited's,Organisation,I feel you should be aware that use of the Post Office Limited's imagery on your website may constitute trademark infringement.,Day117
786,the Post Office,Post Office,Organisation,"You say in your witness statement that despite you having sent the Chairman a full clip of the relevant correspondence with notes about each item within it, to quote your witness statement, predictably the response of the Post Office was to ignore the content and predictably to fail to investigate the real issues.",Day117
787,the Post Office,Post Office,Organisation,Why in your view was it the predictable response of the Post Office?,Day117
789,Post Office,Post Office,Organisation,"I mean, it was constantly— Post Office was in the right and you were always in the wrong, and it was— it just seemed to be their nature.",Day117
790,the Post Office's,Post Office,Organisation,You tell us in your witness statement that this reply was the usual box-ticking exercise written entirely from the Post Office's perspective.,Day117
796,Horizon,Horizon,Technical System,"We asked you a question, what data you believe you needed to access in order to determine the cause of discrepancies in the Horizon-generated branch accounts, and you say, I required access to all data, even in a read-only format, held on the system in relation to all input by me and my staff, which happened at the branch.",Day117
797,Horizon,Horizon,Technical System,"In respect of verifying information regarding those transactions or the accounts that they ultimately formed a part of, I could only check transaction logs that were available on Horizon for limited periods of time or use the limited range of information and reports I had access to and which could be printed from Horizon terminals, comparing them to stock in the branch.",Day117
798,Post Office,Post Office,Organisation,"I had no real way of checking information held in Horizon that came from Post Office itself or from its clients such as Camelot, or indeed the way in which those had been reconciled with transactions in the branch.",Day117
801,Horizon,Horizon,Technical System,"Whilst the position as stated in the letter— that's the letter we've just read— is that they'd reviewed and interrogated and concluded there was nothing inherently wrong with the Horizon system, I'd seen no evidence of the apparent review and interrogation they'd claimed to carry out.",Day117
813,Williams,Williams,Individual,"That's Miss Williams, is that right?",Day117
815,Post Office,Post Office,Organisation,"On the 27th of October 2003, and she in turn raised it with Post Office and with the Minister.",Day117
819,Post Office,Post Office,Organisation,"And then she wrote again to Post Office and your MP, as a result of which Post Office wrote this letter on the 19th of January 2004.",Day117
821,Richard Barker,Richard Barker,Individual,"We can see that it's written by Richard Barker, the then General Manager of the Commercial Network.",Day117
821,the Commercial Network,the Commercial Network,Organisation,"We can see that it's written by Richard Barker, the then General Manager of the Commercial Network.",Day117
823,Betty Williams,Betty Williams,Individual,"He says to Betty Williams MP, I promised to write to you once a comprehensive review had been undertaken of the issues raised by you.",Day117
824,Post Office,Post Office,Organisation,That review has been completed by a senior manager within Post Office with considerable experience in the handling of disputes and subsequent appeals.,Day117
826,Bates,Alan Bates,Individual,No evidence was found which in any way substantiates the various claims being made by Mr Bates.,Day117
827,Barker,Barker,Individual,"And Mr Barker goes as far as saying, that the decision to terminate your contract was not only correct, it was the only sensible option.",Day117
833,Alan Layton,Alan Layton,Individual,"So we've seen you write to your MP, we've seen you write directly to Alan Layton and the reply, we've seen your MP write to Post Office and we've seen this reply trying to ask questions.",Day117
833,Post Office,Post Office,Organisation,"So we've seen you write to your MP, we've seen you write directly to Alan Layton and the reply, we've seen your MP write to Post Office and we've seen this reply trying to ask questions.",Day117
834,the Post Office,Post Office,Organisation,It suggested in some parts of your witness statement that they were being shut down or fobbed off by the Post Office.,Day117
840,Sandy Stephen,Sandy Stephen,Individual,"I just want to look at what the author, Sandy Stephen, says.",Day117
841,Horizon,Horizon,Technical System,"They say, I've reviewed— if we scroll to the top paragraph, please— all the files from the date of Horizon installation until the termination of Bates' contract and read all the subsequent correspondence.",Day117
841,Bates,Alan Bates,Individual,"They say, I've reviewed— if we scroll to the top paragraph, please— all the files from the date of Horizon installation until the termination of Bates' contract and read all the subsequent correspondence.",Day117
843,Bates,Alan Bates,Individual,Bates' assertions against the Horizon system.,Day117
843,Horizon,Horizon,Technical System,Bates' assertions against the Horizon system.,Day117
845,Bates,Alan Bates,Individual,Eventually it was decided to write off the debt and a clear signal was given to Bates that all future losses would be recovered.,Day117
846,Bates,Alan Bates,Individual,Significantly further training and support was given to Bates at that time.,Day117
852,Bates,Alan Bates,Individual,Later it transpires and Bates admitted that he continued to roll over losses.,Day117
856,Horizon,Horizon,Technical System,"Expired, and you admitted that you continue to roll over losses and had done so since the introduction of Horizon.",Day117
858,Mr Wakely,Mr Wakely,Organisation,"That's true, we've seen that from Mr Wakely.",Day117
864,Retail Line,Retail Line,Individual,"From the evidence contained in the files, it's clear that Retail Line conducted themselves correctly and acted in accordance with the rules.",Day117
865,Bates,Alan Bates,Individual,And then this: leaving aside the anecdotal evidence on file which demonstrates Bates' unsuitability as a postmaster.,Day117
869,Mike Wakely,Mike Wakely,Individual,"If— I mean, I have records of that time which were statements from the retail network manager, or my current retail network manager at that time, which was Mike Wakely, to say how well the office was doing and, and well done for all the hard work.",Day117
873,Post Office,Post Office,Organisation,They point out Post Office has an absolute right to terminate a contract with 3 months' notice.,Day117
881,Post Office,Post Office,Organisation,"When I went into Post Office, it was sold to me at the time as you were in partnership with the business, but you very soon learned that this was a very one-sided partnership.",Day117
885,the Post Office,Post Office,Organisation,"This is part of a slew of correspondence that I'm not going to investigate in detail over whether you would continue to provide a service within the Post Office as an interim measure, and the arrangements that were being made for the Post Office to come into the branch and take away what they say belonged to them.",Day117
886,Post Office,Post Office,Organisation,"You say, at no time did Post Office ever ask me if I would continue providing a service as an interim measure.",Day117
889,Horizon,Horizon,Technical System,It seems your organisation will do every— anything and everything to try and keep the failures of Horizon hidden.,Day117
892,the Post Office,Post Office,Organisation,"In relation to the penultimate paragraph there, that the Post Office would do anything and everything to try and keep the failures of Horizon hidden.",Day117
892,Horizon,Horizon,Technical System,"In relation to the penultimate paragraph there, that the Post Office would do anything and everything to try and keep the failures of Horizon hidden.",Day117
893,Horizon,Horizon,Technical System,Why do you think that they were— why did you think that they were trying to keep the failures of Horizon hidden?,Day117
895,Horizon,Horizon,Technical System,"First off, I think their field personnel didn't understand it to any great depth, and they just seem to follow the corporate mantra that Horizon is robust and that's it, and everyone else is wrong.",Day117
903,the Post Office,Post Office,Organisation,You heard of stories of where people were literally taking their computers and the whole systems and leaving them on the pavement outside and telling the Post Office to come and collect it.,Day117
909,Sandy Stephen,Sandy Stephen,Individual,"In the clip of materials that identified or led to the Sandy Stephen comprehensive review that we saw, the 5 paragraphs on the one page, in that clip of material is a note from Mike Wakely, your retail line manager, contributing to that document, and he said that at this time Alan believes his actions are now a matter of principle.",Day117
909,Mike Wakely,Mike Wakely,Individual,"In the clip of materials that identified or led to the Sandy Stephen comprehensive review that we saw, the 5 paragraphs on the one page, in that clip of material is a note from Mike Wakely, your retail line manager, contributing to that document, and he said that at this time Alan believes his actions are now a matter of principle.",Day117
909,Alan,Alan,Individual,"In the clip of materials that identified or led to the Sandy Stephen comprehensive review that we saw, the 5 paragraphs on the one page, in that clip of material is a note from Mike Wakely, your retail line manager, contributing to that document, and he said that at this time Alan believes his actions are now a matter of principle.",Day117
914,www.postofficevictims.org.uk,www.postofficevictims.org.uk,Organisation,"I think one of the first things that you did after termination of your contract was to set up the website, www.postofficevictims.org.uk.",Day117
917,Post Office,Post Office,Organisation,"Unfortunately, the local paper printed my letter in full to explain what had happened with Post Office.",Day117
921,Post Office,Post Office,Organisation,"I suppose it was like a seed, I wouldn't say organisation, it was what I set up initially there to try and attract and draw other cases and also as a warning to others about getting involved with Post Office, this is the type of organisation you are planning to get involved with.",Day117
927,the Post Office,Post Office,Organisation,I wanted to create a body of former and current subpostmasters and branch assistants which could provide a community for all those going through the same experiences with the Post Office.,Day117
928,the Post Office,Post Office,Organisation,"I knew that I was not alone in my dealings with the Post Office, and the JFSA was set up in order to ensure that other people in the same situation as myself knew that they too were not on their own.",Day117
929,Post Office,Post Office,Organisation,"As mentioned above, there was a complete lack of support from Post Office, and I believe those in similar circumstances required support.",Day117
936,Post Office,Post Office,Organisation,"I mean, they were just another department of Post Office, as I believe it still is these days as well.",Day117
937,the Post Office,Post Office,Organisation,But why do you think they're just another department of the Post Office?,Day117
938,Post Office,Post Office,Organisation,"Well, at one time, I believe they had an office in in Post Office headquarters, but ignoring that, it depends which bit we're going.",Day117
939,Federation,Federation,Organisation,"If you go right back to the early days, the 2002s, 2003s, and when I was going to these Federation meetings, I know I attended one meeting where a subpostmaster at the back of the meeting group, he started saying, I've just had my post office taken off me.",Day117
940,Horizon,Horizon,Technical System,"I'd had problems with Horizon, all the rest.",Day117
941,Federation,Federation,Organisation,And the Federation exec— the Federation exec people who were there escorted him out the back of the place.,Day117
943,Federation,Federation,Organisation,"I know perfectly well when my contract was terminated, I went to a Federation meeting to try— well, a local branch one.",Day117
944,the National Executive Federation,the National Executive Federation,Organisation,"I went to a Federation meeting where I tried to speak on behalf of that, and there was one of the National Executive Federation members at that meeting, and he stopped— tried to stop me speaking.",Day117
945,Noel Thomas,Noel Thomas,Individual,"He refused to say this, that I should be allowed to talk about such things at the meeting, and if it hadn't been for the local chairman, who was Noel Thomas at that time, If it hadn't been for him talking and moving this chap out the way, I'd never have been able to get over what had happened to me and explain to the others.",Day117
946,Federation,Federation,Organisation,So there was an awful lot of pressure from the Federation to support Post Office.,Day117
946,Post Office,Post Office,Organisation,So there was an awful lot of pressure from the Federation to support Post Office.,Day117
947,Post Office's,Post Office,Organisation,"In fact, there is— I don't know if you're going to show it— there is correspondence from the Federation where they actually support Post Office's position in terminating my contract.",Day117
952,POL0021,POL0021,Organisation,"I think, if I can cover drive it back, it's POL0021",Day117
955,Colin Baker,Colin Baker,Individual,"A letter to you from Colin Baker, the General Secretary of the NFSP.",Day117
958,Betty Williams,Betty Williams,Individual,"You had written a couple of letters to him, I'm not going to show now, of December 2003 and January 2004, and he notes that Betty Williams has written to Alan Layton, we've seen that.",Day117
958,Alan Layton,Alan Layton,Individual,"You had written a couple of letters to him, I'm not going to show now, of December 2003 and January 2004, and he notes that Betty Williams has written to Alan Layton, we've seen that.",Day117
959,the Royal Mail Group,the Royal Mail Group,Organisation,"He says, I can go no higher within the Royal Mail Group than Alan Layton.",Day117
959,Alan Layton,Alan Layton,Individual,"He says, I can go no higher within the Royal Mail Group than Alan Layton.",Day117
960,Parliament,Parliament,Organisation,"I'm sure that your Member of Parliament will have had as much, if not more, success than I would.",Day117
963,Post Office,Post Office,Organisation,We're not in a position to provide information regarding other subpostmasters' dealings with Post Office.,Day117
964,Horizon,Horizon,Technical System,"We're aware there are some disputes around the time that offices migrated from the manual system to the Horizon system, but we are now of the view that Horizon works well and there are no real problems with post offices which are operating the— or operated by the Horizon system.",Day117
966,Horizon,Horizon,Technical System,"Horizon works well, there are no problems with post— in post offices with it?",Day117
968,Federation,Federation,Organisation,"I mean, the Federation always seemed to try and manage any of the problems around Horizon.",Day117
970,Horizon,Horizon,Technical System,"And there were a whole host people raising queries, delegates raising queries about Horizon during conference, and it got to such a state that they couldn't move on with conference, and conference decided to set up a separate committee to look into Horizon issues and for members to report them to them, and they would then discuss them with Post Office.",Day117
970,Post Office,Post Office,Organisation,"And there were a whole host people raising queries, delegates raising queries about Horizon during conference, and it got to such a state that they couldn't move on with conference, and conference decided to set up a separate committee to look into Horizon issues and for members to report them to them, and they would then discuss them with Post Office.",Day117
977,the Post Office,Post Office,Organisation,I think you tell us that you've been informed that the Post Office would often only allow a representative of the NFSP or a friend to sit in on interviews where suspension or termination was contemplated.,Day117
979,the Post Office,Post Office,Organisation,"And you tell us in your statement that the NFSP nearly always agreed with the Post Office and said sometimes to the post postmaster, come on, own up, tell them what you did with the money?",Day117
983,Horizon,Horizon,Technical System,"To your knowledge, has the NFSP ever once helped a subpostmaster in any court case in which the operation of the Horizon system or the integrity of the data which it produces has been questioned?",Day117
985,NFSP,NFSP,Organisation,To what extent did the NFSP assist in the group litigation?,Day117
987,NFSP,NFSP,Organisation,To what extent has the NFSP assisted others following the group litigation in obtaining redress?,Day117
992,Post Office,Post Office,Organisation,"You'd set up the JFSA and you tell us that from the late 2000s onwards, say from about 2009 onwards, you have spent an estimated 30 to 40 hours a week campaigning in relation to Post Office and Horizon.",Day117
992,Horizon,Horizon,Technical System,"You'd set up the JFSA and you tell us that from the late 2000s onwards, say from about 2009 onwards, you have spent an estimated 30 to 40 hours a week campaigning in relation to Post Office and Horizon.",Day117
997,the Post Office,Post Office,Organisation,"And paragraph 87 at the top, you say the challenges were faced at every step of the way since the Post Office would obstruct me.",Day117
999,the Post Office,Post Office,Organisation,You say there that challenges were faced at every step of the way since the Post Office would obstruct me.,Day117
1006,Post Office,Post Office,Organisation,"Cases used to take months and months to progress, I'm thinking of the initial mediation scheme for example, and you just felt, though they were there, were still banging your head against a brick wall to try and get anything out of them, because they were determined to protect the brand at any cost, and they didn't want anything coming out or being disclosed that might cause damage to Post Office.",Day117
1030,Ed Davey,Ed Davey,Individual,Can we turn please to correspondence with Ed Davey MP in May 2010?,Day117
1034,Computer Weekly,Computer Weekly,Organisation,"Yes, the Computer Weekly article had been written by Rebecca Thompson on the 11th of May 2009, and I think you were indeed interviewed by her as part of, um, her work.",Day117
1034,Rebecca Thompson,Rebecca Thompson,Individual,"Yes, the Computer Weekly article had been written by Rebecca Thompson on the 11th of May 2009, and I think you were indeed interviewed by her as part of, um, her work.",Day117
1038,Ed Davey,Ed Davey,Individual,Can we look then at the letter that you wrote to Ed Davey MP on the 20th of May UKGI 3016119.,Day117
1039,Postal Affairs,Postal Affairs,Organisation,"So, as we can see from the way you've addressed the letter, at the top, Minister for Postal Affairs within the Department.",Day117
1040,Business Innovation,Business Innovation,Organisation,"Of Business Innovation and Skills, sometimes called BIS.",Day117
1040,Skills,Skills,Organisation,"Of Business Innovation and Skills, sometimes called BIS.",Day117
1040,BIS,BIS,Organisation,"Of Business Innovation and Skills, sometimes called BIS.",Day117
1041,Postal Affairs,Postal Affairs,Organisation,"So I think to put his position in context there, he was the then Minister for Postal Affairs, the new government having been formed 14 days earlier on the 6th of May 2010.",Day117
1045,the Post Office,Post Office,Organisation,We're an independent group of ex and serving subpostmasters who've suffered at the hands of the Post Office and their Horizon system ever since it was first installed.,Day117
1045,Horizon,Horizon,Technical System,We're an independent group of ex and serving subpostmasters who've suffered at the hands of the Post Office and their Horizon system ever since it was first installed.,Day117
1049,Post Office,Post Office,Organisation,"In every instance, the Post Office acts as judge, jury, and executioner, and the individual is deserted by their reputed, reputed representative organization, the National Federation of Subpostmasters.",Day117
1049,the National Federation of Subpostmasters,the National Federation of Subpostmasters,Organisation,"In every instance, the Post Office acts as judge, jury, and executioner, and the individual is deserted by their reputed, reputed representative organization, the National Federation of Subpostmasters.",Day117
1050,Horizon,Horizon,Technical System,"Invariably, these cases all stem from the flows— sorry, the flaws of the Horizon system that the Post Office introduced, and which they refuse to admit has ever suffered from a single problem.",Day117
1050,the Post Office,Post Office,Organisation,"Invariably, these cases all stem from the flows— sorry, the flaws of the Horizon system that the Post Office introduced, and which they refuse to admit has ever suffered from a single problem.",Day117
1054,Horizon,Horizon,Technical System,"I'm sure you'll appreciate that there is not a single computer system that does not, from time to time, suffer from errors, especially when the size and level of complexity of the programmes associated with the Horizon system.",Day117
1055,The Post Office,Post Office,Organisation,"The Post Office blindly state that there are not, nor have there ever been, any system errors.",Day117
1060,the Post Office,Post Office,Organisation,It's only the flat refusal of the Post Office to allow experts to examine the system which is holding back this major scandal from breaking.,Day117
1061,the Post Office,Post Office,Organisation,"With the continuing— sorry, the growing numbers in JFSA and the support we're now finding from the IT community and the media, it's just a matter of time until the real truth about the Post Office and Horizon is exposed.",Day117
1061,Horizon,Horizon,Technical System,"With the continuing— sorry, the growing numbers in JFSA and the support we're now finding from the IT community and the media, it's just a matter of time until the real truth about the Post Office and Horizon is exposed.",Day117
1063,the Select Committee,the Select Committee,Organisation,"Over the years, I've personally submitted written details of all of this to the Select Committee of the DTI and then on 2 other occasions to that of BUR, and put simply, the information has either been buried or disappeared.",Day117
1063,DTI,DTI,Organisation,"Over the years, I've personally submitted written details of all of this to the Select Committee of the DTI and then on 2 other occasions to that of BUR, and put simply, the information has either been buried or disappeared.",Day117
1063,BUR,BUR,Organisation,"Over the years, I've personally submitted written details of all of this to the Select Committee of the DTI and then on 2 other occasions to that of BUR, and put simply, the information has either been buried or disappeared.",Day117
1064,the Post Office,Post Office,Organisation,Others of JFSA have followed the route of contacting their MPs who've taken the matter up with the Post Office on their behalf.,Day117
1065,the Post Office,Post Office,Organisation,"Subsequently, they're stonewalled or handled by the Post Office, often with off-the-shelf answers where they only changed the name and address.",Day117
1070,Davey,Davey,Individual,"So your letter to Mr. Davey MP provides some detail, either in the body of the letter or through cross-referencing to your website, as to the issues that subpostmasters were facing, and informs Mr. Davey that the Post Office's conduct amounted to a scandal.",Day117
1070,the Post Office's,Post Office,Organisation,"So your letter to Mr. Davey MP provides some detail, either in the body of the letter or through cross-referencing to your website, as to the issues that subpostmasters were facing, and informs Mr. Davey that the Post Office's conduct amounted to a scandal.",Day117
1074,Alan Bates,Alan Bates,Individual,"Dear Alan Bates, thank you for your letter of the 20th of May requesting a meeting.",Day117
1075,the Royal Mail,the Royal Mail,Organisation,"Since 2001, when the Royal Mail, which includes Post Office Limited, was set up as a public limited company with the government as its only shareholder, government has adopted an arm's-length relationship with the company.",Day117
1075,Post Office Limited,Post Office Limited,Organisation,"Since 2001, when the Royal Mail, which includes Post Office Limited, was set up as a public limited company with the government as its only shareholder, government has adopted an arm's-length relationship with the company.",Day117
1077,Post Office,Post Office,Organisation,"The integrity of the Post Office system is an operational and contractual matter for the Post Office and not government, and whilst I do appreciate your concerns and those of Alliance members, I do not believe that a meeting would serve any useful purpose.",Day117
1077,Alliance,Alliance,Organisation,"The integrity of the Post Office system is an operational and contractual matter for the Post Office and not government, and whilst I do appreciate your concerns and those of Alliance members, I do not believe that a meeting would serve any useful purpose.",Day117
1078,the Post Office,Post Office,Organisation,You tell us in your witness statement that you took offence at the term arm's length to describe the role that the government played in relation to overseeing and monitoring the Post Office.,Day117
1082,Post Office,Post Office,Organisation,"In fact, government were pumping huge amounts of money into Post Office year after year.",Day117
1085,ITV,ITV,Organisation,"Not nowadays, they're a bit more interested these days, but I mean at that time to try and get government to take it on board seriously— Before a 4-part drama on ITV?",Day117
1086,Shoesmiths,Shoesmiths,Organisation,"Well, no, in fairness, yes, the drama is great, it did a lot for us, but I mean we've had enormous cross-party support from many MPs over the years, some of whom I think you'll see shortly, but I mean, the time this letter was written was in 2010, and I think at that time we were involved with a firm called Shoesmiths, a law firm called Shoesmiths, and there had been a number of meetings bringing people together, and in fact Shoesmiths had been working with the MPs, so we were growing a body, we were growing an interest, And a number of the other MPs were finding their own constituents who'd had problems, subpostmaster problems.",Day117
1089,Ed Davey,Ed Davey,Individual,"I mean, you show me this letter from Ed Davey and I don't know what your script is, but I'm more concerned about another letter that came in response from a letter I wrote to Ed Davey, and I'm not sure whether you're going to go to that.",Day117
1091,Davey,Davey,Individual,"You tell us in your witness statement— I'm not going to turn it up, it's paragraph 104— that this response from Mr. Davey was disappointing because he had not taken account of anything which you had said in your letter and indeed appeared to be a standard template form of response, is that correct?",Day117
1100,the Post Office,Post Office,Organisation,You can listen to your civil servants telling you that these are really an operational matter for the Post Office to deal with.,Day117
1101,Post Office,Post Office,Organisation,"You can even listen to the Post Office telling you Horizon is wonderful, that there's never ever been a problem, it is inherently robust, and these are just a few malcontents trying to cause trouble.",Day117
1101,Horizon,Horizon,Technical System,"You can even listen to the Post Office telling you Horizon is wonderful, that there's never ever been a problem, it is inherently robust, and these are just a few malcontents trying to cause trouble.",Day117
1102,Horizon,Horizon,Technical System,"Or you can meet and hear us— sorry, you can meet with us and hear the real truth behind Horizon and what the Post Office is actually up to.",Day117
1102,the Post Office,Post Office,Organisation,"Or you can meet and hear us— sorry, you can meet with us and hear the real truth behind Horizon and what the Post Office is actually up to.",Day117
1103,the Post Office,Post Office,Organisation,Your civil servants in the Post Office will not tell you about Post Office staff harassing sick ex-subpostmasters demanding written promises of money or they'll send the police around.,Day117
1104,Post Office,Post Office,Organisation,"They won't tell you that the Post Office watches post offices heading into trouble, fails to provide any help, and then waits until the problem shows a loss of £20,000 plus so that the subpostmaster then falls foul of the Proceeds of Crime Act.",Day117
1104,the Proceeds of Crime Act,the Proceeds of Crime Act,Organisation,"They won't tell you that the Post Office watches post offices heading into trouble, fails to provide any help, and then waits until the problem shows a loss of £20,000 plus so that the subpostmaster then falls foul of the Proceeds of Crime Act.",Day117
1105,Post Office,Post Office,Organisation,"They won't tell you that when someone wants to sell their post office and has a suitable buyer, Post Office will turn down the applicant to drive that business into the ground.",Day117
1107,the Post Office,Post Office,Organisation,"Neither will they tell you of the cases where the Post Office have run an audit, closed the post office, bankrupting the owner who loses his business, house, and family, holds a pending court case over him for 18 months, then drops the charges and walks away.",Day117
1108,Post Office,Post Office,Organisation,Nor will they tell you tell all about how they are stopping subpostmasters selling on the Post Office side of their business in order to recover the original investment.,Day117
1109,the Post Office,Post Office,Organisation,"They won't even tell you the Post Office— sorry, that the Horizon system is designed to entrap subpostmasters so that they can easily finish up in prison just by trying to open up the day after a trading period balance.",Day117
1109,Horizon,Horizon,Technical System,"They won't even tell you the Post Office— sorry, that the Horizon system is designed to entrap subpostmasters so that they can easily finish up in prison just by trying to open up the day after a trading period balance.",Day117
1112,Horizon,Horizon,Technical System,Yet their shoddy Horizon system is the root cause of all of this.,Day117
1113,Post Office,Post Office,Organisation,"Post Office themselves lose thousands of pounds from each of the Crown offices that they run using Horizon, though their staff are not treated as guilty until proven innocent, but a subpostmaster is.",Day117
1113,Crown,Crown,Organisation,"Post Office themselves lose thousands of pounds from each of the Crown offices that they run using Horizon, though their staff are not treated as guilty until proven innocent, but a subpostmaster is.",Day117
1113,Horizon,Horizon,Technical System,"Post Office themselves lose thousands of pounds from each of the Crown offices that they run using Horizon, though their staff are not treated as guilty until proven innocent, but a subpostmaster is.",Day117
1115,Davey,Davey,Individual,"It seems that following your letter, Mr. Davey agreed to a meeting.",Day117
1117,Davey,Davey,Individual,"Um, at paragraph 105 of your witness statement— there's no need to turn it up— you confirm that you attended a meeting with Mr. Davey on or about the 7th of October, and you tell us that you don't in fact have a note of the meeting and can't recall details of the meeting.",Day117
1121,Horizon,Horizon,Technical System,"It's dated, as you'll see, the 5th of October 2010, and the purpose of the document is a rescheduled meeting with you on the 7th of October to discuss the JFSA's claims that endemic flaws in the Horizon system have resulted in a number of subpostmasters having their contracts wrongly terminated and in many cases prosecuted for false accounting.",Day117
1123,Channel 4,Channel 4,Organisation,"It sets out the background to the meeting, recalling the history of your 2 letters, describing the second as being more confrontational, and then it says that— this is the 4th line of that paragraph— that letter was followed by that Channel 4 were planning to run a news item on the JFSA campaign.",Day117
1123,JFSA,JFSA,Organisation,"It sets out the background to the meeting, recalling the history of your 2 letters, describing the second as being more confrontational, and then it says that— this is the 4th line of that paragraph— that letter was followed by that Channel 4 were planning to run a news item on the JFSA campaign.",Day117
1124,Post Office,Post Office,Organisation,"We then recommended offering a meeting in response to this second request— that's the letter we've just read— quote, for presentational reasons against the background of potential publicity playing heavily on government minister, quote, refusing to meet victims of government-owned Post Office Horizon system, which has systemic faults resulting in wrongful accusations of theft and false accounting, end quote.",Day117
1125,Davey,Davey,Individual,"So this records that the recommendation to Mr. Davey was that he should offer to attend a meeting for presentational reasons against the background of potential publicity, i.e., the Channel 4 news item.",Day117
1125,Channel 4,Channel 4,Organisation,"So this records that the recommendation to Mr. Davey was that he should offer to attend a meeting for presentational reasons against the background of potential publicity, i.e., the Channel 4 news item.",Day117
1126,Davey,Davey,Individual,"When you attended the meeting, can you recall whether Mr Davey appeared to engage with the substance of the issues that you were raising?",Day117
1131,Davis,Davis,Individual,"If we scroll on, on the briefing note for Mr Davis— sorry, Mr Davey— it sets out the objectives.",Day117
1132,Post Office,Post Office,Organisation,"He's to seek to establish at a very early stage whether legal action against Post Office is imminent or planned, and it will be prudent to adopt a sub judice approach in the comments you make.",Day117
1135,the Post Office,Post Office,Organisation,Establish whether the JFSA is committed or planning to initiate action against the Post Office.,Day117
1136,JFA,JFA,Organisation,Note that it will be for the relevant legal process to decide on the JFA case.,Day117
1137,Horizon,Horizon,Technical System,"Demonstrate you're prepared to hear the JFSA's side of the story, but make it clear you're not in a position to offer substantive comment, and avoid committing to setting up an independent or external review of Horizon.",Day117
1140,Mr Davey,Mr Davey,Organisation,"To your mind, was Mr Davey aware at the conclusion of your meeting that a scandal, in your view, had taken place and was in the process of still taking place?",Day117
1142,the Post Office,Post Office,Organisation,"Did Mr Davey alter the position that he had set out in the letter, that the government enjoyed an arm's length relationship with the Post Office in the light of the concerns that you had raised?",Day117
1149,Davey,Davey,Individual,Did you walk away from the meeting with Mr. Davey having said that he was going to do anything at all?,Day117
1154,Horizon,Horizon,Technical System,"Looking at the way that the Horizon scandal developed, what view do you take of the arm's-length approach that the government took in relation to its oversight of the Post Office?",Day117
1154,the Post Office,Post Office,Organisation,"Looking at the way that the Horizon scandal developed, what view do you take of the arm's-length approach that the government took in relation to its oversight of the Post Office?",Day117
1155,Ed Davey's,Ed Davey's,Individual,"I think it should have been involved or got involved far earlier on, and in fact I don't want to preempt where you're going, but there was, I think, one of the responses I think I got from Ed Davey's office at a later time, which— oh no, it might have been a different minister, sorry, I may be jumping the gun.",Day117
1157,Shoesmiths,Shoesmiths,Organisation,"But the— and to inform them that 4 letters of intent had been issued by the lawyers, Shoesmiths, at that time.",Day117
1160,Pat McFadden,Pat McFadden,Individual,"Throughout your statement you refer to the responses of government ministers across the years, Pat McFadden, Ed Davey, Norman Lamb, Jo Swinson and others, on being repeatedly informed about the concerns of subpostmasters and Crown Office employees, the formation of the JFSA and indeed the GLO, in which they say that the Post Office is an arm's-length body, that the matters raised were matters for the Post Office to deal with and that the Post Office was independent of government?",Day117
1160,Ed Davey,Ed Davey,Individual,"Throughout your statement you refer to the responses of government ministers across the years, Pat McFadden, Ed Davey, Norman Lamb, Jo Swinson and others, on being repeatedly informed about the concerns of subpostmasters and Crown Office employees, the formation of the JFSA and indeed the GLO, in which they say that the Post Office is an arm's-length body, that the matters raised were matters for the Post Office to deal with and that the Post Office was independent of government?",Day117
1160,Norman Lamb,Norman Lamb,Individual,"Throughout your statement you refer to the responses of government ministers across the years, Pat McFadden, Ed Davey, Norman Lamb, Jo Swinson and others, on being repeatedly informed about the concerns of subpostmasters and Crown Office employees, the formation of the JFSA and indeed the GLO, in which they say that the Post Office is an arm's-length body, that the matters raised were matters for the Post Office to deal with and that the Post Office was independent of government?",Day117
1160,Jo Swinson,Jo Swinson,Individual,"Throughout your statement you refer to the responses of government ministers across the years, Pat McFadden, Ed Davey, Norman Lamb, Jo Swinson and others, on being repeatedly informed about the concerns of subpostmasters and Crown Office employees, the formation of the JFSA and indeed the GLO, in which they say that the Post Office is an arm's-length body, that the matters raised were matters for the Post Office to deal with and that the Post Office was independent of government?",Day117
1160,Crown Office,Crown Office,Organisation,"Throughout your statement you refer to the responses of government ministers across the years, Pat McFadden, Ed Davey, Norman Lamb, Jo Swinson and others, on being repeatedly informed about the concerns of subpostmasters and Crown Office employees, the formation of the JFSA and indeed the GLO, in which they say that the Post Office is an arm's-length body, that the matters raised were matters for the Post Office to deal with and that the Post Office was independent of government?",Day117
1160,GLO,GLO,Organisation,"Throughout your statement you refer to the responses of government ministers across the years, Pat McFadden, Ed Davey, Norman Lamb, Jo Swinson and others, on being repeatedly informed about the concerns of subpostmasters and Crown Office employees, the formation of the JFSA and indeed the GLO, in which they say that the Post Office is an arm's-length body, that the matters raised were matters for the Post Office to deal with and that the Post Office was independent of government?",Day117
1160,the Post Office,Post Office,Organisation,"Throughout your statement you refer to the responses of government ministers across the years, Pat McFadden, Ed Davey, Norman Lamb, Jo Swinson and others, on being repeatedly informed about the concerns of subpostmasters and Crown Office employees, the formation of the JFSA and indeed the GLO, in which they say that the Post Office is an arm's-length body, that the matters raised were matters for the Post Office to deal with and that the Post Office was independent of government?",Day117
1162,Post Office,Post Office,Organisation,"and I hold the civil service more to blame in a lot of these instances, why things never progressed at the time, because I'm sure between them and Post Office briefing ministers, they were briefing them in the direction they wanted to brief them in, not that was for the benefit benefit of the group or the individuals in there, because of the positions that they felt they were in and that should be taken at that time.",Day117
1166,the Post Office,Post Office,Organisation,"You tell us, finally before lunch, in paragraph 298 of your witness statement, that around this point, the point being after the settlement of the group litigation, the government abandoned the line that this was all a matter for the Post Office and moved on to the new line that it had been misled by the Post Office.",Day117
1169,Bates,Alan Bates,Individual,"Thank you very much, Mr Bates.",Day117
263,Post Office,Post Office,Organisation,"Talking of which, you ran a post office in North Wales.",Day117
265,Post Office,Post Office,Organisation,What was the name of the post office and in which town was it?,Day117
266,Post Office,Post Office,Organisation,It's Craigadon Post Office in Llandudno.,Day117
268,Post Office,Post Office,Organisation,Craigadon Post Office in Llandudno.,Day117
269,Post Office,Post Office,Organisation,"And what kind of post office— I see, okay.",Day117
270,Post Office,Post Office,Organisation,What kind of post office was it?,Day117
275,Post Office,Post Office,Organisation,"But more importantly, we actually saw it as a big potential to grow the post office business, and we brought it right to the front of the building and with a large queuing area for people.",Day117
277,Post Office,Post Office,Organisation,"And, um, so we invested quite heavily in developing the post office, and that was at the time Horizon came in.",Day117
282,Post Office,Post Office,Organisation,"Um, about your decision to become a subpostmaster, your decision to pick this post office, your hopes and aspirations, and the process by which you applied and by which your application was approved.",Day117
302,Post Office,Post Office,Organisation,"And the planned visits that you made, and indeed some unannounced visits that you made, to the post office in question as part of your due diligence.",Day117
343,Post Office,Post Office,Organisation,"However, I did not expect there to be any apparent discrepancies shown on the system that I was unable to identify the cause of and resolve, either by myself or with support or information from Post Office Limited.",Day117
434,Post Office,Post Office,Organisation,"Having spoken to the local branch secretary of the Federation of Subpostmasters on these problems, and realizing the problems I'm experiencing are being found by others around the country, I do not— I really do not believe it would be unreasonable for Post Office Network to hold me liable for losses on the cash account until such time as 100% guarantee can be given about the accuracy of Horizon.",Day117
468,Post Office,Post Office,Organisation,"When I signed my contract with Post Office Counters, I did not sign to accept the liabilities arising from the shortcomings of a less than adequate Horizon system.",Day117
469,Post Office,Post Office,Organisation,All liabilities from such a system are clearly the responsibility of Post Office Limited or ICL Pathway.,Day117
716,Post Office,Post Office,Organisation,That first paragraph: I'm writing to you with regard to a letter I've just received from Post Office Limited giving me formal notification of their decision to terminate my subpostmaster contract.,Day117
717,Post Office,Post Office,Organisation,"As chairman of the group responsible for Post Office Limited, I thought important that you should be aware of what is being undertaken in your name.",Day117
733,Post Office,Post Office,Organisation,I do realise it is imperative for as many people as possible to have an opportunity to see in detail the management style applied by Royal Mail Group to the very public face of the local post office.,Day117
735,Post Office,Post Office,Organisation,With an issue that could bankrupt every sub-post office in the country.,Day117
785,Post Office,Post Office,Organisation,I feel you should be aware that use of the Post Office Limited's imagery on your website may constitute trademark infringement.,Day117
807,Post Office,Post Office,Organisation,"So far as you know, was the data that you are speaking about in these paragraphs that you needed access to in order to understand the cause of an apparent shortfall or an over common to all cases in sub-post offices that you later came across, i.e., that no one could actually in the post office branch get access to the data they needed to see what had happened?",Day117
939,Post Office,Post Office,Organisation,"If you go right back to the early days, the 2002s, 2003s, and when I was going to these Federation meetings, I know I attended one meeting where a subpostmaster at the back of the meeting group, he started saying, I've just had my post office taken off me.",Day117
1075,Post Office,Post Office,Organisation,"Since 2001, when the Royal Mail, which includes Post Office Limited, was set up as a public limited company with the government as its only shareholder, government has adopted an arm's-length relationship with the company.",Day117
50,Horizon,Horizon,Technical System,"The relevant issues including reviews of Horizon carried out by Ernst Young, Deloitte, KPMG, and Linklaters.",Day117
233,the system,the system,Technical System,But I found it a bit frustrating once the system was installed and we were operating.,Day117
234,the system,the system,Technical System,"I found there were many shortcomings in the system, and knowing what these systems could do, it just seemed a bit of a lost opportunity.",Day117
277,Horizon,Horizon,Technical System,"And, um, so we invested quite heavily in developing the post office, and that was at the time Horizon came in.",Day117
343,the system,the system,Technical System,"However, I did not expect there to be any apparent discrepancies shown on the system that I was unable to identify the cause of and resolve, either by myself or with support or information from Post Office Limited.",Day117
346,the system,the system,Technical System,"Just going back to what you say on the previous page, you say in the 3rd line, I didn't expect there to be any apparent discrepancies shown on the system that you were unable to identify the cause of and resolve.",Day117
349,the system,the system,Technical System,"There are a variety of ways of interrogating systems and the data on the systems, and I presumed that the system would enable you to do that at the outset.",Day117
350,Horizon,Horizon,Technical System,"But I mean, in previous roles, before Post Office, I'd used something like Crystal Reports on software packages to extract information using certain parameters in there, but there was very little flexibility in Horizon, as I saw it at that time, for reports that you could control the parameters of your searches for.",Day117
351,the system,the system,Technical System,"There were a set of reports, do not get me wrong, there were a set that were already built into the system, but they were quite restrictive in there and it did seem to cause problems.",Day117
357,Horizon,Horizon,Technical System,And this is what the Post Office said: it would not be right to infer or presume that a shortfall and loss was caused instead by a bug or error in Horizon.,Day117
371,the system,the system,Technical System,"Yes, and it was only a number of weeks after the system had gone live.",Day117
374,the system,the system,Technical System,"We're now talking about the 13th of December, so 2 months or so after the system had been installed, this variance arose?",Day117
393,the system,the system,Technical System,"No, and the other impression I got is they couldn't access the system any further than I could at that time.",Day117
403,Horizon,Horizon,Technical System,"However, I was unable to track these potentially smaller sums in the absence of proper reporting functions on horizon.",Day117
425,PEAK,PEAK,Technical System,"The whole of that afternoon was spent making a number of phone calls to the different helplines, one of almost 1 hour long, and kept 2 of the 3 terminals producing nothing but reports at a peak trading time when we had queues out of the door.",Day117
435,Horizon,Horizon,Technical System,"I've been hoping to leave any comments in writing about Horizon until the office is quieter in January, and then write a detailed submission about the costs we've incurred with it— around £1,000— the problems with the counter, staff working with money and stamp books on chairs or on the shelf behind them, the very poor layout of the screen and menus, the slowness of the printers, the lack of report-writing facilities.",Day117
438,the system,the system,Technical System,Please do not think that I'm being nothing but negative about the system.,Day117
474,Horizon,Horizon,Technical System,"No reason was given But I've since seen a copy of a, quote, write-off authority voucher disclosed by the Post Office, which gives the reason for the write-off as, quote, disputed Horizon Cash account shortage.",Day117
516,Horizon,Horizon,Technical System,"In any event, there existed a form in which a loss could be authorised to be written off on the grounds that the subpostmaster said the loss was attributable to horizon?",Day117
556,the system,the system,Technical System,"But no, I never actually reset or zeroed the system, but I just kept rolling through the shortages and losses.",Day117
577,the system,the system,Technical System,"As I've written previously, the totally inadequate report system has been made so complex it lacks the ability to interrogate the system when you know the information is inside.",Day117
656,Horizon,Horizon,Technical System,This is a presentation on Horizon Integrity prepared by Dave Smith.,Day117
737,the system,the system,Technical System,"Is that a reference to the auditability or visibility, the reporting function available to subpostmasters on the system?",Day117
765,the system,the system,Technical System,"I had 2 people visit to try and assist with balancing, but they could access the system no further than I could, so there was absolutely no help at all.",Day117
770,the system,the system,Technical System,"But was the system installed at your branch, to your knowledge, reviewed and interrogated?",Day117
796,the system,the system,Technical System,"We asked you a question, what data you believe you needed to access in order to determine the cause of discrepancies in the Horizon-generated branch accounts, and you say, I required access to all data, even in a read-only format, held on the system in relation to all input by me and my staff, which happened at the branch.",Day117
798,Horizon,Horizon,Technical System,"I had no real way of checking information held in Horizon that came from Post Office itself or from its clients such as Camelot, or indeed the way in which those had been reconciled with transactions in the branch.",Day117
968,Horizon,Horizon,Technical System,"I mean, the Federation always seemed to try and manage any of the problems around Horizon.",Day117
1060,the system,the system,Technical System,It's only the flat refusal of the Post Office to allow experts to examine the system which is holding back this major scandal from breaking.,Day117
1124,Horizon,Horizon,Technical System,"We then recommended offering a meeting in response to this second request— that's the letter we've just read— quote, for presentational reasons against the background of potential publicity playing heavily on government minister, quote, refusing to meet victims of government-owned Post Office Horizon system, which has systemic faults resulting in wrongful accusations of theft and false accounting, end quote.",Day117
356,error,error,Event/Issue,"You say that you've been referred to a part of the Post Office's defence and to its defence and counterclaim, and you say that you understand from this that the Post Office's case for the purposes of the common issues trial is, quote, that losses do not arise in the ordinary course of things without fault or error on the part of subpostmasters and their assistants.",Day117
357,bug,bug,Event/Issue,And this is what the Post Office said: it would not be right to infer or presume that a shortfall and loss was caused instead by a bug or error in Horizon.,Day117
357,error,error,Event/Issue,And this is what the Post Office said: it would not be right to infer or presume that a shortfall and loss was caused instead by a bug or error in Horizon.,Day117
357,shortfall,shortfall,Event/Issue,And this is what the Post Office said: it would not be right to infer or presume that a shortfall and loss was caused instead by a bug or error in Horizon.,Day117
358,shortfall,shortfall,Event/Issue,"And, quote, that the truth of whether a shortfall did or did not result from losses for which the subpostmaster was responsible, quote, lies peculiarly within the knowledge of subpostmasters as the person with the responsibility for branch operation and the conduct of transactions in branches.",Day117
361,shortfalls,shortfall,Event/Issue,"You say, I didn't expect there to be any apparent shortfalls.",Day117
366,shortfall,shortfall,Event/Issue,"You were therefore dependent, you say, upon the Post Office for this sort of information and therefore in order to ascertain determine the cause of any apparent shortfall and whether it was in fact a real loss.",Day117
401,shortfall,shortfall,Event/Issue,"You say, using the limited reports you were able to print, you ascertained that around £5,000 of the alleged shortfall related to gyro items that had become wrongly duplicated on Horizon These reports were in the form of lengthy multi-line narrow till receipts and were many metres long, making them difficult to review in any event.",Day117
402,errors,error,Event/Issue,"At the time, I believed that a majority of the remaining alleged shortfall, being £1,182.81, was also attributable to gyro errors.",Day117
402,shortfall,shortfall,Event/Issue,"At the time, I believed that a majority of the remaining alleged shortfall, being £1,182.81, was also attributable to gyro errors.",Day117
404,shortfall,shortfall,Event/Issue,"Therefore, far from being within my knowledge, I was unable to ascertain the root cause of the apparent shortfall at all.",Day117
407,suspense account,suspense account,Event/Issue,"In the absence of a proper response from the Post Office, I carried out— I carried over the apparent shortfall from that week's cash account to the following week's cash account by transferring it to a suspense account which was visible to the Post Office.",Day117
407,shortfall,shortfall,Event/Issue,"In the absence of a proper response from the Post Office, I carried out— I carried over the apparent shortfall from that week's cash account to the following week's cash account by transferring it to a suspense account which was visible to the Post Office.",Day117
431,error,error,Event/Issue,"It may well be a gyro system error, as might be the previous week's 40915 shortage, or it may be something else.",Day117
462,shortfall,shortfall,Event/Issue,So now over a year has passed and you're writing to the Post Office about this long-in-the-tooth alleged shortfall.,Day117
463,suspense account,suspense account,Event/Issue,"And you say, as you're aware, the cash account for this office is still showing an amount of £104,186 in the suspense account.",Day117
464,errors,error,Event/Issue,"This cumulative figure was placed in the suspense account towards the end of 2000, and I have no doubt at all that it was due to errors in the Horizon system over a number of weeks at that time.",Day117
464,suspense account,suspense account,Event/Issue,"This cumulative figure was placed in the suspense account towards the end of 2000, and I have no doubt at all that it was due to errors in the Horizon system over a number of weeks at that time.",Day117
477,discrepancy,discrepancy,Event/Issue,"I also take from the fact that the Post Office was willing to write off the considerable apparent discrepancy I disputed that my complaints were valid and that the Post Office was aware that was the case and wished to avoid the controversy on this matter, given that I was willing to assert my legal rights.",Day117
487,suspense account,suspense account,Event/Issue,"To the value of the amount which has been cleared from my suspense account, and the voucher has been cleared in the appropriate manner in the cash account number— week number, I'm sorry.",Day117
488,suspense account,suspense account,Event/Issue,"Was that amount, 104,186, actually cleared out of your suspense account, so you went back to zero in balancing terms?",Day117
490,shortfall,shortfall,Event/Issue,So it didn't remain there after a shortfall which you were required to roll over?,Day117
527,suspense account,suspense account,Event/Issue,"We've heard from some Post Office staff, the evidence of Susan Harding springs to mind, particularly to me, that the Post Office believed that the suspense account was used by subpostmasters to cover up theft and fraud.",Day117
528,suspense account,suspense account,Event/Issue,"Your evidence is that you were being transparent from an early stage in the life of Horizon in your complaints about Horizon discrepancies, about the use of the suspense account to hold over disputed sums whilst continued— whilst continuing to assert that the money wasn't owed and ought not to be made good.",Day117
533,shortfalls,shortfall,Event/Issue,"I think after this write-off there continued to be some shortages, shortfalls shown on Horizon, is that right?",Day117
542,suspense account,suspense account,Event/Issue,"Did it remain the case, however, that a sum just over £1,000 was carried as a shortage in the suspense account?",Day117
555,error,error,Event/Issue,"So, and often some of these where there had been an error might come back in a week or 2 weeks or something of that sort of time, or it could be a lot longer, when the actual error was discovered elsewhere and it can be corrected.",Day117
580,shortfall,shortfall,Event/Issue,"But did this exchange of correspondence, the new-ish, I think, retail line manager raising the issue, requiring you to make good the shortfall, to cease the practice, ultimately led— lead to your contract being terminated?",Day117
598,error,error,Event/Issue,"You refer me to Section 12 of the contract, and rather than what he has suggested to you, you're liable to repay all losses, you point out that Section 12 fact states the subpostmaster is responsible for all losses caused through his own negligence, carelessness, or error, and also for losses of all kinds caused by his assistants.",Day117
634,shortfalls,shortfall,Event/Issue,"You'd been rolling over other shortfalls and surpluses since then with Post Office knowledge, and then this arrives.",Day117
683,errors,error,Event/Issue,"I've little doubt that the reason for my termination is that I had not only uncovered limitations and potential errors with the Horizon system, but that I continued to question the Post Office on the contractual relationship between subpostmasters and the Post Office.",Day117
691,glitch,glitch,Event/Issue,There's a slight glitch with the transcription service which I think means we need to take 20 minutes rather than our usual 15.,Day117
807,shortfall,shortfall,Event/Issue,"So far as you know, was the data that you are speaking about in these paragraphs that you needed access to in order to understand the cause of an apparent shortfall or an over common to all cases in sub-post offices that you later came across, i.e., that no one could actually in the post office branch get access to the data they needed to see what had happened?",Day117
975,shortfall,shortfall,Event/Issue,"To your knowledge, what role did the NFSP play in assisting other subpostmasters when it was alleged against the subpostmaster that they had a shortfall?",Day117
1006,mediation scheme,mediation scheme,Event/Issue,"Cases used to take months and months to progress, I'm thinking of the initial mediation scheme for example, and you just felt, though they were there, were still banging your head against a brick wall to try and get anything out of them, because they were determined to protect the brand at any cost, and they didn't want anything coming out or being disclosed that might cause damage to Post Office.",Day117
1053,error,error,Event/Issue,"If required, though an independent external investigation instigated at ministerial level would be most appropriate and would, without doubt, easily find evidence of the error-ridden system.",Day117
1054,errors,error,Event/Issue,"I'm sure you'll appreciate that there is not a single computer system that does not, from time to time, suffer from errors, especially when the size and level of complexity of the programmes associated with the Horizon system.",Day117
1055,errors,error,Event/Issue,"The Post Office blindly state that there are not, nor have there ever been, any system errors.",Day117
1107,audit,audit,Event/Issue,"Neither will they tell you of the cases where the Post Office have run an audit, closed the post office, bankrupting the owner who loses his business, house, and family, holds a pending court case over him for 18 months, then drops the charges and walks away.",Day117
