sentence_index,entity_raw,entity_normalised,category,sentence_text
0,Beer,Beer,Individual,"Mr Beer, can I explain that one of our assessors is joined in remotely this morning, and I understand that before we begin hearing evidence, you wish to raise the issue of disclosure."
1,Bates,Alan Bates,Individual,"Yes, it's a matter of importance that I wanted to update you and the core participants on before we call Mr Bates to give his oral evidence."
3,the Post Office,Post Office,Organisation,"The core participants were sent an email by the solicitor to the inquiry yesterday that contained relevant correspondence from the Post Office that dates between the 28th of March and the 5th of April, sent to the inquiry."
7,the Post Office's,Post Office,Organisation,"So you'll recall that the Post Office's late and problematic disclosure of documents has been a constant theme in this inquiry, resulting in you ordering that we hear oral evidence from the Post Office and its inquiry representatives in 2 disclosure-related hearings held in July and September last year."
8,Post Office's,Post Office,Organisation,"On the 12th of January this year, the inquiry held a further hearing on disclosure and called Post Office's recognised legal representative, Mr. Jackson of Burgess Salmon LLP, to give oral evidence."
8,Jackson,Jackson,Individual,"On the 12th of January this year, the inquiry held a further hearing on disclosure and called Post Office's recognised legal representative, Mr. Jackson of Burgess Salmon LLP, to give oral evidence."
9,the Post Office,Post Office,Organisation,You will recall that by and large the key issue that was discussed at that hearing was how the Post Office had discovered a further Post Office repository or data source known as Microsoft Exchange 365.
9,Microsoft Exchange,Microsoft Exchange,Technical System,You will recall that by and large the key issue that was discussed at that hearing was how the Post Office had discovered a further Post Office repository or data source known as Microsoft Exchange 365.
10,the Microsoft Exchange,Microsoft Exchange,Technical System,"You'll recall that the Microsoft Exchange 365 repository was brought to the inquiry's attention during the Phase 4 hearings, and as a result, the inquiry received numerous sometimes voluminous last-minute disclosure of documents said to relate to Phase 4 witnesses, on some occasions only days before some witnesses were due to give their evidence."
10,Phase 4,Phase 4,Organisation,"You'll recall that the Microsoft Exchange 365 repository was brought to the inquiry's attention during the Phase 4 hearings, and as a result, the inquiry received numerous sometimes voluminous last-minute disclosure of documents said to relate to Phase 4 witnesses, on some occasions only days before some witnesses were due to give their evidence."
11,Jackson,Jackson,Individual,"During the January hearing, Mr. Jackson, Jackson said that such last-minute disclosure by the Post Office during the Phase 4 hearings had been, quote, suboptimal."
11,Post Office,Post Office,Organisation,"During the January hearing, Mr. Jackson, Jackson said that such last-minute disclosure by the Post Office during the Phase 4 hearings had been, quote, suboptimal."
13,Jenkins,Gareth Jenkins,Individual,"In some instances, regrettably, a decision was made to postpone or reschedule a witness at short notice, including, you'll remember, Mr Jenkins and Mr Longman, both of whom the inquiry has now scheduled to hear during Phases 5 and 6."
13,Mr Longman,Mr Longman,Individual,"In some instances, regrettably, a decision was made to postpone or reschedule a witness at short notice, including, you'll remember, Mr Jenkins and Mr Longman, both of whom the inquiry has now scheduled to hear during Phases 5 and 6."
14,the Post Office's,Post Office,Organisation,"Whilst other matters were discussed at the hearing held on the night— on the 12th of January, the focus was on the Post Office's work related to the Microsoft Exchange repository."
14,the Microsoft Exchange,Microsoft Exchange,Technical System,"Whilst other matters were discussed at the hearing held on the night— on the 12th of January, the focus was on the Post Office's work related to the Microsoft Exchange repository."
16,the Post Office,Post Office,Organisation,"Those directions provided that firstly, a meeting would be held between the representatives of the inquiry and the Post Office to discuss disclosure issues as soon as reasonably practicable, and in any event well before the commencement of oral hearings in phases 5 and 6."
19,the Post Office,Post Office,Organisation,"On the 28th of February 2024, members of the inquiry team and information management team met with the Post Office and its representatives in this building as directed by you, and the inquiry later circulated a copy of the minutes of that meeting as agreed with the Post Office to core participants."
21,the Post Office,Post Office,Organisation,"At the outset of the meeting, leading counsel to the inquiry— that's me— noted that from the inquiry's perspective, the aim of the meeting was to ensure that the Post Office are doing as much as possible to ensure phases 5 and 6 can proceed in accordance with the inquiry timetable."
22,Jackson,Jackson,Individual,"Mr. Jackson confirmed that the Post Office agreed and noticed noted that the Post Office's starting point for the meeting was prioritising and clarifying what needed to be done in line with your directions, ensuring reasonable and proportionate disclosure whilst minimising and hopefully avoiding disruption to the hearing timetable and the inquiry's proceedings."
22,Post Office,Post Office,Organisation,"Mr. Jackson confirmed that the Post Office agreed and noticed noted that the Post Office's starting point for the meeting was prioritising and clarifying what needed to be done in line with your directions, ensuring reasonable and proportionate disclosure whilst minimising and hopefully avoiding disruption to the hearing timetable and the inquiry's proceedings."
24,the Post Office's,Post Office,Organisation,Given the Post Office's highly disruptive late disclosure in Phase 4.
25,Jackson,Jackson,Individual,"Mr Jackson confirmed that the Post Office also aspired to eliminate disruption wherever it was possible to do so, and that the Post Office's recent structural work should have mitigated the likelihood that a new disclosure issue would come from left field."
25,the Post Office,Post Office,Organisation,"Mr Jackson confirmed that the Post Office also aspired to eliminate disruption wherever it was possible to do so, and that the Post Office's recent structural work should have mitigated the likelihood that a new disclosure issue would come from left field."
26,the Post Office,Post Office,Organisation,"In order to achieve that objective, prior to the meeting, the inquiry had provided the Post Office with a series of deadlines for any further late disclosure of Microsoft Exchange documents and correspondence."
26,Microsoft Exchange,Microsoft Exchange,Technical System,"In order to achieve that objective, prior to the meeting, the inquiry had provided the Post Office with a series of deadlines for any further late disclosure of Microsoft Exchange documents and correspondence."
27,the Post Office,Post Office,Organisation,"In summary, quote, for all oral witnesses but for those listed within the 4 weeks of the inquiry timetable, the inquiry directed that any late disclosure must be provided by the Post Office no later than 6 weeks before the date on which the witness is due to be called to give evidence."
29,the Post Office,Post Office,Organisation,"The inquiry and the Post Office also discussed other— what the inquiry understood to be relatively ad hoc and less significant potential document sources, i.e., other than Microsoft Exchange."
29,Microsoft Exchange,Microsoft Exchange,Technical System,"The inquiry and the Post Office also discussed other— what the inquiry understood to be relatively ad hoc and less significant potential document sources, i.e., other than Microsoft Exchange."
31,Jackson,Jackson,Individual,"Quote, Mr. Jackson then took the inquiry legal team through the work completed by the Post Office regarding other potential document sources, including Mimecast, SMS and instant messaging, and e-media sources, brackets, corporate devices, servers, backup tapes, and file stores."
31,the Post Office,Post Office,Organisation,"Quote, Mr. Jackson then took the inquiry legal team through the work completed by the Post Office regarding other potential document sources, including Mimecast, SMS and instant messaging, and e-media sources, brackets, corporate devices, servers, backup tapes, and file stores."
31,SMS,SMS,Organisation,"Quote, Mr. Jackson then took the inquiry legal team through the work completed by the Post Office regarding other potential document sources, including Mimecast, SMS and instant messaging, and e-media sources, brackets, corporate devices, servers, backup tapes, and file stores."
32,Post Office,Post Office,Organisation,Post Office representatives confirmed that they had sent and were still sending questionnaires regarding data sources to specific former specific former Post Office employees and board members.
34,Post Office,Post Office,Organisation,"In short, the inquiry understood that work was still ongoing in relation to some of the additional data sources, but should Post Office have any material update, and in particular should any particular data source contain highly relevant material, Post Office would alert the inquiry as soon as possible."
35,the Post Office,Post Office,Organisation,"On distributing the minute to core participants, the inquiry noted that as the disclosure process by the Post Office was continuing and the disclosure of additional documents to the inquiry had only recently started, I had advised you that the inquiry legal team ought to continue to monitor the Post Office's compliance with the inquiry disclosure requirements and report to you at regular intervals."
36,Post Office,Post Office,Organisation,"The reporting ought to include whether the Post Office continued to meet the deadlines the inquiry had set in order to enable the Phase 5 and 6 oral hearings to proceed, and thereafter continued as scheduled."
37,Phases 5,Phases 5,Organisation,"At that stage, I and the solicitor to the inquiry advised that we considered it premature for the inquiry to hold a further disclosure hearing prior to the commencement of Phases 5 and 6 today."
39,the Post Office's,Post Office,Organisation,"But in the light of the historic disclosure issues and the disruptive nature of the Post Office's late disclosure of Microsoft Exchange material in Phase 4, you noted that you wanted to keep this on— this issue under very close consideration."
39,Microsoft Exchange,Microsoft Exchange,Technical System,"But in the light of the historic disclosure issues and the disruptive nature of the Post Office's late disclosure of Microsoft Exchange material in Phase 4, you noted that you wanted to keep this on— this issue under very close consideration."
41,Post Office,Post Office,Organisation,"Throughout February and March, the Post Office continued to disclose a large volume of material as a result of its Microsoft Exchange disclosure failings and the remediation exercises put in place to rectify them."
41,Microsoft Exchange,Microsoft Exchange,Technical System,"Throughout February and March, the Post Office continued to disclose a large volume of material as a result of its Microsoft Exchange disclosure failings and the remediation exercises put in place to rectify them."
44,Post Office,Post Office,Organisation,"On Thursday the 28th of March, the legal representatives for the Post Office notified the inquiry that the Post Office would be providing the inquiry with documents that day and the following week in relation to witnesses giving evidence during the first week of phases 5 and 6 of the hearings and in the latter part of April, or documents which might otherwise be, quote, of interest to the inquiry."
49,Post Office,Post Office,Organisation,"As I say, Section 21 was sent by the inquiry to the Post Office back on the 21st of July last year, in which the inquiry mandated that the Post Office disclose several categories of material relevant to phases 5 and 6 of the inquiry, i.e., documents addressing what was defined in the notice as relevant issues."
50,Ernst Young,Ernst Young,Individual,"The relevant issues including reviews of Horizon carried out by Ernst Young, Deloitte, KPMG, and Linklaters."
50,Deloitte,Deloitte,Organisation,"The relevant issues including reviews of Horizon carried out by Ernst Young, Deloitte, KPMG, and Linklaters."
50,KPMG,KPMG,Organisation,"The relevant issues including reviews of Horizon carried out by Ernst Young, Deloitte, KPMG, and Linklaters."
51,the Post Office,Post Office,Organisation,"The notice expressly stated the documents Um, that the documents be those created by, sent to, or received by, that recorded a conversation or meeting involving, or otherwise made reference to, 19 specific individuals within the Post Office."
52,Paula Venells,Paula Venells,Individual,"The individuals named in the notice included but were not limited to Paula Venells, Alice Perkins, Alwen Lyons, Angela Vandenbergard, Mark Davis, Tim Parker, and Susan Crichton."
52,Alice Perkins,Alice Perkins,Individual,"The individuals named in the notice included but were not limited to Paula Venells, Alice Perkins, Alwen Lyons, Angela Vandenbergard, Mark Davis, Tim Parker, and Susan Crichton."
52,Alwen Lyons,Alwen Lyons,Individual,"The individuals named in the notice included but were not limited to Paula Venells, Alice Perkins, Alwen Lyons, Angela Vandenbergard, Mark Davis, Tim Parker, and Susan Crichton."
52,Angela Vandenbergard,Angela Vandenbergard,Individual,"The individuals named in the notice included but were not limited to Paula Venells, Alice Perkins, Alwen Lyons, Angela Vandenbergard, Mark Davis, Tim Parker, and Susan Crichton."
52,Mark Davis,Mark Davis,Individual,"The individuals named in the notice included but were not limited to Paula Venells, Alice Perkins, Alwen Lyons, Angela Vandenbergard, Mark Davis, Tim Parker, and Susan Crichton."
52,Tim Parker,Tim Parker,Individual,"The individuals named in the notice included but were not limited to Paula Venells, Alice Perkins, Alwen Lyons, Angela Vandenbergard, Mark Davis, Tim Parker, and Susan Crichton."
52,Susan Crichton,Susan Crichton,Individual,"The individuals named in the notice included but were not limited to Paula Venells, Alice Perkins, Alwen Lyons, Angela Vandenbergard, Mark Davis, Tim Parker, and Susan Crichton."
53,Post Office,Post Office,Organisation,"At 5:20— 5:32 on Thursday the 28th of March, the Post Office sent a cover letter for a production of 1,071 documents."
54,COVID,COVID,Organisation,"The COVID letter noticed that the Post Office had, quote, initiated 2 assurance exercises, the first being a review of specific third-party material— sorry, third-party advisor material, and the second being search and review of email inboxes of personal assistants, PAs, to the Section 21 individuals and other email inboxes of potential relevance where considered appropriate for this exercise."
54,the Post Office,Post Office,Organisation,"The COVID letter noticed that the Post Office had, quote, initiated 2 assurance exercises, the first being a review of specific third-party material— sorry, third-party advisor material, and the second being search and review of email inboxes of personal assistants, PAs, to the Section 21 individuals and other email inboxes of potential relevance where considered appropriate for this exercise."
55,the Post Office's,Post Office,Organisation,"The letter further explained that the Post Office's, quote, Section 21 search method methodology focused on the relevant individuals' data sources."
57,Post Office,Post Office,Organisation,"However, as part of assurance, Post Office has now run such searches across specific third-party adviser files, as was set out in the letter."
58,Deloitte,Deloitte,Organisation,"So such third-party advisers included those who the inquiry had specifically named in the Section 21 notice, including Linklaters, Deloitte, and KPMG."
58,KPMG,KPMG,Organisation,"So such third-party advisers included those who the inquiry had specifically named in the Section 21 notice, including Linklaters, Deloitte, and KPMG."
59,The Post Office,Post Office,Organisation,"The Post Office explained that within the production of 1,071 documents, 788 of them were said to be relevant to Section 21, of which 583 related to witnesses, and 15 documents were said to be, quote, high— of high relevance and material."
60,the Post Office,Post Office,Organisation,"44 documents were said to be documents of interest, being documents that the Post Office said were not directly responsive to the notice but were otherwise of relevance to the inquiry's terms of reference."
63,The Post Office,Post Office,Organisation,"The Post Office noted that a number of the documents could be apparent duplicates of previous documents already produced, but that information to assist in identifying duplicates would be provided separately."
64,Easter,Easter,Individual,So the Easter break then took place between Friday the 29th of March and Monday the 1st of April.
65,the Post Office's,Post Office,Organisation,"At around 10 AM on the 2nd of April, the Post Office's legal representative contacted inquiry legal team to note that further documents were to be expected."
66,The Post Office,Post Office,Organisation,The Post Office requested a meeting with the inquiry to provide an update and discuss how the Post Office intended to disclose further documents.
67,the Post Office,Post Office,Organisation,"At 11:47 on the 2nd of April, the inquiry confirmed it would be grateful if the Post Office could please provide the inquiry with the information it should have or would be assisted in have— in having in relation to the late disclosure that was relevant to hearings or witnesses this week."
68,Post Office,Post Office,Organisation,"At 6:58 PM that day, the Post Office sent the inquiry a 4-page letter seeking, quote, to provide a brief update regarding the Post Office's further urgent witness-focused review to best assist the inquiry with anticipated timings for further productions."
70,the Post Office,Post Office,Organisation,"However, it was in this letter received after hours on Tuesday that the inquiry was informed that the Post Office intended to make, quote, a small number of further Burgess Salmon Field Fisher productions in the near future of further documents relevant to phases 5 and 6."
73,the Post Office,Post Office,Organisation,"The letter said that the Post Office anticipated that the documents that relate to witnesses appearing this week are likely to be low in number and/or likely— not likely to contain many documents that will give rise to potential questions for those witnesses, but will rather, particularly for non-Post Office or Royal Mail Group witnesses, for the most part be documents that refer to them."
73,non-Post Office,non-Post Office,Organisation,"The letter said that the Post Office anticipated that the documents that relate to witnesses appearing this week are likely to be low in number and/or likely— not likely to contain many documents that will give rise to potential questions for those witnesses, but will rather, particularly for non-Post Office or Royal Mail Group witnesses, for the most part be documents that refer to them."
73,Royal Mail Group,Royal Mail Group,Organisation,"The letter said that the Post Office anticipated that the documents that relate to witnesses appearing this week are likely to be low in number and/or likely— not likely to contain many documents that will give rise to potential questions for those witnesses, but will rather, particularly for non-Post Office or Royal Mail Group witnesses, for the most part be documents that refer to them."
74,the Post Office,Post Office,Organisation,"Importantly, The, the letter said that the Post Office anticipated making yet further productions of material following 5 further reviews."
75,Microsoft Exchange,Microsoft Exchange,Technical System,"It confirmed that the reviews were not related to the Microsoft Exchange remediation process, but as noted already, the documents were relevant to phases 5 and 6 and to witnesses scheduled to be called as early as this week."
76,the Post Office,Post Office,Organisation,Those 5 reviews were summarised by the Post Office as follows.
78,NAS,NAS,Organisation,"Secondly, the NAS drive and file share review."
81,Patrick Baulk 2017,Patrick Baulk 2017,Individual,"And finally, the Patrick Baulk 2017 Mimecast data review."
82,The Post Office,Post Office,Organisation,"The Post Office did not provide the numbers of documents for witnesses commencing this week, although they anticipated providing those numbers shortly."
85,the Post Office,Post Office,Organisation,"Within those letters, the Post Office disclosed a number of additional documents as follows."
86,NAS,NAS,Organisation,"On the 3rd of April, 196 documents were disclosed, said to be from the NAS drive."
87,The Post Office,Post Office,Organisation,The Post Office said they were continuing to collect material from the Post Office file share that might be relevant to the Phase 5 and 6 hearings.
91,Post Office,Post Office,Organisation,"On Friday the 5th of April, so the Friday that's just passed, the Post Office disclosed 189 documents following a review of Post Office's hard copy material, 200 documents following an additional precautionary Mimecast review, a further 374 documents were disclosed, said to be the third tranche of documents, including, quote, further material identified as part of a second assurance review involving searches of email inboxes of personal assistants to Section 21 individuals."
93,The Post Office,Post Office,Organisation,"The Post Office said that it was now, quote, urgently reviewing data for personal assistants assistance to the Section 21 individuals who are witnesses and are due to give evidence from the 23rd of April onwards, and they anticipated they would provide the documents to the inquiry on or before this Friday, the 12th of April."
95,The Post Office,Post Office,Organisation,The Post Office has told us that that review is not yet complete.
96,NAS,NAS,Organisation,"The NAS drive and file share saw the disclosure of 196 documents from the NAS drive last week, but the review is ongoing in relation to other witnesses."
100,Mimecast,Mimecast,Organisation,The Patrick Bourke 2017 Mimecast data work appears to be ongoing.
102,the Post Office,Post Office,Organisation,"The volume and timing of such disclosure is unknown, but the Post Office said that they were working to disclose any further documents well in advance of Patrick Baulk's hearing on the 7th of May."
102,Patrick Baulk's,Patrick Baulk's,Individual,"The volume and timing of such disclosure is unknown, but the Post Office said that they were working to disclose any further documents well in advance of Patrick Baulk's hearing on the 7th of May."
106,the Post Office,Post Office,Organisation,"Since the end of the Phase 4 hearings alone, so that's since the closing submissions on the 2nd of February 2024, the Post Office has disclosed 73,720 documents to the inquiry, of which the inquiry legal team have characterised 67,210 documents as possibly relating to phases 5 and 6 of the inquiry."
107,the Post Office,Post Office,Organisation,"The inquiry has received documents from other providers during that time, albeit none as substantial in volume as the Post Office."
108,the Post Office's,Post Office,Organisation,"And the inquiry's information management team have confirmed that as of late yesterday, at least 78,211 documents, including but not limited to the Post Office's documents, that likely or potentially relate to phases 5 and 6 of the inquiry may fall for disclosure to core participants."
113,the Post Office,Post Office,Organisation,"This was communicated to the Post Office, and the inquiry understood that the Post Office considered that it had completed its Phase 5/6 exchange remediation exercises by the 22nd of March."
113,Phase 5/6,Phase 5/6,Organisation,"This was communicated to the Post Office, and the inquiry understood that the Post Office considered that it had completed its Phase 5/6 exchange remediation exercises by the 22nd of March."
117,the Post Office's,Post Office,Organisation,But the issues that the Post Office's disclosure to this inquiry have presented have been much more than minor ad hoc or additional disclosure.
118,the Post Office's,Post Office,Organisation,"In particular, the Post Office's assurance review as it has called it, of personal assistant emails and other inboxes of potential relevance in response to the inquiry Section 21 notice of last year is very concerning."
120,Post Office,Post Office,Organisation,It lists a number of senior key Post Office individuals.
122,the Post Office,Post Office,Organisation,"The inboxes of what are called inboxes of potential relevance have not been explained by the Post Office, so we don't know to whom they relate."
123,Post Office,Post Office,Organisation,"Even more concerning, the inquiry emphasised that the inquiry— that the Post Office ought to apply a common-sense approach to senior custodians as far back as a meeting with the Post Office in April 2023."
124,the Post Office's,Post Office,Organisation,So you asked for your team closely to monitor the Post Office's disclosure to the inquiry.
128,the Post Office,Post Office,Organisation,"The alternative, further delay to allow the Post Office to get its disclosure house in order, is not one which is acceptable."
130,Post Office,Post Office,Organisation,"So that's the, the approach that we intend to take, and that's all I say at the moment about this latest late Post Office disclosure."
132,Beer,Beer,Individual,"Thank you, Mr. Beer."
133,Beer,Beer,Individual,"The substance, or a summary, of what Mr. Beer has just explained publicly was provided to me late last week, together with Mr. Beer's and his team's advice that despite the problems which have occurred, we should carry on."
139,Beer,Beer,Individual,"But as Mr. Beer has explained, that can be cured albeit with some cost to the witness, by recalling them if necessary."
146,Beer,Beer,Individual,"I stress, as Mr Beer has stressed, that the monitoring of disclosure which I promised would continue throughout will continue throughout."
156,Beer,Beer,Individual,"So thank you for your words, Mr. Beer."
160,Andrew,Andrew,Individual,"As you know, Sir Andrew was publicly announced by the inquiry on the 9th of January this year."
161,Sandra Dawson,Sandra Dawson,Individual,The inquiry jointly appointed Dame Sandra Dawson and Dr Katie Stewart to the role of governance expert witnesses.
161,Katie Stewart,Katie Stewart,Individual,The inquiry jointly appointed Dame Sandra Dawson and Dr Katie Stewart to the role of governance expert witnesses.
162,Sandra,Sandra,Individual,"Dame Sandra is Professor Emerita of Management Studies, University College Cambridge, and a Fellow, formerly the Master, of Sidney Sussex College, Cambridge."
162,Emerita,Emerita,Individual,"Dame Sandra is Professor Emerita of Management Studies, University College Cambridge, and a Fellow, formerly the Master, of Sidney Sussex College, Cambridge."
162,University College Cambridge,University College Cambridge,Organisation,"Dame Sandra is Professor Emerita of Management Studies, University College Cambridge, and a Fellow, formerly the Master, of Sidney Sussex College, Cambridge."
162,Sidney Sussex College,Sidney Sussex College,Organisation,"Dame Sandra is Professor Emerita of Management Studies, University College Cambridge, and a Fellow, formerly the Master, of Sidney Sussex College, Cambridge."
163,the Windrush Lessons Learned Review,the Windrush Lessons Learned Review,Organisation,She acted as an expert member on organisation governance and leadership on the expert advisory group on the Windrush Lessons Learned Review and regularly advises on leadership governance and organisation structure.
164,Stewart,Stewart,Individual,"Dr Stewart is a policy governance expert and was a visiting scholar at Sydney Sussex College, Cambridge."
164,Sydney Sussex College,Sydney Sussex College,Organisation,"Dr Stewart is a policy governance expert and was a visiting scholar at Sydney Sussex College, Cambridge."
165,Stewart,Stewart,Individual,"Dame Sandra and Dr. Stewart have been instructed to produce 2 reports addressing issues relating to leadership, management, and governance."
168,the Post Office,Post Office,Organisation,"It sets out the expected and best practice in relation to the standards of governance, management, and leadership in companies such as the Post Office in the period 1999 to 2019."
171,Stewart,Stewart,Individual,"Dame Sandra and Dr. Stewart will be considering the evidence given in phases 5 and 6 of the inquiry, both the written evidence and the oral evidence, and will produce a second report in the light of that evidence when phases 5 and 6 have concluded."
172,Beer,Beer,Individual,"Thank you, Mr. Beer."
174,Alan Bates,Alan Bates,Individual,"Can I call Alan Bates, please?"
189,Bates,Alan Bates,Individual,"Good morning, Mr. Bates."
191,Jason Beer,Beer,Individual,"My name is Jason Beer, as you know, and I ask questions on behalf of the inquiry."
193,Alan Bates,Alan Bates,Individual,"Uh, Alan Bates."
201,CWU,CWU,Organisation,"If we look at page 23 and the foot of page 23 at paragraph 75, it says the CWU were not involved in this period, as I recall."
202,Colin Baker,Colin Baker,Individual,The NFSP the letter— should that say from Colin Baker?
205,Baker,Baker,Individual,"So cross out the words January 200 and put in the words Baker, the word Baker."
208,O'Neill,O'Neill,Individual,It says in my letter to Mr. O'Neill dated the 9th of September 2009.
220,Bates,Alan Bates,Individual,"Thank you very much, Mr Bates."
227,EPOSS,EPOSS,Technical System,"And is it right that in the course of that work You developed experience in electronic point-of-sale, EPOSS, systems?"
231,Horizon,Horizon,Technical System,"To what extent, if any, did that background assist you when you became a subpostmaster and were later required to work with the Horizon IT system?"
232,Horizon,Horizon,Technical System,"I think when Horizon came in, I think I was quite positive about it, because I knew what technology and these sorts of systems could do, so I was quite positive."
241,Post Office,Post Office,Organisation,"Sorry, it is, but it's due to Post Office, not to myself."
246,Post Office,Post Office,Organisation,"Because— well, initially it was because Post Office terminated my contract, giving me 3 months' notice and not giving me a reason for doing so, purely because, in my belief, is that I kept raising problems and concerns over its Horizon system due to a number of faults I'd found over the years."
246,Horizon,Horizon,Technical System,"Because— well, initially it was because Post Office terminated my contract, giving me 3 months' notice and not giving me a reason for doing so, purely because, in my belief, is that I kept raising problems and concerns over its Horizon system due to a number of faults I'd found over the years."
266,Craigadon Post Office,Craigadon Post Office,Organisation,It's Craigadon Post Office in Llandudno.
268,Craigadon Post Office,Craigadon Post Office,Organisation,Craigadon Post Office in Llandudno.
279,Suzanne,Suzanne,Individual,"And I think you and your wife Suzanne were 44 years old when you took it over, is that right?"
285,the High Court,the High Court,Organisation,"This is a witness statement you made in the course of the group litigation proceedings in the High Court, and we'll deal more about that later today."
295,the Post Office,Post Office,Organisation,You say a key attraction to working with the Post Office was that it would provide secure employment based upon the fact it provides a community service and has an established brand in the community.
296,Post Office,Post Office,Organisation,"From among the various small business options available, a Post Office branch would in my mind be a safe option."
297,Post Office,Post Office,Organisation,I was also encouraged by the fact I could run a secondary business such as a retail shop alongside the Post Office branch.
298,Post Office,Post Office,Organisation,"That sets out in summary your reasons for picking Post Office as a future enterprise with your wife, is Is that right?"
300,Peter Savage,Peter Savage,Individual,"Now, um, paragraph 12 on this page right through to paragraph 23 on page 5 addresses the initial inquiries you made with the existing or the outgoing subpostmaster, Peter Savage I think his name was."
306,Savage,Savage,Individual,"You say that you do remember that during one of my visits Um, to the branch, Mr Savage explained that he had a practice of keeping unders and overs in a tin in the safe as a system to deal with any odd shorts or overs."
310,Post Office,Post Office,Organisation,"and you didn't provide Post Office with returns of the position each week in there as well, but that seemed to be the way it operated."
313,the Post Office,Post Office,Organisation,"On, um, from paragraph 24, if we scroll down please, right through to paragraph 33 at the bottom of page 7, you deal with the agreement to purchase the Post Office, yes?"
318,the Post Office,Post Office,Organisation,"Firstly, the application to the Post Office to be a subpostmaster."
319,Bangor,Bangor,Organisation,"Secondly, the interview at the regional office in Bangor that you and your wife attended."
325,Post Office,Post Office,Organisation,"Now, we'll hear later that— is this right— that the Post Office robustly challenged you on that issue alongside other issues at the trial, and then the trial judge, then Mr. Justice Fraser, held that you were an honest witness, that you were telling the truth, and that like many other subpostmasters, you did not receive a copy of this document?"
325,Justice Fraser,Justice Fraser,Individual,"Now, we'll hear later that— is this right— that the Post Office robustly challenged you on that issue alongside other issues at the trial, and then the trial judge, then Mr. Justice Fraser, held that you were an honest witness, that you were telling the truth, and that like many other subpostmasters, you did not receive a copy of this document?"
329,Horizon,Horizon,Technical System,Can we turn to the introduction of the Horizon system into your branch?
331,Post Office,Post Office,Organisation,"At paragraph 14, you tell us that in October 2000, the Post Office introduced Horizon at my branch."
331,Horizon,Horizon,Technical System,"At paragraph 14, you tell us that in October 2000, the Post Office introduced Horizon at my branch."
333,Horizon,Horizon,Technical System,"To the best of my recollection, Horizon was installed from the 2nd of October 2000."
335,Horizon,Horizon,Technical System,So Horizon installed under 2 years after you took up the position of subpostmaster of this office?
338,Horizon,Horizon,Technical System,"You say, I didn't have any involvement in discussions about the introduction of Horizon."
342,Horizon,Horizon,Technical System,"You say, when Horizon was introduced, given my background with electronic point-of-sale systems, I regarded the introduction of Horizon at first as a positive innovation, and you've told us that in summary this morning."
343,Post Office Limited,Post Office Limited,Organisation,"However, I did not expect there to be any apparent discrepancies shown on the system that I was unable to identify the cause of and resolve, either by myself or with support or information from Post Office Limited."
344,the Post Office,Post Office,Organisation,Certainly I did not expect discrepancies to occur for which the Post Office would try and hold me liable without the cause being investigated and established.
345,CAPTCHA,CAPTCHA,Organisation,"To that point, I'd been preparing accounts manually using the CAPTCHA system."
350,Post Office,Post Office,Organisation,"But I mean, in previous roles, before Post Office, I'd used something like Crystal Reports on software packages to extract information using certain parameters in there, but there was very little flexibility in Horizon, as I saw it at that time, for reports that you could control the parameters of your searches for."
350,Crystal Reports,Crystal Reports,Organisation,"But I mean, in previous roles, before Post Office, I'd used something like Crystal Reports on software packages to extract information using certain parameters in there, but there was very little flexibility in Horizon, as I saw it at that time, for reports that you could control the parameters of your searches for."
352,Horizon,Horizon,Technical System,"And we see this as a feature in the correspondence that you— we're going to turn to a little later today, and a constant theme that you pursued, i.e., the visibility of transactions and the auditability of transactions from a subpostmaster's perspective was lacking in the Horizon system, is that correct?"
354,High Court,High Court,Organisation,"Can we turn, please, back to your High Court statement, poll 3024194, and turn to page 32, please."
356,the Post Office's,Post Office,Organisation,"You say that you've been referred to a part of the Post Office's defence and to its defence and counterclaim, and you say that you understand from this that the Post Office's case for the purposes of the common issues trial is, quote, that losses do not arise in the ordinary course of things without fault or error on the part of subpostmasters and their assistants."
357,the Post Office,Post Office,Organisation,And this is what the Post Office said: it would not be right to infer or presume that a shortfall and loss was caused instead by a bug or error in Horizon.
359,Post Office,Post Office,Organisation,"You say, these things were in my own experience very far from the the case, and then you set out from your own experience, by comparison, what you say by reference to what the Post Office suggests."
364,Horizon,Horizon,Technical System,"And then 146, you say, one of my fundamental concerns when Horizon was introduced, which you clearly communicated through various letters, was the lack of transparency and control available to me in reviewing transactions when trying to balance You refer to a letter and you say, I could not fully access data that I needed in order to properly track and, if necessary, to correct transactions."
366,the Post Office,Post Office,Organisation,"You were therefore dependent, you say, upon the Post Office for this sort of information and therefore in order to ascertain determine the cause of any apparent shortfall and whether it was in fact a real loss."
367,Post Office,Post Office,Organisation,"And then you say in 147, although Post Office later moved to monthly balancing, during your tenure you were required to produce weekly accounts, which meant you had to conduct a balance on a weekly basis on a Wednesday."
368,Horizon,Horizon,Technical System,"When carrying out this balance on Wednesday the 13th of December 2000, the Horizon system showed there was an unexplained variance of over £6,000 relating to gyro deposits."
394,Post Office,Post Office,Organisation,"And just by way of an aside, I think you tell us in your statement that Post Office records subsequently disclosed to you show that in the 2-year and 9-month period up until February— up until November 2003, i.e., when your contract was terminated, you and your assistants made 507 calls to the helpline?"
396,Horizon,Horizon,Technical System,Of which 85 related to Horizon and balancing problems?
400,High Court,High Court,Organisation,Can we go on to paragraph 149 of your High Court witness statement here?
401,Horizon,Horizon,Technical System,"You say, using the limited reports you were able to print, you ascertained that around £5,000 of the alleged shortfall related to gyro items that had become wrongly duplicated on Horizon These reports were in the form of lengthy multi-line narrow till receipts and were many metres long, making them difficult to review in any event."
406,Gerry Hayes,Gerry Hayes,Individual,"I also called my retail line— sorry, my retail network manager, Gerry Hayes, the following day to inform him."
407,the Post Office,Post Office,Organisation,"In the absence of a proper response from the Post Office, I carried out— I carried over the apparent shortfall from that week's cash account to the following week's cash account by transferring it to a suspense account which was visible to the Post Office."
410,Post Office,Post Office,Organisation,"And is it that sum, £1,100, that you ended up in dispute with the Post Office over?"
412,Post Office,Post Office,Organisation,And I think the first thing you did was to write a detailed letter to the Post Office about it?
415,POL 004598,POL 004598,Organisation,POL 004598.
417,Horizon,Horizon,Technical System,"We can see this is dated the 19th of December 2000, so about 6 days after the balancing issue emerged, and again about 2 and a bit months after the installation of Horizon at your branch, and it must be noted, I think, very early in the life of the Horizon system taken as a whole, would you agree?"
419,Horizon,Horizon,Technical System,You'll see that the heading of it is Horizon faults.
420,Horizon,Horizon,Technical System,"Can we read the letter together, because this sets out what might be an important account early in the life of Horizon."
423,Horizon,Horizon,Technical System,The evidence that appeared during that day proved beyond any doubt that the Horizon system cannot be relied upon to give 100% accurate figures.
428,Horizon,Horizon,Technical System,"I can without any doubt attribute £368,500 of that to gyro items that have been double-entered, and that I'm unable to track because of the way Horizon is set up."
432,Horizon,Horizon,Technical System,"Unfortunately, the current Horizon system does not let you access previous transactions adequately enough to track problems with shorts or overs at the end of the week."
434,the Federation of Subpostmasters,the Federation of Subpostmasters,Organisation,"Having spoken to the local branch secretary of the Federation of Subpostmasters on these problems, and realizing the problems I'm experiencing are being found by others around the country, I do not— I really do not believe it would be unreasonable for Post Office Network to hold me liable for losses on the cash account until such time as 100% guarantee can be given about the accuracy of Horizon."
434,Post Office Network,Post Office Network,Organisation,"Having spoken to the local branch secretary of the Federation of Subpostmasters on these problems, and realizing the problems I'm experiencing are being found by others around the country, I do not— I really do not believe it would be unreasonable for Post Office Network to hold me liable for losses on the cash account until such time as 100% guarantee can be given about the accuracy of Horizon."
434,Horizon,Horizon,Technical System,"Having spoken to the local branch secretary of the Federation of Subpostmasters on these problems, and realizing the problems I'm experiencing are being found by others around the country, I do not— I really do not believe it would be unreasonable for Post Office Network to hold me liable for losses on the cash account until such time as 100% guarantee can be given about the accuracy of Horizon."
439,the Post Office,Post Office,Organisation,"I'm a firm believer in the way forward through such a system, but bear in mind my comments are made by someone who's had considerable experience of electronic point-of-sale systems before joining the Post Office in 1998."
445,Horizon,Horizon,Technical System,"So in that letter, you make it clear on a number of occasions that Horizon is at fault, and you explain in detail why, so far as you could tell, that was so."
448,the Post Office,Post Office,Organisation,You tell the Post Office that you're not alone and that this was happening around the country.
452,Dave Foster,Dave Foster,Individual,Was that Dave Foster?
453,Dave Foster,Dave Foster,Individual,It was Dave Foster.
462,Post Office,Post Office,Organisation,So now over a year has passed and you're writing to the Post Office about this long-in-the-tooth alleged shortfall.
464,Horizon,Horizon,Technical System,"This cumulative figure was placed in the suspense account towards the end of 2000, and I have no doubt at all that it was due to errors in the Horizon system over a number of weeks at that time."
465,Gerry Hayes,Gerry Hayes,Individual,"In my letters to Gerry Hayes of the 19th of December, which we've just looked at, and 16th of July 2001— I've skipped over that one because of time— neither of which did I receive a written reply to."
467,Post Office,Post Office,Organisation,"I really do think that enough time has now passed for Post Office to have resolved this issue, and that unless I receive a written comment to the contrary by the end of this month, I'll take it the matter's closed."
468,Post Office Counters,Post Office Counters,Organisation,"When I signed my contract with Post Office Counters, I did not sign to accept the liabilities arising from the shortcomings of a less than adequate Horizon system."
468,Horizon,Horizon,Technical System,"When I signed my contract with Post Office Counters, I did not sign to accept the liabilities arising from the shortcomings of a less than adequate Horizon system."
469,Post Office Limited,Post Office Limited,Organisation,All liabilities from such a system are clearly the responsibility of Post Office Limited or ICL Pathway.
469,ICL Pathway,ICL Pathway,Organisation,All liabilities from such a system are clearly the responsibility of Post Office Limited or ICL Pathway.
473,Post Office,Post Office,Organisation,"You say, finally, by letter of the 6th of March 2002, I was notified that, quote, Post Office has decided to take no further action in respect of the loss at my branch and that this will be written off."
474,the Post Office,Post Office,Organisation,"No reason was given But I've since seen a copy of a, quote, write-off authority voucher disclosed by the Post Office, which gives the reason for the write-off as, quote, disputed Horizon Cash account shortage."
474,Horizon Cash,Horizon Cash,Organisation,"No reason was given But I've since seen a copy of a, quote, write-off authority voucher disclosed by the Post Office, which gives the reason for the write-off as, quote, disputed Horizon Cash account shortage."
475,the Post Office,Post Office,Organisation,"The letter of the 6th of March also said that the Post Office had taken time to respond because, quote, it has been necessary to formulate a consistent response to all such cases."
476,the Post Office,Post Office,Organisation,I take it from this that the Post Office was aware at the time of many such complaints.
477,the Post Office,Post Office,Organisation,"I also take from the fact that the Post Office was willing to write off the considerable apparent discrepancy I disputed that my complaints were valid and that the Post Office was aware that was the case and wished to avoid the controversy on this matter, given that I was willing to assert my legal rights."
482,Post Office,Post Office,Organisation,"And, um, if we look at the 3rd paragraph, there's the passage that you cited: after due consideration of the facts surrounding your loss in your report, Post Office has decided to take no further action in respect of the loss, which will be written off."
498,Post Office,Post Office,Organisation,This is an internal Post Office document?
504,FAD,FAD,Organisation,"It's got your branch name and your FAD code, the amount of money, and it says the following decision has been made with regard to the lot at the above office which relates to an aged shortage which the subpostmaster insists was attributable to a Horizon system software, equipment, training failure."
504,Horizon,Horizon,Technical System,"It's got your branch name and your FAD code, the amount of money, and it says the following decision has been made with regard to the lot at the above office which relates to an aged shortage which the subpostmaster insists was attributable to a Horizon system software, equipment, training failure."
508,Horizon,Horizon,Technical System,"Did you see this document, the writing off of a loss, because you said the loss was attributable to the Horizon system, at the time of the dispute with the Post Office in 2002 and 2003, i.e., before termination of your contract?"
508,the Post Office,Post Office,Organisation,"Did you see this document, the writing off of a loss, because you said the loss was attributable to the Horizon system, at the time of the dispute with the Post Office in 2002 and 2003, i.e., before termination of your contract?"
510,the Post Office,Post Office,Organisation,And so were you aware at that time that the Post Office seemingly used the standard form with delete as appropriate boxes on it?
514,Horizon,Horizon,Technical System,"oh, it's another one, the Horizon losses."
527,Post Office,Post Office,Organisation,"We've heard from some Post Office staff, the evidence of Susan Harding springs to mind, particularly to me, that the Post Office believed that the suspense account was used by subpostmasters to cover up theft and fraud."
527,Susan Harding,Susan Harding,Individual,"We've heard from some Post Office staff, the evidence of Susan Harding springs to mind, particularly to me, that the Post Office believed that the suspense account was used by subpostmasters to cover up theft and fraud."
528,Horizon,Horizon,Technical System,"Your evidence is that you were being transparent from an early stage in the life of Horizon in your complaints about Horizon discrepancies, about the use of the suspense account to hold over disputed sums whilst continued— whilst continuing to assert that the money wasn't owed and ought not to be made good."
533,Horizon,Horizon,Technical System,"I think after this write-off there continued to be some shortages, shortfalls shown on Horizon, is that right?"
557,Post Office,Post Office,Organisation,And Post Office were aware of what I was doing.
558,Mike Wakely,Mike Wakely,Individual,"Did the installation of a new retail line manager, Mike Wakely, cause matters to be brought to a head in that respect?"
572,Horizon,Horizon,Technical System,"That's the one we've just read, confirming our conversation regarding losses and gains at our office, which have always been rolled over since the installation of Horizon."
573,Post Office,Post Office,Organisation,"I appreciate you may well have been unaware of this practice at the office, but can assure you that many others at Post Office— many other Post Office staff knew of it."
575,Horizon,Horizon,Technical System,"The problem with rolling over the losses and gains is that I presume I'd be accepting liability for them, which is something that I've pointed out in writing to you since the introduction of Horizon here."
583,Wakely,Wakely,Individual,"Um, letter from Mr. Wakely, um, 2nd of May."
592,Post Office,Post Office,Organisation,"To this effect, you're charged with ensuring that all accounts entrusted to you are kept in the form prescribed by Post Office using the approved accounting system, and therefore, in the event of any losses occurring, these should be made good without delay."
603,Horizon,Horizon,Technical System,"To take an extreme, if the Horizon system said I owed £1 million, would you say I'd have to make good the loss without delay and without question?"
608,the Post Office,Post Office,Organisation,"So you correct the Post Office on the terms and conditions, you make it clear the point that many have missed, that the contract does not oblige you to repay all losses, and then you make a point of emphasis it's the million pounds example in your third paragraph."
609,the Post Office,Post Office,Organisation,Was there any effort by the Post Office to engage with the points that you were making in this letter?
615,Wakely,Wakely,Individual,"Mr. Wakely, in accordance with your contracts, I'm writing to issue you with 3 months' notice of termination of your contract."
622,the Post Office,Post Office,Organisation,Was any such explanation given to you by the Post Office at this time?
632,Post Office,Post Office,Organisation,You'd had the Post Office acknowledging that it was because of a genuine dispute.
633,Horizon,Horizon,Technical System,"Over whether Horizon was to blame for it, over the operation of Horizon."
634,Post Office,Post Office,Organisation,"You'd been rolling over other shortfalls and surpluses since then with Post Office knowledge, and then this arrives."
635,Post Office,Post Office,Organisation,"Well, it was, it was a bit strange in a way, because we were a very busy Post Office."
636,Post Office,Post Office,Organisation,"In fact, it was a time when a lot of Post Office places were losing trade, but our sales figures were extremely high in the region."
641,Alan,Alan,Individual,"He was saying, come on, Alan, you know, change your mind."
643,Post Office,Post Office,Organisation,"And I'm saying, look, if you're unhappy with the way that I'm providing your service, then pay us back our initial investment and take the Post Office away."
645,the Post Office,Post Office,Organisation,"But I mean, it's— they just decided they were going to— I felt They were going to make a lesson of my case, because a number of other people knew what was going on at that time, and I think it was something the Post Office liked to try and give lessons of how they were in charge."
646,the Post Office,Post Office,Organisation,Can we just look before the morning break at some reasoning that the Post Office gave subsequently for terminating your contract?
649,Betty Williams,Betty Williams,Individual,"This is a letter written to an MP, Betty Williams, in relation to a letter that she wrote as a constituency MP to Alan Layton, the then chairman of the Post Office, and it's the 29th of October."
649,Alan Layton,Alan Layton,Individual,"This is a letter written to an MP, Betty Williams, in relation to a letter that she wrote as a constituency MP to Alan Layton, the then chairman of the Post Office, and it's the 29th of October."
649,the Post Office,Post Office,Organisation,"This is a letter written to an MP, Betty Williams, in relation to a letter that she wrote as a constituency MP to Alan Layton, the then chairman of the Post Office, and it's the 29th of October."
650,Dave Barrett,Dave Barrett,Individual,"If we just go to the second page, scroll down, we can see here it's written by Dave Barrett, Head of Commercial Urban Area for Wales, the Marches and Merseyside."
652,Bates,Alan Bates,Individual,"Briefly, we've given notice to Mr Bates, the present subpostmaster, that we're withdrawing from our contract with him, and then this: this is because we've lost confidence in his willingness to conduct the job in the manner expected."
656,Horizon Integrity,Horizon Integrity,Organisation,This is a presentation on Horizon Integrity prepared by Dave Smith.
656,Dave Smith,Dave Smith,Individual,This is a presentation on Horizon Integrity prepared by Dave Smith.
657,Horizon,Horizon,Technical System,It's undated and it seeks to tell a story about the integrity of Horizon.
660,Smith,Smith,Individual,"Mr Smith says, of the cases I'm aware, Bates had discrepancies was dismissed because he became unmanageable."
660,Bates,Alan Bates,Individual,"Mr Smith says, of the cases I'm aware, Bates had discrepancies was dismissed because he became unmanageable."
663,Smith,Smith,Individual,"And then Mr. Smith says of you that you, quote, clearly struggled with accounting and despite copious support did not follow instructions."
667,the Post Office,Post Office,Organisation,No. Did you seek to follow the instructions that you had been given by the Post Office?
682,GLO,GLO,Organisation,You say this is your High Court statement for the GLO common issues trial.
683,Horizon,Horizon,Technical System,"I've little doubt that the reason for my termination is that I had not only uncovered limitations and potential errors with the Horizon system, but that I continued to question the Post Office on the contractual relationship between subpostmasters and the Post Office."
683,the Post Office,Post Office,Organisation,"I've little doubt that the reason for my termination is that I had not only uncovered limitations and potential errors with the Horizon system, but that I continued to question the Post Office on the contractual relationship between subpostmasters and the Post Office."
689,Bates,Alan Bates,Individual,"Mr Bates, thank you."
696,Bates,Alan Bates,Individual,"If we continue Please, Mr Bates, with August 2003."
699,the Royal Mail Group PLC,the Royal Mail Group PLC,Organisation,I think one of the first things you did was to write to the chairman of the Royal Mail Group PLC; is that right?
703,Alan Layton,Alan Layton,Individual,"We'll see that this is dated 7 August 2003, to Mr Alan Layton, Chairman of Royal Mail Group PLC."
703,Royal Mail Group PLC,Royal Mail Group PLC,Organisation,"We'll see that this is dated 7 August 2003, to Mr Alan Layton, Chairman of Royal Mail Group PLC."
704,Royal Mail Group PLC,Royal Mail Group PLC,Organisation,"We'll look at the detail in a moment, but can I ask you in general terms what the purpose was in writing to the chairman of Royal Mail Group PLC."
705,Post Office's,Post Office,Organisation,By this time you'd received Post Office's decision to terminate your contract.
710,Horizon,Horizon,Technical System,Horizon had only been rolled out for 3 years or so.
716,Post Office Limited,Post Office Limited,Organisation,That first paragraph: I'm writing to you with regard to a letter I've just received from Post Office Limited giving me formal notification of their decision to terminate my subpostmaster contract.
717,Post Office Limited,Post Office Limited,Organisation,"As chairman of the group responsible for Post Office Limited, I thought important that you should be aware of what is being undertaken in your name."
727,Post Office,Post Office,Organisation,"In reality, this matter should never have reached this stage, but the extremely poor handling by Post Office management in the past has led to the situation which could result in us not only losing our business but something else."
728,the Post Office,Post Office,Organisation,"Unlike the Post Office, I do not have endless funds to fight this injustice through the courts."
730,Post Office,Post Office,Organisation,"Well, I suppose realistically I have been speaking with lawyers at that time and I was being advised that you probably wouldn't be able to afford to take Post Office on."
733,Royal Mail Group,Royal Mail Group,Organisation,I do realise it is imperative for as many people as possible to have an opportunity to see in detail the management style applied by Royal Mail Group to the very public face of the local post office.
734,Stalinistic,Stalinistic,Organisation,It is again trying to use what seems to be so often described in its outdated Stalinistic management approach in order to bludgeon its will onto the poor subpostmaster.
736,the Post Office,Post Office,Organisation,"Whilst I appreciate that principles can be expensive, I cannot agree to any position which would leave me and every other sub-postmaster liable for claims of millions of pounds from the Post Office without any redress or access to data to check such claims."
740,www.postofficevictims.org.uk,www.postofficevictims.org.uk,Organisation,"To that end, these documents enclosed and others will shortly be available online once the hoarding at the— for the front of our building advertising our website, www.postofficevictims.org.uk, is ready in a week or so."
748,Leighton,Leighton,Individual,"Now, I don't think you got a reply from Mr. Leighton, did you?"
753,Alan Layton,Alan Layton,Individual,"Thank you for your letter dated the 7th of August addressed to Alan Layton, which has been forwarded to me for reply."
755,Rhea McQueen,Rhea McQueen,Organisation,"You can see, you can see that it's from somebody in the operations department, Rhea McQueen, a case liaison manager."
756,Next,Next,Organisation,"Go back to the first Next page, please."
760,Quote,Quote,Individual,"Although I regret that the situation has reached the point of termination of your contract, Quote, I am confident that the various teams concerned in the events have worked hard to provide support and assistance to you in a consistent and sympathetic manner."
762,Post Office's,Post Office,Organisation,"No, but this is Post Office's view, it's not mine."
766,Horizon,Horizon,Technical System,"And also to provide extra training on the Horizon system, did you get additional training on the Horizon system?"
769,Horizon,Horizon,Technical System,"The Horizon system at the branch has been reviewed and interrogated in response to your complaints, and the reports from the Horizon field support team and the NBSC have confirmed that there's nothing inherently wrong with the Horizon system installed at the branch."
769,NBSC,NBSC,Organisation,"The Horizon system at the branch has been reviewed and interrogated in response to your complaints, and the reports from the Horizon field support team and the NBSC have confirmed that there's nothing inherently wrong with the Horizon system installed at the branch."
785,the Post Office Limited's,the Post Office Limited's,Organisation,I feel you should be aware that use of the Post Office Limited's imagery on your website may constitute trademark infringement.
786,the Post Office,Post Office,Organisation,"You say in your witness statement that despite you having sent the Chairman a full clip of the relevant correspondence with notes about each item within it, to quote your witness statement, predictably the response of the Post Office was to ignore the content and predictably to fail to investigate the real issues."
787,the Post Office,Post Office,Organisation,Why in your view was it the predictable response of the Post Office?
789,Post Office,Post Office,Organisation,"I mean, it was constantly— Post Office was in the right and you were always in the wrong, and it was— it just seemed to be their nature."
790,the Post Office's,Post Office,Organisation,You tell us in your witness statement that this reply was the usual box-ticking exercise written entirely from the Post Office's perspective.
796,Horizon,Horizon,Technical System,"We asked you a question, what data you believe you needed to access in order to determine the cause of discrepancies in the Horizon-generated branch accounts, and you say, I required access to all data, even in a read-only format, held on the system in relation to all input by me and my staff, which happened at the branch."
797,Horizon,Horizon,Technical System,"In respect of verifying information regarding those transactions or the accounts that they ultimately formed a part of, I could only check transaction logs that were available on Horizon for limited periods of time or use the limited range of information and reports I had access to and which could be printed from Horizon terminals, comparing them to stock in the branch."
798,Post Office,Post Office,Organisation,"I had no real way of checking information held in Horizon that came from Post Office itself or from its clients such as Camelot, or indeed the way in which those had been reconciled with transactions in the branch."
801,Horizon,Horizon,Technical System,"Whilst the position as stated in the letter— that's the letter we've just read— is that they'd reviewed and interrogated and concluded there was nothing inherently wrong with the Horizon system, I'd seen no evidence of the apparent review and interrogation they'd claimed to carry out."
813,Williams,Williams,Individual,"That's Miss Williams, is that right?"
815,Post Office,Post Office,Organisation,"On the 27th of October 2003, and she in turn raised it with Post Office and with the Minister."
819,Post Office,Post Office,Organisation,"And then she wrote again to Post Office and your MP, as a result of which Post Office wrote this letter on the 19th of January 2004."
821,Richard Barker,Richard Barker,Individual,"We can see that it's written by Richard Barker, the then General Manager of the Commercial Network."
821,the Commercial Network,the Commercial Network,Organisation,"We can see that it's written by Richard Barker, the then General Manager of the Commercial Network."
823,Betty Williams,Betty Williams,Individual,"He says to Betty Williams MP, I promised to write to you once a comprehensive review had been undertaken of the issues raised by you."
824,Post Office,Post Office,Organisation,That review has been completed by a senior manager within Post Office with considerable experience in the handling of disputes and subsequent appeals.
826,Bates,Alan Bates,Individual,No evidence was found which in any way substantiates the various claims being made by Mr Bates.
827,Barker,Barker,Individual,"And Mr Barker goes as far as saying, that the decision to terminate your contract was not only correct, it was the only sensible option."
833,Alan Layton,Alan Layton,Individual,"So we've seen you write to your MP, we've seen you write directly to Alan Layton and the reply, we've seen your MP write to Post Office and we've seen this reply trying to ask questions."
833,Post Office,Post Office,Organisation,"So we've seen you write to your MP, we've seen you write directly to Alan Layton and the reply, we've seen your MP write to Post Office and we've seen this reply trying to ask questions."
834,the Post Office,Post Office,Organisation,It suggested in some parts of your witness statement that they were being shut down or fobbed off by the Post Office.
840,Sandy Stephen,Sandy Stephen,Individual,"I just want to look at what the author, Sandy Stephen, says."
841,Horizon,Horizon,Technical System,"They say, I've reviewed— if we scroll to the top paragraph, please— all the files from the date of Horizon installation until the termination of Bates' contract and read all the subsequent correspondence."
841,Bates,Alan Bates,Individual,"They say, I've reviewed— if we scroll to the top paragraph, please— all the files from the date of Horizon installation until the termination of Bates' contract and read all the subsequent correspondence."
843,Bates,Alan Bates,Individual,Bates' assertions against the Horizon system.
843,Horizon,Horizon,Technical System,Bates' assertions against the Horizon system.
845,Bates,Alan Bates,Individual,Eventually it was decided to write off the debt and a clear signal was given to Bates that all future losses would be recovered.
846,Bates,Alan Bates,Individual,Significantly further training and support was given to Bates at that time.
852,Bates,Alan Bates,Individual,Later it transpires and Bates admitted that he continued to roll over losses.
856,Horizon,Horizon,Technical System,"Expired, and you admitted that you continue to roll over losses and had done so since the introduction of Horizon."
858,Mr Wakely,Mr Wakely,Organisation,"That's true, we've seen that from Mr Wakely."
864,Retail Line,Retail Line,Individual,"From the evidence contained in the files, it's clear that Retail Line conducted themselves correctly and acted in accordance with the rules."
865,Bates,Alan Bates,Individual,And then this: leaving aside the anecdotal evidence on file which demonstrates Bates' unsuitability as a postmaster.
869,Mike Wakely,Mike Wakely,Individual,"If— I mean, I have records of that time which were statements from the retail network manager, or my current retail network manager at that time, which was Mike Wakely, to say how well the office was doing and, and well done for all the hard work."
873,Post Office,Post Office,Organisation,They point out Post Office has an absolute right to terminate a contract with 3 months' notice.
881,Post Office,Post Office,Organisation,"When I went into Post Office, it was sold to me at the time as you were in partnership with the business, but you very soon learned that this was a very one-sided partnership."
885,the Post Office,Post Office,Organisation,"This is part of a slew of correspondence that I'm not going to investigate in detail over whether you would continue to provide a service within the Post Office as an interim measure, and the arrangements that were being made for the Post Office to come into the branch and take away what they say belonged to them."
886,Post Office,Post Office,Organisation,"You say, at no time did Post Office ever ask me if I would continue providing a service as an interim measure."
889,Horizon,Horizon,Technical System,It seems your organisation will do every— anything and everything to try and keep the failures of Horizon hidden.
892,the Post Office,Post Office,Organisation,"In relation to the penultimate paragraph there, that the Post Office would do anything and everything to try and keep the failures of Horizon hidden."
892,Horizon,Horizon,Technical System,"In relation to the penultimate paragraph there, that the Post Office would do anything and everything to try and keep the failures of Horizon hidden."
893,Horizon,Horizon,Technical System,Why do you think that they were— why did you think that they were trying to keep the failures of Horizon hidden?
895,Horizon,Horizon,Technical System,"First off, I think their field personnel didn't understand it to any great depth, and they just seem to follow the corporate mantra that Horizon is robust and that's it, and everyone else is wrong."
903,the Post Office,Post Office,Organisation,You heard of stories of where people were literally taking their computers and the whole systems and leaving them on the pavement outside and telling the Post Office to come and collect it.
909,Sandy Stephen,Sandy Stephen,Individual,"In the clip of materials that identified or led to the Sandy Stephen comprehensive review that we saw, the 5 paragraphs on the one page, in that clip of material is a note from Mike Wakely, your retail line manager, contributing to that document, and he said that at this time Alan believes his actions are now a matter of principle."
909,Mike Wakely,Mike Wakely,Individual,"In the clip of materials that identified or led to the Sandy Stephen comprehensive review that we saw, the 5 paragraphs on the one page, in that clip of material is a note from Mike Wakely, your retail line manager, contributing to that document, and he said that at this time Alan believes his actions are now a matter of principle."
909,Alan,Alan,Individual,"In the clip of materials that identified or led to the Sandy Stephen comprehensive review that we saw, the 5 paragraphs on the one page, in that clip of material is a note from Mike Wakely, your retail line manager, contributing to that document, and he said that at this time Alan believes his actions are now a matter of principle."
914,www.postofficevictims.org.uk,www.postofficevictims.org.uk,Organisation,"I think one of the first things that you did after termination of your contract was to set up the website, www.postofficevictims.org.uk."
917,Post Office,Post Office,Organisation,"Unfortunately, the local paper printed my letter in full to explain what had happened with Post Office."
921,Post Office,Post Office,Organisation,"I suppose it was like a seed, I wouldn't say organisation, it was what I set up initially there to try and attract and draw other cases and also as a warning to others about getting involved with Post Office, this is the type of organisation you are planning to get involved with."
927,the Post Office,Post Office,Organisation,I wanted to create a body of former and current subpostmasters and branch assistants which could provide a community for all those going through the same experiences with the Post Office.
928,the Post Office,Post Office,Organisation,"I knew that I was not alone in my dealings with the Post Office, and the JFSA was set up in order to ensure that other people in the same situation as myself knew that they too were not on their own."
929,Post Office,Post Office,Organisation,"As mentioned above, there was a complete lack of support from Post Office, and I believe those in similar circumstances required support."
936,Post Office,Post Office,Organisation,"I mean, they were just another department of Post Office, as I believe it still is these days as well."
937,the Post Office,Post Office,Organisation,But why do you think they're just another department of the Post Office?
938,Post Office,Post Office,Organisation,"Well, at one time, I believe they had an office in in Post Office headquarters, but ignoring that, it depends which bit we're going."
939,Federation,Federation,Organisation,"If you go right back to the early days, the 2002s, 2003s, and when I was going to these Federation meetings, I know I attended one meeting where a subpostmaster at the back of the meeting group, he started saying, I've just had my post office taken off me."
940,Horizon,Horizon,Technical System,"I'd had problems with Horizon, all the rest."
941,Federation,Federation,Organisation,And the Federation exec— the Federation exec people who were there escorted him out the back of the place.
943,Federation,Federation,Organisation,"I know perfectly well when my contract was terminated, I went to a Federation meeting to try— well, a local branch one."
944,the National Executive Federation,the National Executive Federation,Organisation,"I went to a Federation meeting where I tried to speak on behalf of that, and there was one of the National Executive Federation members at that meeting, and he stopped— tried to stop me speaking."
945,Noel Thomas,Noel Thomas,Individual,"He refused to say this, that I should be allowed to talk about such things at the meeting, and if it hadn't been for the local chairman, who was Noel Thomas at that time, If it hadn't been for him talking and moving this chap out the way, I'd never have been able to get over what had happened to me and explain to the others."
946,Federation,Federation,Organisation,So there was an awful lot of pressure from the Federation to support Post Office.
946,Post Office,Post Office,Organisation,So there was an awful lot of pressure from the Federation to support Post Office.
947,Post Office's,Post Office,Organisation,"In fact, there is— I don't know if you're going to show it— there is correspondence from the Federation where they actually support Post Office's position in terminating my contract."
952,POL0021,POL0021,Organisation,"I think, if I can cover drive it back, it's POL0021"
955,Colin Baker,Colin Baker,Individual,"A letter to you from Colin Baker, the General Secretary of the NFSP."
958,Betty Williams,Betty Williams,Individual,"You had written a couple of letters to him, I'm not going to show now, of December 2003 and January 2004, and he notes that Betty Williams has written to Alan Layton, we've seen that."
958,Alan Layton,Alan Layton,Individual,"You had written a couple of letters to him, I'm not going to show now, of December 2003 and January 2004, and he notes that Betty Williams has written to Alan Layton, we've seen that."
959,the Royal Mail Group,the Royal Mail Group,Organisation,"He says, I can go no higher within the Royal Mail Group than Alan Layton."
959,Alan Layton,Alan Layton,Individual,"He says, I can go no higher within the Royal Mail Group than Alan Layton."
960,Parliament,Parliament,Organisation,"I'm sure that your Member of Parliament will have had as much, if not more, success than I would."
963,Post Office,Post Office,Organisation,We're not in a position to provide information regarding other subpostmasters' dealings with Post Office.
964,Horizon,Horizon,Technical System,"We're aware there are some disputes around the time that offices migrated from the manual system to the Horizon system, but we are now of the view that Horizon works well and there are no real problems with post offices which are operating the— or operated by the Horizon system."
966,Horizon,Horizon,Technical System,"Horizon works well, there are no problems with post— in post offices with it?"
968,Federation,Federation,Organisation,"I mean, the Federation always seemed to try and manage any of the problems around Horizon."
970,Horizon,Horizon,Technical System,"And there were a whole host people raising queries, delegates raising queries about Horizon during conference, and it got to such a state that they couldn't move on with conference, and conference decided to set up a separate committee to look into Horizon issues and for members to report them to them, and they would then discuss them with Post Office."
970,Post Office,Post Office,Organisation,"And there were a whole host people raising queries, delegates raising queries about Horizon during conference, and it got to such a state that they couldn't move on with conference, and conference decided to set up a separate committee to look into Horizon issues and for members to report them to them, and they would then discuss them with Post Office."
977,the Post Office,Post Office,Organisation,I think you tell us that you've been informed that the Post Office would often only allow a representative of the NFSP or a friend to sit in on interviews where suspension or termination was contemplated.
979,the Post Office,Post Office,Organisation,"And you tell us in your statement that the NFSP nearly always agreed with the Post Office and said sometimes to the post postmaster, come on, own up, tell them what you did with the money?"
983,Horizon,Horizon,Technical System,"To your knowledge, has the NFSP ever once helped a subpostmaster in any court case in which the operation of the Horizon system or the integrity of the data which it produces has been questioned?"
985,NFSP,NFSP,Organisation,To what extent did the NFSP assist in the group litigation?
987,NFSP,NFSP,Organisation,To what extent has the NFSP assisted others following the group litigation in obtaining redress?
992,Post Office,Post Office,Organisation,"You'd set up the JFSA and you tell us that from the late 2000s onwards, say from about 2009 onwards, you have spent an estimated 30 to 40 hours a week campaigning in relation to Post Office and Horizon."
992,Horizon,Horizon,Technical System,"You'd set up the JFSA and you tell us that from the late 2000s onwards, say from about 2009 onwards, you have spent an estimated 30 to 40 hours a week campaigning in relation to Post Office and Horizon."
997,the Post Office,Post Office,Organisation,"And paragraph 87 at the top, you say the challenges were faced at every step of the way since the Post Office would obstruct me."
999,the Post Office,Post Office,Organisation,You say there that challenges were faced at every step of the way since the Post Office would obstruct me.
1006,Post Office,Post Office,Organisation,"Cases used to take months and months to progress, I'm thinking of the initial mediation scheme for example, and you just felt, though they were there, were still banging your head against a brick wall to try and get anything out of them, because they were determined to protect the brand at any cost, and they didn't want anything coming out or being disclosed that might cause damage to Post Office."
1030,Ed Davey,Ed Davey,Individual,Can we turn please to correspondence with Ed Davey MP in May 2010?
1034,Computer Weekly,Computer Weekly,Organisation,"Yes, the Computer Weekly article had been written by Rebecca Thompson on the 11th of May 2009, and I think you were indeed interviewed by her as part of, um, her work."
1034,Rebecca Thompson,Rebecca Thompson,Individual,"Yes, the Computer Weekly article had been written by Rebecca Thompson on the 11th of May 2009, and I think you were indeed interviewed by her as part of, um, her work."
1038,Ed Davey,Ed Davey,Individual,Can we look then at the letter that you wrote to Ed Davey MP on the 20th of May UKGI 3016119.
1039,Postal Affairs,Postal Affairs,Organisation,"So, as we can see from the way you've addressed the letter, at the top, Minister for Postal Affairs within the Department."
1040,Business Innovation,Business Innovation,Organisation,"Of Business Innovation and Skills, sometimes called BIS."
1040,Skills,Skills,Organisation,"Of Business Innovation and Skills, sometimes called BIS."
1040,BIS,BIS,Organisation,"Of Business Innovation and Skills, sometimes called BIS."
1041,Postal Affairs,Postal Affairs,Organisation,"So I think to put his position in context there, he was the then Minister for Postal Affairs, the new government having been formed 14 days earlier on the 6th of May 2010."
1045,the Post Office,Post Office,Organisation,We're an independent group of ex and serving subpostmasters who've suffered at the hands of the Post Office and their Horizon system ever since it was first installed.
1045,Horizon,Horizon,Technical System,We're an independent group of ex and serving subpostmasters who've suffered at the hands of the Post Office and their Horizon system ever since it was first installed.
1049,Post Office,Post Office,Organisation,"In every instance, the Post Office acts as judge, jury, and executioner, and the individual is deserted by their reputed, reputed representative organization, the National Federation of Subpostmasters."
1049,the National Federation of Subpostmasters,the National Federation of Subpostmasters,Organisation,"In every instance, the Post Office acts as judge, jury, and executioner, and the individual is deserted by their reputed, reputed representative organization, the National Federation of Subpostmasters."
1050,Horizon,Horizon,Technical System,"Invariably, these cases all stem from the flows— sorry, the flaws of the Horizon system that the Post Office introduced, and which they refuse to admit has ever suffered from a single problem."
1050,the Post Office,Post Office,Organisation,"Invariably, these cases all stem from the flows— sorry, the flaws of the Horizon system that the Post Office introduced, and which they refuse to admit has ever suffered from a single problem."
1054,Horizon,Horizon,Technical System,"I'm sure you'll appreciate that there is not a single computer system that does not, from time to time, suffer from errors, especially when the size and level of complexity of the programmes associated with the Horizon system."
1055,The Post Office,Post Office,Organisation,"The Post Office blindly state that there are not, nor have there ever been, any system errors."
1060,the Post Office,Post Office,Organisation,It's only the flat refusal of the Post Office to allow experts to examine the system which is holding back this major scandal from breaking.
1061,the Post Office,Post Office,Organisation,"With the continuing— sorry, the growing numbers in JFSA and the support we're now finding from the IT community and the media, it's just a matter of time until the real truth about the Post Office and Horizon is exposed."
1061,Horizon,Horizon,Technical System,"With the continuing— sorry, the growing numbers in JFSA and the support we're now finding from the IT community and the media, it's just a matter of time until the real truth about the Post Office and Horizon is exposed."
1063,the Select Committee,the Select Committee,Organisation,"Over the years, I've personally submitted written details of all of this to the Select Committee of the DTI and then on 2 other occasions to that of BUR, and put simply, the information has either been buried or disappeared."
1063,DTI,DTI,Organisation,"Over the years, I've personally submitted written details of all of this to the Select Committee of the DTI and then on 2 other occasions to that of BUR, and put simply, the information has either been buried or disappeared."
1063,BUR,BUR,Organisation,"Over the years, I've personally submitted written details of all of this to the Select Committee of the DTI and then on 2 other occasions to that of BUR, and put simply, the information has either been buried or disappeared."
1064,the Post Office,Post Office,Organisation,Others of JFSA have followed the route of contacting their MPs who've taken the matter up with the Post Office on their behalf.
1065,the Post Office,Post Office,Organisation,"Subsequently, they're stonewalled or handled by the Post Office, often with off-the-shelf answers where they only changed the name and address."
1070,Davey,Davey,Individual,"So your letter to Mr. Davey MP provides some detail, either in the body of the letter or through cross-referencing to your website, as to the issues that subpostmasters were facing, and informs Mr. Davey that the Post Office's conduct amounted to a scandal."
1070,the Post Office's,Post Office,Organisation,"So your letter to Mr. Davey MP provides some detail, either in the body of the letter or through cross-referencing to your website, as to the issues that subpostmasters were facing, and informs Mr. Davey that the Post Office's conduct amounted to a scandal."
1074,Alan Bates,Alan Bates,Individual,"Dear Alan Bates, thank you for your letter of the 20th of May requesting a meeting."
1075,the Royal Mail,the Royal Mail,Organisation,"Since 2001, when the Royal Mail, which includes Post Office Limited, was set up as a public limited company with the government as its only shareholder, government has adopted an arm's-length relationship with the company."
1075,Post Office Limited,Post Office Limited,Organisation,"Since 2001, when the Royal Mail, which includes Post Office Limited, was set up as a public limited company with the government as its only shareholder, government has adopted an arm's-length relationship with the company."
1077,Post Office,Post Office,Organisation,"The integrity of the Post Office system is an operational and contractual matter for the Post Office and not government, and whilst I do appreciate your concerns and those of Alliance members, I do not believe that a meeting would serve any useful purpose."
1077,Alliance,Alliance,Organisation,"The integrity of the Post Office system is an operational and contractual matter for the Post Office and not government, and whilst I do appreciate your concerns and those of Alliance members, I do not believe that a meeting would serve any useful purpose."
1078,the Post Office,Post Office,Organisation,You tell us in your witness statement that you took offence at the term arm's length to describe the role that the government played in relation to overseeing and monitoring the Post Office.
1082,Post Office,Post Office,Organisation,"In fact, government were pumping huge amounts of money into Post Office year after year."
1085,ITV,ITV,Organisation,"Not nowadays, they're a bit more interested these days, but I mean at that time to try and get government to take it on board seriously— Before a 4-part drama on ITV?"
1086,Shoesmiths,Shoesmiths,Organisation,"Well, no, in fairness, yes, the drama is great, it did a lot for us, but I mean we've had enormous cross-party support from many MPs over the years, some of whom I think you'll see shortly, but I mean, the time this letter was written was in 2010, and I think at that time we were involved with a firm called Shoesmiths, a law firm called Shoesmiths, and there had been a number of meetings bringing people together, and in fact Shoesmiths had been working with the MPs, so we were growing a body, we were growing an interest, And a number of the other MPs were finding their own constituents who'd had problems, subpostmaster problems."
1089,Ed Davey,Ed Davey,Individual,"I mean, you show me this letter from Ed Davey and I don't know what your script is, but I'm more concerned about another letter that came in response from a letter I wrote to Ed Davey, and I'm not sure whether you're going to go to that."
1091,Davey,Davey,Individual,"You tell us in your witness statement— I'm not going to turn it up, it's paragraph 104— that this response from Mr. Davey was disappointing because he had not taken account of anything which you had said in your letter and indeed appeared to be a standard template form of response, is that correct?"
1100,the Post Office,Post Office,Organisation,You can listen to your civil servants telling you that these are really an operational matter for the Post Office to deal with.
1101,Post Office,Post Office,Organisation,"You can even listen to the Post Office telling you Horizon is wonderful, that there's never ever been a problem, it is inherently robust, and these are just a few malcontents trying to cause trouble."
1101,Horizon,Horizon,Technical System,"You can even listen to the Post Office telling you Horizon is wonderful, that there's never ever been a problem, it is inherently robust, and these are just a few malcontents trying to cause trouble."
1102,Horizon,Horizon,Technical System,"Or you can meet and hear us— sorry, you can meet with us and hear the real truth behind Horizon and what the Post Office is actually up to."
1102,the Post Office,Post Office,Organisation,"Or you can meet and hear us— sorry, you can meet with us and hear the real truth behind Horizon and what the Post Office is actually up to."
1103,the Post Office,Post Office,Organisation,Your civil servants in the Post Office will not tell you about Post Office staff harassing sick ex-subpostmasters demanding written promises of money or they'll send the police around.
1104,Post Office,Post Office,Organisation,"They won't tell you that the Post Office watches post offices heading into trouble, fails to provide any help, and then waits until the problem shows a loss of £20,000 plus so that the subpostmaster then falls foul of the Proceeds of Crime Act."
1104,the Proceeds of Crime Act,the Proceeds of Crime Act,Organisation,"They won't tell you that the Post Office watches post offices heading into trouble, fails to provide any help, and then waits until the problem shows a loss of £20,000 plus so that the subpostmaster then falls foul of the Proceeds of Crime Act."
1105,Post Office,Post Office,Organisation,"They won't tell you that when someone wants to sell their post office and has a suitable buyer, Post Office will turn down the applicant to drive that business into the ground."
1107,the Post Office,Post Office,Organisation,"Neither will they tell you of the cases where the Post Office have run an audit, closed the post office, bankrupting the owner who loses his business, house, and family, holds a pending court case over him for 18 months, then drops the charges and walks away."
1108,Post Office,Post Office,Organisation,Nor will they tell you tell all about how they are stopping subpostmasters selling on the Post Office side of their business in order to recover the original investment.
1109,the Post Office,Post Office,Organisation,"They won't even tell you the Post Office— sorry, that the Horizon system is designed to entrap subpostmasters so that they can easily finish up in prison just by trying to open up the day after a trading period balance."
1109,Horizon,Horizon,Technical System,"They won't even tell you the Post Office— sorry, that the Horizon system is designed to entrap subpostmasters so that they can easily finish up in prison just by trying to open up the day after a trading period balance."
1112,Horizon,Horizon,Technical System,Yet their shoddy Horizon system is the root cause of all of this.
1113,Post Office,Post Office,Organisation,"Post Office themselves lose thousands of pounds from each of the Crown offices that they run using Horizon, though their staff are not treated as guilty until proven innocent, but a subpostmaster is."
1113,Crown,Crown,Organisation,"Post Office themselves lose thousands of pounds from each of the Crown offices that they run using Horizon, though their staff are not treated as guilty until proven innocent, but a subpostmaster is."
1113,Horizon,Horizon,Technical System,"Post Office themselves lose thousands of pounds from each of the Crown offices that they run using Horizon, though their staff are not treated as guilty until proven innocent, but a subpostmaster is."
1115,Davey,Davey,Individual,"It seems that following your letter, Mr. Davey agreed to a meeting."
1117,Davey,Davey,Individual,"Um, at paragraph 105 of your witness statement— there's no need to turn it up— you confirm that you attended a meeting with Mr. Davey on or about the 7th of October, and you tell us that you don't in fact have a note of the meeting and can't recall details of the meeting."
1121,Horizon,Horizon,Technical System,"It's dated, as you'll see, the 5th of October 2010, and the purpose of the document is a rescheduled meeting with you on the 7th of October to discuss the JFSA's claims that endemic flaws in the Horizon system have resulted in a number of subpostmasters having their contracts wrongly terminated and in many cases prosecuted for false accounting."
1123,Channel 4,Channel 4,Organisation,"It sets out the background to the meeting, recalling the history of your 2 letters, describing the second as being more confrontational, and then it says that— this is the 4th line of that paragraph— that letter was followed by that Channel 4 were planning to run a news item on the JFSA campaign."
1123,JFSA,JFSA,Organisation,"It sets out the background to the meeting, recalling the history of your 2 letters, describing the second as being more confrontational, and then it says that— this is the 4th line of that paragraph— that letter was followed by that Channel 4 were planning to run a news item on the JFSA campaign."
1124,Post Office,Post Office,Organisation,"We then recommended offering a meeting in response to this second request— that's the letter we've just read— quote, for presentational reasons against the background of potential publicity playing heavily on government minister, quote, refusing to meet victims of government-owned Post Office Horizon system, which has systemic faults resulting in wrongful accusations of theft and false accounting, end quote."
1125,Davey,Davey,Individual,"So this records that the recommendation to Mr. Davey was that he should offer to attend a meeting for presentational reasons against the background of potential publicity, i.e., the Channel 4 news item."
1125,Channel 4,Channel 4,Organisation,"So this records that the recommendation to Mr. Davey was that he should offer to attend a meeting for presentational reasons against the background of potential publicity, i.e., the Channel 4 news item."
1126,Davey,Davey,Individual,"When you attended the meeting, can you recall whether Mr Davey appeared to engage with the substance of the issues that you were raising?"
1131,Davis,Davis,Individual,"If we scroll on, on the briefing note for Mr Davis— sorry, Mr Davey— it sets out the objectives."
1132,Post Office,Post Office,Organisation,"He's to seek to establish at a very early stage whether legal action against Post Office is imminent or planned, and it will be prudent to adopt a sub judice approach in the comments you make."
1135,the Post Office,Post Office,Organisation,Establish whether the JFSA is committed or planning to initiate action against the Post Office.
1136,JFA,JFA,Organisation,Note that it will be for the relevant legal process to decide on the JFA case.
1137,Horizon,Horizon,Technical System,"Demonstrate you're prepared to hear the JFSA's side of the story, but make it clear you're not in a position to offer substantive comment, and avoid committing to setting up an independent or external review of Horizon."
1140,Mr Davey,Mr Davey,Organisation,"To your mind, was Mr Davey aware at the conclusion of your meeting that a scandal, in your view, had taken place and was in the process of still taking place?"
1142,the Post Office,Post Office,Organisation,"Did Mr Davey alter the position that he had set out in the letter, that the government enjoyed an arm's length relationship with the Post Office in the light of the concerns that you had raised?"
1149,Davey,Davey,Individual,Did you walk away from the meeting with Mr. Davey having said that he was going to do anything at all?
1154,Horizon,Horizon,Technical System,"Looking at the way that the Horizon scandal developed, what view do you take of the arm's-length approach that the government took in relation to its oversight of the Post Office?"
1154,the Post Office,Post Office,Organisation,"Looking at the way that the Horizon scandal developed, what view do you take of the arm's-length approach that the government took in relation to its oversight of the Post Office?"
1155,Ed Davey's,Ed Davey's,Individual,"I think it should have been involved or got involved far earlier on, and in fact I don't want to preempt where you're going, but there was, I think, one of the responses I think I got from Ed Davey's office at a later time, which— oh no, it might have been a different minister, sorry, I may be jumping the gun."
1157,Shoesmiths,Shoesmiths,Organisation,"But the— and to inform them that 4 letters of intent had been issued by the lawyers, Shoesmiths, at that time."
1160,Pat McFadden,Pat McFadden,Individual,"Throughout your statement you refer to the responses of government ministers across the years, Pat McFadden, Ed Davey, Norman Lamb, Jo Swinson and others, on being repeatedly informed about the concerns of subpostmasters and Crown Office employees, the formation of the JFSA and indeed the GLO, in which they say that the Post Office is an arm's-length body, that the matters raised were matters for the Post Office to deal with and that the Post Office was independent of government?"
1160,Ed Davey,Ed Davey,Individual,"Throughout your statement you refer to the responses of government ministers across the years, Pat McFadden, Ed Davey, Norman Lamb, Jo Swinson and others, on being repeatedly informed about the concerns of subpostmasters and Crown Office employees, the formation of the JFSA and indeed the GLO, in which they say that the Post Office is an arm's-length body, that the matters raised were matters for the Post Office to deal with and that the Post Office was independent of government?"
1160,Norman Lamb,Norman Lamb,Individual,"Throughout your statement you refer to the responses of government ministers across the years, Pat McFadden, Ed Davey, Norman Lamb, Jo Swinson and others, on being repeatedly informed about the concerns of subpostmasters and Crown Office employees, the formation of the JFSA and indeed the GLO, in which they say that the Post Office is an arm's-length body, that the matters raised were matters for the Post Office to deal with and that the Post Office was independent of government?"
1160,Jo Swinson,Jo Swinson,Individual,"Throughout your statement you refer to the responses of government ministers across the years, Pat McFadden, Ed Davey, Norman Lamb, Jo Swinson and others, on being repeatedly informed about the concerns of subpostmasters and Crown Office employees, the formation of the JFSA and indeed the GLO, in which they say that the Post Office is an arm's-length body, that the matters raised were matters for the Post Office to deal with and that the Post Office was independent of government?"
1160,Crown Office,Crown Office,Organisation,"Throughout your statement you refer to the responses of government ministers across the years, Pat McFadden, Ed Davey, Norman Lamb, Jo Swinson and others, on being repeatedly informed about the concerns of subpostmasters and Crown Office employees, the formation of the JFSA and indeed the GLO, in which they say that the Post Office is an arm's-length body, that the matters raised were matters for the Post Office to deal with and that the Post Office was independent of government?"
1160,GLO,GLO,Organisation,"Throughout your statement you refer to the responses of government ministers across the years, Pat McFadden, Ed Davey, Norman Lamb, Jo Swinson and others, on being repeatedly informed about the concerns of subpostmasters and Crown Office employees, the formation of the JFSA and indeed the GLO, in which they say that the Post Office is an arm's-length body, that the matters raised were matters for the Post Office to deal with and that the Post Office was independent of government?"
1160,the Post Office,Post Office,Organisation,"Throughout your statement you refer to the responses of government ministers across the years, Pat McFadden, Ed Davey, Norman Lamb, Jo Swinson and others, on being repeatedly informed about the concerns of subpostmasters and Crown Office employees, the formation of the JFSA and indeed the GLO, in which they say that the Post Office is an arm's-length body, that the matters raised were matters for the Post Office to deal with and that the Post Office was independent of government?"
1162,Post Office,Post Office,Organisation,"and I hold the civil service more to blame in a lot of these instances, why things never progressed at the time, because I'm sure between them and Post Office briefing ministers, they were briefing them in the direction they wanted to brief them in, not that was for the benefit benefit of the group or the individuals in there, because of the positions that they felt they were in and that should be taken at that time."
1166,the Post Office,Post Office,Organisation,"You tell us, finally before lunch, in paragraph 298 of your witness statement, that around this point, the point being after the settlement of the group litigation, the government abandoned the line that this was all a matter for the Post Office and moved on to the new line that it had been misled by the Post Office."
1169,Bates,Alan Bates,Individual,"Thank you very much, Mr Bates."
263,Post Office,Post Office,Organisation,"Talking of which, you ran a post office in North Wales."
265,Post Office,Post Office,Organisation,What was the name of the post office and in which town was it?
266,Post Office,Post Office,Organisation,It's Craigadon Post Office in Llandudno.
268,Post Office,Post Office,Organisation,Craigadon Post Office in Llandudno.
269,Post Office,Post Office,Organisation,"And what kind of post office— I see, okay."
270,Post Office,Post Office,Organisation,What kind of post office was it?
275,Post Office,Post Office,Organisation,"But more importantly, we actually saw it as a big potential to grow the post office business, and we brought it right to the front of the building and with a large queuing area for people."
277,Post Office,Post Office,Organisation,"And, um, so we invested quite heavily in developing the post office, and that was at the time Horizon came in."
282,Post Office,Post Office,Organisation,"Um, about your decision to become a subpostmaster, your decision to pick this post office, your hopes and aspirations, and the process by which you applied and by which your application was approved."
302,Post Office,Post Office,Organisation,"And the planned visits that you made, and indeed some unannounced visits that you made, to the post office in question as part of your due diligence."
343,Post Office,Post Office,Organisation,"However, I did not expect there to be any apparent discrepancies shown on the system that I was unable to identify the cause of and resolve, either by myself or with support or information from Post Office Limited."
434,Post Office,Post Office,Organisation,"Having spoken to the local branch secretary of the Federation of Subpostmasters on these problems, and realizing the problems I'm experiencing are being found by others around the country, I do not— I really do not believe it would be unreasonable for Post Office Network to hold me liable for losses on the cash account until such time as 100% guarantee can be given about the accuracy of Horizon."
468,Post Office,Post Office,Organisation,"When I signed my contract with Post Office Counters, I did not sign to accept the liabilities arising from the shortcomings of a less than adequate Horizon system."
469,Post Office,Post Office,Organisation,All liabilities from such a system are clearly the responsibility of Post Office Limited or ICL Pathway.
716,Post Office,Post Office,Organisation,That first paragraph: I'm writing to you with regard to a letter I've just received from Post Office Limited giving me formal notification of their decision to terminate my subpostmaster contract.
717,Post Office,Post Office,Organisation,"As chairman of the group responsible for Post Office Limited, I thought important that you should be aware of what is being undertaken in your name."
733,Post Office,Post Office,Organisation,I do realise it is imperative for as many people as possible to have an opportunity to see in detail the management style applied by Royal Mail Group to the very public face of the local post office.
735,Post Office,Post Office,Organisation,With an issue that could bankrupt every sub-post office in the country.
785,Post Office,Post Office,Organisation,I feel you should be aware that use of the Post Office Limited's imagery on your website may constitute trademark infringement.
807,Post Office,Post Office,Organisation,"So far as you know, was the data that you are speaking about in these paragraphs that you needed access to in order to understand the cause of an apparent shortfall or an over common to all cases in sub-post offices that you later came across, i.e., that no one could actually in the post office branch get access to the data they needed to see what had happened?"
939,Post Office,Post Office,Organisation,"If you go right back to the early days, the 2002s, 2003s, and when I was going to these Federation meetings, I know I attended one meeting where a subpostmaster at the back of the meeting group, he started saying, I've just had my post office taken off me."
1075,Post Office,Post Office,Organisation,"Since 2001, when the Royal Mail, which includes Post Office Limited, was set up as a public limited company with the government as its only shareholder, government has adopted an arm's-length relationship with the company."
50,Horizon,Horizon,Technical System,"The relevant issues including reviews of Horizon carried out by Ernst Young, Deloitte, KPMG, and Linklaters."
233,the system,the system,Technical System,But I found it a bit frustrating once the system was installed and we were operating.
234,the system,the system,Technical System,"I found there were many shortcomings in the system, and knowing what these systems could do, it just seemed a bit of a lost opportunity."
277,Horizon,Horizon,Technical System,"And, um, so we invested quite heavily in developing the post office, and that was at the time Horizon came in."
343,the system,the system,Technical System,"However, I did not expect there to be any apparent discrepancies shown on the system that I was unable to identify the cause of and resolve, either by myself or with support or information from Post Office Limited."
346,the system,the system,Technical System,"Just going back to what you say on the previous page, you say in the 3rd line, I didn't expect there to be any apparent discrepancies shown on the system that you were unable to identify the cause of and resolve."
349,the system,the system,Technical System,"There are a variety of ways of interrogating systems and the data on the systems, and I presumed that the system would enable you to do that at the outset."
350,Horizon,Horizon,Technical System,"But I mean, in previous roles, before Post Office, I'd used something like Crystal Reports on software packages to extract information using certain parameters in there, but there was very little flexibility in Horizon, as I saw it at that time, for reports that you could control the parameters of your searches for."
351,the system,the system,Technical System,"There were a set of reports, do not get me wrong, there were a set that were already built into the system, but they were quite restrictive in there and it did seem to cause problems."
357,Horizon,Horizon,Technical System,And this is what the Post Office said: it would not be right to infer or presume that a shortfall and loss was caused instead by a bug or error in Horizon.
371,the system,the system,Technical System,"Yes, and it was only a number of weeks after the system had gone live."
374,the system,the system,Technical System,"We're now talking about the 13th of December, so 2 months or so after the system had been installed, this variance arose?"
393,the system,the system,Technical System,"No, and the other impression I got is they couldn't access the system any further than I could at that time."
403,Horizon,Horizon,Technical System,"However, I was unable to track these potentially smaller sums in the absence of proper reporting functions on horizon."
425,PEAK,PEAK,Technical System,"The whole of that afternoon was spent making a number of phone calls to the different helplines, one of almost 1 hour long, and kept 2 of the 3 terminals producing nothing but reports at a peak trading time when we had queues out of the door."
435,Horizon,Horizon,Technical System,"I've been hoping to leave any comments in writing about Horizon until the office is quieter in January, and then write a detailed submission about the costs we've incurred with it— around £1,000— the problems with the counter, staff working with money and stamp books on chairs or on the shelf behind them, the very poor layout of the screen and menus, the slowness of the printers, the lack of report-writing facilities."
438,the system,the system,Technical System,Please do not think that I'm being nothing but negative about the system.
474,Horizon,Horizon,Technical System,"No reason was given But I've since seen a copy of a, quote, write-off authority voucher disclosed by the Post Office, which gives the reason for the write-off as, quote, disputed Horizon Cash account shortage."
516,Horizon,Horizon,Technical System,"In any event, there existed a form in which a loss could be authorised to be written off on the grounds that the subpostmaster said the loss was attributable to horizon?"
556,the system,the system,Technical System,"But no, I never actually reset or zeroed the system, but I just kept rolling through the shortages and losses."
577,the system,the system,Technical System,"As I've written previously, the totally inadequate report system has been made so complex it lacks the ability to interrogate the system when you know the information is inside."
656,Horizon,Horizon,Technical System,This is a presentation on Horizon Integrity prepared by Dave Smith.
737,the system,the system,Technical System,"Is that a reference to the auditability or visibility, the reporting function available to subpostmasters on the system?"
765,the system,the system,Technical System,"I had 2 people visit to try and assist with balancing, but they could access the system no further than I could, so there was absolutely no help at all."
770,the system,the system,Technical System,"But was the system installed at your branch, to your knowledge, reviewed and interrogated?"
796,the system,the system,Technical System,"We asked you a question, what data you believe you needed to access in order to determine the cause of discrepancies in the Horizon-generated branch accounts, and you say, I required access to all data, even in a read-only format, held on the system in relation to all input by me and my staff, which happened at the branch."
798,Horizon,Horizon,Technical System,"I had no real way of checking information held in Horizon that came from Post Office itself or from its clients such as Camelot, or indeed the way in which those had been reconciled with transactions in the branch."
968,Horizon,Horizon,Technical System,"I mean, the Federation always seemed to try and manage any of the problems around Horizon."
1060,the system,the system,Technical System,It's only the flat refusal of the Post Office to allow experts to examine the system which is holding back this major scandal from breaking.
1124,Horizon,Horizon,Technical System,"We then recommended offering a meeting in response to this second request— that's the letter we've just read— quote, for presentational reasons against the background of potential publicity playing heavily on government minister, quote, refusing to meet victims of government-owned Post Office Horizon system, which has systemic faults resulting in wrongful accusations of theft and false accounting, end quote."
356,error,error,Event/Issue,"You say that you've been referred to a part of the Post Office's defence and to its defence and counterclaim, and you say that you understand from this that the Post Office's case for the purposes of the common issues trial is, quote, that losses do not arise in the ordinary course of things without fault or error on the part of subpostmasters and their assistants."
357,bug,bug,Event/Issue,And this is what the Post Office said: it would not be right to infer or presume that a shortfall and loss was caused instead by a bug or error in Horizon.
357,error,error,Event/Issue,And this is what the Post Office said: it would not be right to infer or presume that a shortfall and loss was caused instead by a bug or error in Horizon.
357,shortfall,shortfall,Event/Issue,And this is what the Post Office said: it would not be right to infer or presume that a shortfall and loss was caused instead by a bug or error in Horizon.
358,shortfall,shortfall,Event/Issue,"And, quote, that the truth of whether a shortfall did or did not result from losses for which the subpostmaster was responsible, quote, lies peculiarly within the knowledge of subpostmasters as the person with the responsibility for branch operation and the conduct of transactions in branches."
361,shortfalls,shortfall,Event/Issue,"You say, I didn't expect there to be any apparent shortfalls."
366,shortfall,shortfall,Event/Issue,"You were therefore dependent, you say, upon the Post Office for this sort of information and therefore in order to ascertain determine the cause of any apparent shortfall and whether it was in fact a real loss."
401,shortfall,shortfall,Event/Issue,"You say, using the limited reports you were able to print, you ascertained that around £5,000 of the alleged shortfall related to gyro items that had become wrongly duplicated on Horizon These reports were in the form of lengthy multi-line narrow till receipts and were many metres long, making them difficult to review in any event."
402,errors,error,Event/Issue,"At the time, I believed that a majority of the remaining alleged shortfall, being £1,182.81, was also attributable to gyro errors."
402,shortfall,shortfall,Event/Issue,"At the time, I believed that a majority of the remaining alleged shortfall, being £1,182.81, was also attributable to gyro errors."
404,shortfall,shortfall,Event/Issue,"Therefore, far from being within my knowledge, I was unable to ascertain the root cause of the apparent shortfall at all."
407,suspense account,suspense account,Event/Issue,"In the absence of a proper response from the Post Office, I carried out— I carried over the apparent shortfall from that week's cash account to the following week's cash account by transferring it to a suspense account which was visible to the Post Office."
407,shortfall,shortfall,Event/Issue,"In the absence of a proper response from the Post Office, I carried out— I carried over the apparent shortfall from that week's cash account to the following week's cash account by transferring it to a suspense account which was visible to the Post Office."
431,error,error,Event/Issue,"It may well be a gyro system error, as might be the previous week's 40915 shortage, or it may be something else."
462,shortfall,shortfall,Event/Issue,So now over a year has passed and you're writing to the Post Office about this long-in-the-tooth alleged shortfall.
463,suspense account,suspense account,Event/Issue,"And you say, as you're aware, the cash account for this office is still showing an amount of £104,186 in the suspense account."
464,errors,error,Event/Issue,"This cumulative figure was placed in the suspense account towards the end of 2000, and I have no doubt at all that it was due to errors in the Horizon system over a number of weeks at that time."
464,suspense account,suspense account,Event/Issue,"This cumulative figure was placed in the suspense account towards the end of 2000, and I have no doubt at all that it was due to errors in the Horizon system over a number of weeks at that time."
477,discrepancy,discrepancy,Event/Issue,"I also take from the fact that the Post Office was willing to write off the considerable apparent discrepancy I disputed that my complaints were valid and that the Post Office was aware that was the case and wished to avoid the controversy on this matter, given that I was willing to assert my legal rights."
487,suspense account,suspense account,Event/Issue,"To the value of the amount which has been cleared from my suspense account, and the voucher has been cleared in the appropriate manner in the cash account number— week number, I'm sorry."
488,suspense account,suspense account,Event/Issue,"Was that amount, 104,186, actually cleared out of your suspense account, so you went back to zero in balancing terms?"
490,shortfall,shortfall,Event/Issue,So it didn't remain there after a shortfall which you were required to roll over?
527,suspense account,suspense account,Event/Issue,"We've heard from some Post Office staff, the evidence of Susan Harding springs to mind, particularly to me, that the Post Office believed that the suspense account was used by subpostmasters to cover up theft and fraud."
528,suspense account,suspense account,Event/Issue,"Your evidence is that you were being transparent from an early stage in the life of Horizon in your complaints about Horizon discrepancies, about the use of the suspense account to hold over disputed sums whilst continued— whilst continuing to assert that the money wasn't owed and ought not to be made good."
533,shortfalls,shortfall,Event/Issue,"I think after this write-off there continued to be some shortages, shortfalls shown on Horizon, is that right?"
542,suspense account,suspense account,Event/Issue,"Did it remain the case, however, that a sum just over £1,000 was carried as a shortage in the suspense account?"
555,error,error,Event/Issue,"So, and often some of these where there had been an error might come back in a week or 2 weeks or something of that sort of time, or it could be a lot longer, when the actual error was discovered elsewhere and it can be corrected."
580,shortfall,shortfall,Event/Issue,"But did this exchange of correspondence, the new-ish, I think, retail line manager raising the issue, requiring you to make good the shortfall, to cease the practice, ultimately led— lead to your contract being terminated?"
598,error,error,Event/Issue,"You refer me to Section 12 of the contract, and rather than what he has suggested to you, you're liable to repay all losses, you point out that Section 12 fact states the subpostmaster is responsible for all losses caused through his own negligence, carelessness, or error, and also for losses of all kinds caused by his assistants."
634,shortfalls,shortfall,Event/Issue,"You'd been rolling over other shortfalls and surpluses since then with Post Office knowledge, and then this arrives."
683,errors,error,Event/Issue,"I've little doubt that the reason for my termination is that I had not only uncovered limitations and potential errors with the Horizon system, but that I continued to question the Post Office on the contractual relationship between subpostmasters and the Post Office."
691,glitch,glitch,Event/Issue,There's a slight glitch with the transcription service which I think means we need to take 20 minutes rather than our usual 15.
807,shortfall,shortfall,Event/Issue,"So far as you know, was the data that you are speaking about in these paragraphs that you needed access to in order to understand the cause of an apparent shortfall or an over common to all cases in sub-post offices that you later came across, i.e., that no one could actually in the post office branch get access to the data they needed to see what had happened?"
975,shortfall,shortfall,Event/Issue,"To your knowledge, what role did the NFSP play in assisting other subpostmasters when it was alleged against the subpostmaster that they had a shortfall?"
1006,mediation scheme,mediation scheme,Event/Issue,"Cases used to take months and months to progress, I'm thinking of the initial mediation scheme for example, and you just felt, though they were there, were still banging your head against a brick wall to try and get anything out of them, because they were determined to protect the brand at any cost, and they didn't want anything coming out or being disclosed that might cause damage to Post Office."
1053,error,error,Event/Issue,"If required, though an independent external investigation instigated at ministerial level would be most appropriate and would, without doubt, easily find evidence of the error-ridden system."
1054,errors,error,Event/Issue,"I'm sure you'll appreciate that there is not a single computer system that does not, from time to time, suffer from errors, especially when the size and level of complexity of the programmes associated with the Horizon system."
1055,errors,error,Event/Issue,"The Post Office blindly state that there are not, nor have there ever been, any system errors."
1107,audit,audit,Event/Issue,"Neither will they tell you of the cases where the Post Office have run an audit, closed the post office, bankrupting the owner who loses his business, house, and family, holds a pending court case over him for 18 months, then drops the charges and walks away."
